Time	avg(Block size (kB)) â€“ Ethereum
30.07.2015	643.87109375
31.07.2015	582.0279761037447
01.08.2015	575.1641791044776
02.08.2015	580.8786860768944
03.08.2015	587.1123106060606
04.08.2015	586.9698211624441
05.08.2015	578.945558739255
06.08.2015	583.6708365910868
07.08.2015	632.6253613412989
08.08.2015	667.5947488584475
09.08.2015	618.2980675385517
10.08.2015	631.1861084681256
11.08.2015	692.0140151515152
12.08.2015	653.4264246682279
13.08.2015	665.7222852818767
14.08.2015	659.751420210019
15.08.2015	638.3351913786696
16.08.2015	640.6537412314887
17.08.2015	634.7076865532074
18.08.2015	648.4882780921585
19.08.2015	653.3210708782742
20.08.2015	650.0931908548707
21.08.2015	667.5852987421383
22.08.2015	648.0377537469171
23.08.2015	680.5922601236784
24.08.2015	672.5474537037037
25.08.2015	679.72984108299
26.08.2015	668.6524085548671
27.08.2015	707.929056924384
28.08.2015	690.880077369439
29.08.2015	682.0364980364981
30.08.2015	688.9364620938628
31.08.2015	730.6513828238719
01.09.2015	741.2826307770442
02.09.2015	766.2815208275091
03.09.2015	755.390481820869
04.09.2015	762.3567409408057
05.09.2015	752.8949400528348
06.09.2015	733.4594214543994
07.09.2015	752.5999172527927
08.09.2015	759.3871622994109
09.09.2015	764.6240317775571
10.09.2015	729.939636218269
11.09.2015	735.9089671270181
12.09.2015	761.4233983286908
13.09.2015	763.5612552806276
14.09.2015	771.1700680272108
15.09.2015	755.3246592317224
16.09.2015	738.5984665052462
17.09.2015	753.3924708818636
18.09.2015	784.6755982818572
19.09.2015	734.6896415911776
20.09.2015	765.9624882186616
21.09.2015	778.8344827586207
22.09.2015	806.9829736685805
23.09.2015	784.0600193610842
24.09.2015	781.6510655247959
25.09.2015	767.0530628170113
26.09.2015	764.7290060851927
27.09.2015	724.7261680284936
28.09.2015	755.2131701139722
29.09.2015	762.1808189655172
30.09.2015	741.8953121715367
01.10.2015	740.8840690978886
02.10.2015	773.0676647870893
03.10.2015	768.6513689186528
04.10.2015	775.8409742120344
05.10.2015	771.40946296666
06.10.2015	781.0230961298377
07.10.2015	808.1430855315747
08.10.2015	788.7191381987577
09.10.2015	779.3384301732925
10.10.2015	777.7898284313726
11.10.2015	748.1983047506407
12.10.2015	787.4630924630925
13.10.2015	817.9530148786217
14.10.2015	791.1678151601135
15.10.2015	824.1496142915145
16.10.2015	826.8799918083146
17.10.2015	787.8924050632911
18.10.2015	812.0784630940344
19.10.2015	801.9077386934673
20.10.2015	770.0194388777555
21.10.2015	774.135871743487
22.10.2015	782.1855222337125
23.10.2015	817.5238457153714
24.10.2015	770.572809901373
25.10.2015	750.6108712715856
26.10.2015	765.4883863080685
27.10.2015	814.7959770114943
28.10.2015	808.0394604388968
29.10.2015	814.3799922450562
30.10.2015	780.9482033639143
31.10.2015	811.9364398518229
01.11.2015	783.4968980224893
02.11.2015	779.1839171974523
03.11.2015	844.0580137659783
04.11.2015	762.3270243902439
05.11.2015	813.3948657652361
06.11.2015	812.0178918708674
07.11.2015	1004.8185696871191
08.11.2015	1015.0850428201553
09.11.2015	785.9363057324841
10.11.2015	833.8094201464477
11.11.2015	1044.147971360382
12.11.2015	874.0563102973026
13.11.2015	807.736471967181
14.11.2015	937.519602106495
15.11.2015	797.409624639076
16.11.2015	782.0238142488589
17.11.2015	762.2289366647298
18.11.2015	773.7818719211823
19.11.2015	881.9031545107495
20.11.2015	814.1808938784156
21.11.2015	831.7807348560079
22.11.2015	815.5076252723312
23.11.2015	862.7239143250148
24.11.2015	828.4241151769646
25.11.2015	806.9827935222672
26.11.2015	784.1139676113361
27.11.2015	789.8579435639737
28.11.2015	773.8875798722045
29.11.2015	776.2574257425742
30.11.2015	863.6964566929133
01.12.2015	847.2627018511225
02.12.2015	819.2162106135987
03.12.2015	778.2174831892411
04.12.2015	803.6234025559105
05.12.2015	835.3669596484219
06.12.2015	876.7820069204153
07.12.2015	774.7205793602897
08.12.2015	771.0154754632458
09.12.2015	778.8728878648234
10.12.2015	820.1415241057542
11.12.2015	884.3399841959699
12.12.2015	916.288219070134
13.12.2015	844.6327651515152
14.12.2015	1752.0964192838567
15.12.2015	1834.3400394477317
16.12.2015	1215.560016057808
17.12.2015	1053.0719367588933
18.12.2015	1057.0390438247011
19.12.2015	1009.203056768559
20.12.2015	1103.4143925611481
21.12.2015	1171.588223472669
22.12.2015	2045.151296549035
23.12.2015	1543.8057511737088
24.12.2015	1292.0693503387804
25.12.2015	1041.7507874015748
26.12.2015	1073.8059552358113
27.12.2015	1575.2863690713432
28.12.2015	1238.8886046053926
29.12.2015	1199.6755671551898
30.12.2015	1563.9047334924423
31.12.2015	1057.3361111111112
01.01.2016	884.5981576253838
02.01.2016	953.5603532875368
03.01.2016	955.0461628359953
04.01.2016	981.3143642072214
05.01.2016	1395.8281310963714
06.01.2016	1552.5
07.01.2016	1549.6729572375025
08.01.2016	1079.7755023183927
09.01.2016	1209.3857619141008
10.01.2016	1043.7111721971332
11.01.2016	1058.0789112982181
12.01.2016	1093.8381338742392
13.01.2016	1423.2459016393443
14.01.2016	1061.897445972495
15.01.2016	1006.2193154996066
16.01.2016	967.3799048751487
17.01.2016	886.5722795869738
18.01.2016	1056.6766561514196
19.01.2016	1106.7258648431214
20.01.2016	958.949186184994
21.01.2016	943.536772113641
22.01.2016	1027.371679648492
23.01.2016	905.7595373376623
24.01.2016	992.8713235294117
25.01.2016	1334.9119032985045
26.01.2016	1228.3260869565217
27.01.2016	1566.1380694360828
28.01.2016	1424.1545760031627
29.01.2016	1307.506524794218
30.01.2016	1179.0801275662748
31.01.2016	1135.3866995073893
01.02.2016	1080.6939182452643
02.02.2016	1077.2785065590313
03.02.2016	1059.5804962492787
04.02.2016	1086.6635717107863
05.02.2016	1116.8517637732857
06.02.2016	1677.5446160016043
07.02.2016	1025.9807352073915
08.02.2016	1033.5673437191876
09.02.2016	1032.3430267062315
10.02.2016	1106.378552711147
11.02.2016	1279.6393703925085
12.02.2016	1170.5340751043116
13.02.2016	1222.0914981346946
14.02.2016	1139.9569138276554
15.02.2016	1126.8170854271357
16.02.2016	1127.9303482587065
17.02.2016	1265.1762404776612
18.02.2016	1109.4748949789957
19.02.2016	1156.661831909398
20.02.2016	1046.282914274401
21.02.2016	1050.743422354105
22.02.2016	1090.2872819909858
23.02.2016	1117.0579593479574
24.02.2016	1108.8270033803938
25.02.2016	1113.9760140405617
26.02.2016	1288.8714144411474
27.02.2016	1101.8922275641025
28.02.2016	1091.1889043547426
29.02.2016	1175.3846473029046
01.03.2016	1156.5112826603327
02.03.2016	1198.6116791191507
03.03.2016	1248.445751894695
04.03.2016	1249.1351621946335
05.03.2016	1314.407940833009
06.03.2016	1365.8176074994906
07.03.2016	1217.7266215678471
08.03.2016	1242.1289615307953
09.03.2016	1279.4692323110844
10.03.2016	1221.5444572748268
11.03.2016	1210.995064165844
12.03.2016	1384.6022297431814
13.03.2016	1392.0977632086388
14.03.2016	1501.314017227878
15.03.2016	1317.722027094832
16.03.2016	1316.425726141079
17.03.2016	1421.2222952975994
18.03.2016	1403.0640724589064
19.03.2016	1494.0396251233146
20.03.2016	1445.8357391737184
21.03.2016	1497.7746079412746
22.03.2016	1514.4617031790478
23.03.2016	1529.4933043187145
24.03.2016	1861.7372561875102
25.03.2016	1621.2481041872734
26.03.2016	1537.7796554552913
27.03.2016	1260.761660602051
28.03.2016	1567.6601100183364
29.03.2016	1389.4712146422628
30.03.2016	1572.471473457913
31.03.2016	1405.3876432486297
01.04.2016	1492.6359151455354
02.04.2016	1234.9823113207547
03.04.2016	1244.7133388566695
04.04.2016	1502.0156095957936
05.04.2016	1527.771755345599
06.04.2016	1336.770986009327
07.04.2016	1404.4117251805812
08.04.2016	1540.8815142576204
09.04.2016	1317.790493847969
10.04.2016	1280.9213520197857
11.04.2016	1261.8551456964797
12.04.2016	1451.4586866167913
13.04.2016	1477.3271820448879
14.04.2016	1405.6078724464376
15.04.2016	1412.2191780821918
16.04.2016	1215.2877554411032
17.04.2016	1917.3763923524523
18.04.2016	1350.9483071841453
19.04.2016	1317.1563075892109
20.04.2016	1359.2161983471074
21.04.2016	1504.175125208681
22.04.2016	1290.769689935334
23.04.2016	1270.2769790117336
24.04.2016	1433.0178899849523
25.04.2016	1398.7026539973788
26.04.2016	1344.4657258064517
27.04.2016	1313.7857142857142
28.04.2016	1407.9303482587065
29.04.2016	1423.2069651741294
30.04.2016	1588.1064707824364
01.05.2016	1680.5341635812858
02.05.2016	1480.2106907894736
03.05.2016	1446.3123554674596
04.05.2016	1497.9571906354515
05.05.2016	1485.9832698360112
06.05.2016	1625.2632015941547
07.05.2016	1374.8326653306613
08.05.2016	1530.2282267393819
09.05.2016	1459.5817339510259
10.05.2016	1481.180638722555
11.05.2016	1558.5437943862023
12.05.2016	1679.3848171831448
13.05.2016	1674.2221306068602
14.05.2016	1682.89157435381
15.05.2016	1539.6884455527847
16.05.2016	1491.408824022815
17.05.2016	1515.0270136715533
18.05.2016	1688.8396833250865
19.05.2016	1576.2267509565795
20.05.2016	1677.1543813152227
21.05.2016	1672.6699548570473
22.05.2016	1493.9199539776462
23.05.2016	1568.3840013304507
24.05.2016	1528.3171381031614
25.05.2016	1669.8520484325759
26.05.2016	1733.244060475162
27.05.2016	1726.5808105872622
28.05.2016	2435.93603588636
29.05.2016	1675.381436427262
30.05.2016	1543.3301148659896
31.05.2016	1593.7334905660377
01.06.2016	1562.1364464315284
02.06.2016	1453.2371541501977
03.06.2016	1428.599270194062
04.06.2016	1408.9918550531916
05.06.2016	1396.0747945664934
06.06.2016	1425.6340864440078
07.06.2016	1692.576794657763
08.06.2016	1436.9469709407322
09.06.2016	1476.505252790545
10.06.2016	1437.3214164689937
11.06.2016	1381.5246974157672
12.06.2016	1462.5579554822752
13.06.2016	1599.2728468113085
14.06.2016	1713.3837613918806
15.06.2016	1522.9322457133344
16.06.2016	1603.9075644222776
17.06.2016	2137.9071636177123
18.06.2016	2043.8626252334861
19.06.2016	1624.0842172934747
20.06.2016	1708.7947554210791
21.06.2016	1628.521253542257
22.06.2016	1614.3075419449422
23.06.2016	1513.3546560053308
24.06.2016	1637.72591857001
25.06.2016	1414.5418472824274
26.06.2016	1452.6179775280898
27.06.2016	1409.6183079973562
28.06.2016	1482.4498104499753
29.06.2016	1792.0388916708396
30.06.2016	2367.078195488722
01.07.2016	1379.8635547576303
02.07.2016	1382.392303848076
03.07.2016	1403.642018196857
04.07.2016	1414.793802538322
05.07.2016	1470.353336695243
06.07.2016	1408.6769053876478
07.07.2016	1414.1235917826375
08.07.2016	1580.640093395597
09.07.2016	1416.7455109369898
10.07.2016	1407.032252729077
11.07.2016	1420.6435561452977
12.07.2016	1566.6971361971362
13.07.2016	1356.740880709826
14.07.2016	1536.0574904182636
15.07.2016	1457.4881429525717
16.07.2016	1349.4760730143068
17.07.2016	1263.7885221429756
18.07.2016	1397.4542478310689
19.07.2016	1501.8993299832496
20.07.2016	1717.926000672721
21.07.2016	1522.185570360741
22.07.2016	1640.9031391640087
23.07.2016	1496.2164779254883
24.07.2016	1796.8996125989556
25.07.2016	1737.3295190713102
26.07.2016	1946.1141332415218
27.07.2016	1705.6892307692308
28.07.2016	1609.7183029107055
29.07.2016	1598.0200702458606
30.07.2016	1460.220698879786
31.07.2016	1585.3320617017748
01.08.2016	1560.7133031370574
02.08.2016	1687.3992195453004
03.08.2016	1665.3270387700534
04.08.2016	1616.641634366925
05.08.2016	1527.0676009892827
06.08.2016	1465.216293074607
07.08.2016	1473.1900608853052
08.08.2016	1503.8052483908236
09.08.2016	1591.826101141925
10.08.2016	1606.787578460522
11.08.2016	1620.5056031641398
12.08.2016	1559.009145327569
13.08.2016	1430.9404840848806
14.08.2016	1406.0669539277428
15.08.2016	1466.7500821018061
16.08.2016	1621.4440039643212
17.08.2016	1532.282243301714
18.08.2016	1663.0360655737704
19.08.2016	1490.9459594280013
20.08.2016	1452.6118909991742
21.08.2016	1479.7615055884287
22.08.2016	1525.645442579796
23.08.2016	2023.0980881130506
24.08.2016	1589.954072360813
25.08.2016	1663.2395799146702
26.08.2016	1609.8711288711288
27.08.2016	1586.4160631994732
28.08.2016	1450.6734051367025
29.08.2016	1572.1122381110742
30.08.2016	1615.8426817125787
31.08.2016	1537.9680553268565
01.09.2016	1582.874102521289
02.09.2016	1849.8477332457294
03.09.2016	1513.1198520759792
04.09.2016	1719.1705130333721
05.09.2016	1511.874259381172
06.09.2016	1722.3223761054564
07.09.2016	1692.246976135992
08.09.2016	1899.7121010638298
09.09.2016	1853.3865656898254
10.09.2016	1508.322720453409
11.09.2016	1460.2630887904152
12.09.2016	1584.9978558469404
13.09.2016	1497.24021322672
14.09.2016	1757.600886553932
15.09.2016	1743.4825070469242
16.09.2016	2019.906018136851
17.09.2016	1587.822468563865
18.09.2016	1432.652554483744
19.09.2016	1340.9982836635982
20.09.2016	1689.3700340522134
21.09.2016	1598.3332233586275
22.09.2016	1876.2965541246085
23.09.2016	1280.1938644394475
24.09.2016	1526.0835460268845
25.09.2016	1386.5588000638263
26.09.2016	1544.7001540304639
27.09.2016	1660.8308276887494
28.09.2016	1561.3208319685555
29.09.2016	1441.5230166503427
30.09.2016	1436.600532623169
01.10.2016	1809.9932525951558
02.10.2016	1686.793177323665
03.10.2016	1718.681334622824
04.10.2016	2191.5002468323187
05.10.2016	1802.1939143888603
06.10.2016	1938.3092558373928
07.10.2016	4119.241209444539
08.10.2016	5429.320161290322
09.10.2016	5682.6363035212435
10.10.2016	12725.16023837113
11.10.2016	2762.446446280992
12.10.2016	1247.876649746193
13.10.2016	1306.1257769054628
14.10.2016	1400.335746010857
15.10.2016	1236.3091090094574
16.10.2016	1296.9912469033857
17.10.2016	1376.8417519718073
18.10.2016	1746.6304951789507
19.10.2016	1638.1510218219605
20.10.2016	1465.543505874881
21.10.2016	1724.435624077415
22.10.2016	1356.8804833636816
23.10.2016	1291.567328549975
24.10.2016	1791.4547403132729
25.10.2016	1675.280690112807
26.10.2016	1549.6404199475066
27.10.2016	1517.9878697241609
28.10.2016	1472.2266532054518
29.10.2016	1461.4057868736768
30.10.2016	1422.4338999834956
31.10.2016	1535.7106040709127
01.11.2016	1688.562253810584
02.11.2016	1496.6730510752689
03.11.2016	1470.5561344537816
04.11.2016	1262.149051490515
05.11.2016	1357.976150767178
06.11.2016	1289.315989428477
07.11.2016	1399.417735550277
08.11.2016	1475.91459652541
09.11.2016	1483.863774476705
10.11.2016	1492.3313778075762
11.11.2016	1462.2341455273697
12.11.2016	1426.0427209990141
13.11.2016	1467.9625987425438
14.11.2016	1576.044173397066
15.11.2016	1577.3742923742923
16.11.2016	1481.4373862696443
17.11.2016	1475.9161554192228
18.11.2016	1513.5590713944982
19.11.2016	1375.2222764227643
20.11.2016	1472.8847709985434
21.11.2016	1537.492013831714
22.11.2016	1707.9501857480582
23.11.2016	1949.9712180914853
24.11.2016	1423.5644234020967
25.11.2016	1767.127147766323
26.11.2016	1500.9178174469519
27.11.2016	1702.9098402018503
28.11.2016	1731.009930486594
29.11.2016	1692.3555444221777
30.11.2016	2208.6891602045866
01.12.2016	1407.4064718507511
02.12.2016	1461.5489711934156
03.12.2016	1404.4266233766234
04.12.2016	1403.27110145412
05.12.2016	1491.4427048634243
06.12.2016	1614.961077352603
07.12.2016	1522.6622756463032
08.12.2016	1415.661551020408
09.12.2016	1502.0960330578512
10.12.2016	1427.6997530864198
11.12.2016	1680.8999672023615
12.12.2016	1477.0118353058842
13.12.2016	1538.499176276771
14.12.2016	1835.3300986842105
15.12.2016	1581.662056323946
16.12.2016	1506.0106995884773
17.12.2016	1417.873773708306
18.12.2016	1345.3220144356956
19.12.2016	1616.2511604774536
20.12.2016	1536.3867193936399
21.12.2016	1769.3428336079078
22.12.2016	1761.9135325721961
23.12.2016	1521.9669129996641
24.12.2016	1360.886446886447
25.12.2016	1316.6004569936347
26.12.2016	1294.1145730300034
27.12.2016	1558.1457152384128
28.12.2016	1530.5001651254954
29.12.2016	1678.409569220651
30.12.2016	1622.812139205014
31.12.2016	1544.2593025196063
01.01.2017	1390.196858124693
02.01.2017	1458.2728623308024
03.01.2017	1627.4679370339686
04.01.2017	1717.1320631818921
05.01.2017	1675.5915284846494
06.01.2017	1592.5210517556998
07.01.2017	1570.1203339882122
08.01.2017	1557.294534079684
09.01.2017	1595.4245314041434
10.01.2017	1685.8844112769486
11.01.2017	1591.468992889036
12.01.2017	1696.713177014531
13.01.2017	1728.9251555846708
14.01.2017	1499.3317949563211
15.01.2017	1497.775349219392
16.01.2017	1574.8025446133508
17.01.2017	1642.4936687770744
18.01.2017	1582.9589447650453
19.01.2017	1552.2448847028256
20.01.2017	1608.529599195036
21.01.2017	1503.9449222626529
22.01.2017	1616.3269579554824
23.01.2017	1612.3275462962963
24.01.2017	1753.9378830544972
25.01.2017	1643.7727121464227
26.01.2017	1672.9856931425752
27.01.2017	1657.790643274854
28.01.2017	1627.639782285997
29.01.2017	1522.5426174496645
30.01.2017	1578.861339021989
31.01.2017	1538.7459288800267
01.02.2017	1607.359627225828
02.02.2017	1578.1223747312717
03.02.2017	1568.2747913188648
04.02.2017	1560.4220138203357
05.02.2017	1614.2512753003127
06.02.2017	1605.9386776859503
07.02.2017	1826.993997999333
08.02.2017	1764.2177352892697
09.02.2017	1629.5194891358435
10.02.2017	1735.3384105960265
11.02.2017	1593.9286187479297
12.02.2017	1571.1186664466084
13.02.2017	1823.477100494234
14.02.2017	1913.9078532292876
15.02.2017	1817.6242404335687
16.02.2017	1661.0631196298743
17.02.2017	1660.888888888889
18.02.2017	1773.0793465577597
19.02.2017	1634.9592955640471
20.02.2017	1696.2495428096427
21.02.2017	1989.29263053536
22.02.2017	1790.4323056300268
23.02.2017	1667.1942183086892
24.02.2017	1778.3879554150724
25.02.2017	1760.669316111939
26.02.2017	1712.7497125964856
27.02.2017	1818.7254509018037
28.02.2017	1935.2752579007697
01.03.2017	2234.9528365223227
02.03.2017	2209.4228675136114
03.03.2017	2083.7667332667334
04.03.2017	1859.630910609858
05.03.2017	1821.2468302321752
06.03.2017	1808.0941944119124
07.03.2017	1963.414018066243
08.03.2017	1799.6665558510638
09.03.2017	2403.3544197031038
10.03.2017	2190.1950277171172
11.03.2017	2013.8560479840053
12.03.2017	2042.8906909951006
13.03.2017	2451.7206953642385
14.03.2017	2433.4791142425765
15.03.2017	2455.9239893083864
16.03.2017	3070.9849749582636
17.03.2017	2879.5562355276215
18.03.2017	2512.5528292438657
19.03.2017	2395.8884033613444
20.03.2017	2316.0347840422023
21.03.2017	2507.1279167366124
22.03.2017	2368.465545938748
23.03.2017	2512.8204261075416
24.03.2017	2557.002705902249
25.03.2017	2427.7676954042267
26.03.2017	2374.5873599732486
27.03.2017	2896.2083683414553
28.03.2017	2543.0705084745764
29.03.2017	2744.189545758183
30.03.2017	2852.6837563451777
31.03.2017	2948.8135990621336
01.04.2017	2402.8140398245023
02.04.2017	2668.848443380089
03.04.2017	2788.235825388861
04.04.2017	2518.1437963587323
05.04.2017	2557.5840294019376
06.04.2017	2799.138605442177
07.04.2017	2776.3920282542886
08.04.2017	2248.5138140161725
09.04.2017	2358.3758840779715
10.04.2017	2460.4732546022924
11.04.2017	2376.712429475124
12.04.2017	2696.5708600103826
13.04.2017	2588.8007933770264
14.04.2017	2450.8628977657413
15.04.2017	2348.10417759133
16.04.2017	2219.700171821306
17.04.2017	2309.4152874936017
18.04.2017	2602.803275891486
19.04.2017	2664.02203567681
20.04.2017	2581.4705581157195
21.04.2017	2690.811840762164
22.04.2017	2429.314917127072
23.04.2017	2393.048601637108
24.04.2017	2553.084251005069
25.04.2017	2803.2487705613025
26.04.2017	2723.5565016852934
27.04.2017	3094.9776674937966
28.04.2017	3177.6334913112164
29.04.2017	2792.821898329186
30.04.2017	3063.682719546742
01.05.2017	3544.4495021337125
02.05.2017	3461.024915465385
03.05.2017	3027.543813064259
04.05.2017	3350.6925119490174
05.05.2017	3170.6981497797356
06.05.2017	2933.9783374427616
07.05.2017	3321.835781741868
08.05.2017	3408.8652482269504
09.05.2017	3376.0618829337095
10.05.2017	3227.03204674221
11.05.2017	3351.703788144511
12.05.2017	3154.309247538678
13.05.2017	3065.101055267394
14.05.2017	3140.419844502036
15.05.2017	3831.3573412331048
16.05.2017	3643.778816199377
17.05.2017	4304.9556807511735
18.05.2017	4245.111863786159
19.05.2017	4801.271386430679
20.05.2017	4178.781380943706
21.05.2017	4586.091042854516
22.05.2017	5328.467446964155
23.05.2017	6626.570400442886
24.05.2017	6665.501197715128
25.05.2017	5952.187740164684
26.05.2017	5559.19701383831
27.05.2017	5126.758227615371
28.05.2017	5378.816247936916
29.05.2017	4922.110951783474
30.05.2017	7068.894821716538
31.05.2017	6842.579822616408
01.06.2017	6540.865428354814
02.06.2017	7542.274031845882
03.06.2017	6635.920092201306
04.06.2017	6458.021511627907
05.06.2017	6438.76319298914
06.06.2017	7373.6322964669735
07.06.2017	7387.729719412102
08.06.2017	6932.0560568247265
09.06.2017	7482.098772535482
10.06.2017	6591.95367591898
11.06.2017	8658.342165459399
12.06.2017	9450.95436318503
13.06.2017	8806.942716236723
14.06.2017	7942.336104288684
15.06.2017	8191.838642789821
16.06.2017	8034.397113943029
17.06.2017	7957.53438151165
18.06.2017	7931.199364129418
19.06.2017	8956.357892763404
20.06.2017	9258.277028387356
21.06.2017	6194.701306655777
22.06.2017	8691.40210355987
23.06.2017	9122.923517382413
24.06.2017	8934.801376796922
25.06.2017	8979.3095818108
26.06.2017	9544.14964753273
27.06.2017	7910.6762647470505
28.06.2017	10005.157629510179
29.06.2017	9460.48239506664
30.06.2017	8800.12370929309
01.07.2017	8105.72050309443
02.07.2017	8502.959475566151
03.07.2017	10142.634600158353
04.07.2017	10131.832414336353
05.07.2017	10094.208425275827
06.07.2017	8829.910820451843
07.07.2017	9708.839693154996
08.07.2017	8884.14743463731
09.07.2017	6980.346486062033
10.07.2017	10586.084240313452
11.07.2017	10484.207079646018
12.07.2017	10734.86316256376
13.07.2017	10675.664228723404
14.07.2017	10039.824522434474
15.07.2017	8747.487290897241
16.07.2017	9224.6443715847
17.07.2017	9814.173581520521
18.07.2017	11286.315974511097
19.07.2017	10282.146862195385
20.07.2017	9369.92292746114
21.07.2017	8661.022232005284
22.07.2017	7991.519681651968
23.07.2017	9282.442703862662
24.07.2017	10559.699039720646
25.07.2017	9765.869611609049
26.07.2017	8403.12559139785
27.07.2017	8345.782908933967
28.07.2017	9257.631375080697
29.07.2017	7452.480461242793
30.07.2017	7620.672406462585
31.07.2017	9290.735611907387
01.08.2017	9503.42843161243
02.08.2017	9426.06800197824
03.08.2017	9596.575955734406
04.08.2017	10507.097772277228
05.08.2017	10426.794496777393
06.08.2017	10462.613343253968
07.08.2017	11866.9738641915
08.08.2017	13278.282433422917
09.08.2017	11372.55701434476
10.08.2017	13580.778356912386
11.08.2017	14429.255542021925
12.08.2017	13641.556528081692
13.08.2017	12993.403487527246
14.08.2017	15655.198887007016
15.08.2017	16402.72531461762
16.08.2017	17360.243638982236
17.08.2017	17330.33301158301
18.08.2017	17335.29352030948
19.08.2017	16348.262645452387
20.08.2017	12824.72593840231
21.08.2017	15178.747460429955
22.08.2017	14258.658542413381
23.08.2017	14351.9305028463
24.08.2017	13796.09536328872
25.08.2017	15771.679516038266
26.08.2017	14625.497856530437
27.08.2017	14944.547239612977
28.08.2017	17756.890597794543
29.08.2017	18455.424738774356
30.08.2017	18827.46559048428
31.08.2017	17436.468758997984
01.09.2017	18436.11701221244
02.09.2017	15334.020898051398
03.09.2017	13870.501271545634
04.09.2017	19759.76070314715
05.09.2017	19704.410508569825
06.09.2017	22602.62336182336
07.09.2017	21134.574851987596
08.09.2017	20975.272828507794
09.09.2017	17147.499297950013
10.09.2017	14679.653889199777
11.09.2017	16764.084483244158
12.09.2017	18036.860116569525
13.09.2017	16933.18665158371
14.09.2017	17287.901917199222
15.09.2017	19311.558904867255
16.09.2017	16697.539207536713
17.09.2017	14349.650964187327
18.09.2017	17536.44166432387
19.09.2017	16595.587927232635
20.09.2017	16027.636944444444
21.09.2017	16104.303429355281
22.09.2017	16972.103298900365
23.09.2017	15950.557905686546
24.09.2017	17983.337985023827
25.09.2017	19577.055007052186
26.09.2017	18526.914186851212
27.09.2017	18892.63464187328
28.09.2017	20552.811274509804
29.09.2017	21539.80735242135
30.09.2017	21998.15457746479
01.10.2017	21781.036338225018
02.10.2017	21143.17487684729
03.10.2017	20917.798392732355
04.10.2017	20394.643104643106
05.10.2017	20312.52749490835
06.10.2017	21656.46629213483
07.10.2017	19657.04353932584
08.10.2017	19149.652309829802
09.10.2017	19670.747050659265
10.10.2017	21438.49433962264
11.10.2017	20045.35780445969
12.10.2017	21136.87616419455
13.10.2017	21845.315807679002
14.10.2017	19951.42189123658
15.10.2017	19011.235897435898
16.10.2017	16294.237154150198
17.10.2017	14412.018181818183
18.10.2017	13060.433692332423
19.10.2017	12978.390962986701
20.10.2017	15253.653519320185
21.10.2017	11982.934339380317
22.10.2017	10947.454617834395
23.10.2017	12827.6408698433
24.10.2017	13945.91933418694
25.10.2017	14346.7396373057
26.10.2017	14417.092577554004
27.10.2017	14923.583239685342
28.10.2017	14317.26875
29.10.2017	14872.29899903132
30.10.2017	16448.375
31.10.2017	15604.372589641434
01.11.2017	15757.882123086942
02.11.2017	15695.905924479166
03.11.2017	15830.607442010309
04.11.2017	12156.236120077469
05.11.2017	11640.24607080489
06.11.2017	13795.903694144217
07.11.2017	14266.691676058606
08.11.2017	14220.05869146889
09.11.2017	13928.841485068604
10.11.2017	13412.806349206348
11.11.2017	12664.799904260411
12.11.2017	13232.919615692554
13.11.2017	14443.04064257028
14.11.2017	16232.347762169225
15.11.2017	16453.089466089466
16.11.2017	15278.293792655184
17.11.2017	15300.552846832397
18.11.2017	14627.94754625905
19.11.2017	14550.57117778487
20.11.2017	16653.572053108808
21.11.2017	16182.372853903466
22.11.2017	15978.45161807113
23.11.2017	16028.736510500808
24.11.2017	15103.84809111325
25.11.2017	16191.566682793098
26.11.2017	16098.951369751985
27.11.2017	22187.1682550115
28.11.2017	18980.069412536923
29.11.2017	18539.322691552064
30.11.2017	18059.262233783124
01.12.2017	18183.603231597845
02.12.2017	17953.51792499587
03.12.2017	19325.5458616686
04.12.2017	19740.939164168576
05.12.2017	19799.619005010736
06.12.2017	21174.16499177782
07.12.2017	17899.028458088997
08.12.2017	21220.476994657936
09.12.2017	19891.163598830208
10.12.2017	20864.274174018337
11.12.2017	23553.857888328406
12.12.2017	25607.110236220473
13.12.2017	26215.515462095776
14.12.2017	26049.31928345627
15.12.2017	26179.96
16.12.2017	26388.969696969696
17.12.2017	25965.28299602145
18.12.2017	27932.23490745546
19.12.2017	31463.382048536758
20.12.2017	27465.257224914738
21.12.2017	30221.087971274686
22.12.2017	29197.668435951877
23.12.2017	26198.396838742225
24.12.2017	20519.198127403444
25.12.2017	21721.00049734748
26.12.2017	22433.417723631508
27.12.2017	24733.590177673483
28.12.2017	25965.369672270335
29.12.2017	29542.360352575182
30.12.2017	29346.040533518102
31.12.2017	25037.60927712883
01.01.2018	24025.433007087413
02.01.2018	30157.365739130433
03.01.2018	32472.842779783394
04.01.2018	33680.683535020165
05.01.2018	33416.35573862572
06.01.2018	32655.245199409157
07.01.2018	31266.106548480464
08.01.2018	32502.216161242603
09.01.2018	33037.400967082016
10.01.2018	30646.01403508772
11.01.2018	31298.062062615103
12.01.2018	30655.025281417235
13.01.2018	31263.74916573971
14.01.2018	29323.112711111113
15.01.2018	31845.800884955752
16.01.2018	32767.452010141253
17.01.2018	32426.760768126347
18.01.2018	31705.203806787573
19.01.2018	28846.382761653473
20.01.2018	27414.1777626426
21.01.2018	26798.004991394148
22.01.2018	25863.500594934558
23.01.2018	25079.264157341473
24.01.2018	24565.680254990773
25.01.2018	23670.95583756345
26.01.2018	26058.529441624367
27.01.2018	22449.691872085277
28.01.2018	24197.044872860228
29.01.2018	25247.741434599156
30.01.2018	25224.108914266235
31.01.2018	24901.75029746728
01.02.2018	26327.53478712357
02.02.2018	26185.809548167093
03.02.2018	22591.945421061442
04.02.2018	22741.786409395972
05.02.2018	24175.294439834026
06.02.2018	24934.106817414784
07.02.2018	22971.55098934551
08.02.2018	20093.215428190604
09.02.2018	22095.399090296494
10.02.2018	22121.170043175025
11.02.2018	20981.721914357684
12.02.2018	22177.608074011776
13.02.2018	20432.095054484493
14.02.2018	21848.223208191128
15.02.2018	21804.689574254106
16.02.2018	20710.50134273246
17.02.2018	21890.991882041086
18.02.2018	20735.064338235294
19.02.2018	21811.358087487282
20.02.2018	24413.354833161335
21.02.2018	23307.466233544197
22.02.2018	21747.052783926443
23.02.2018	20792.556024299698
24.02.2018	21264.89076923077
25.02.2018	20566.377432570844
26.02.2018	21651.749095295538
27.02.2018	20963.584143222506
28.02.2018	21593.22923024754
01.03.2018	20663.093893519304
02.03.2018	22549.54076962197
03.03.2018	21172.971928055136
04.03.2018	20793.931814317293
05.03.2018	22565.664061172472
06.03.2018	21622.686417657045
07.03.2018	22824.48182586644
08.03.2018	21478.301912568306
09.03.2018	20374.013055272975
10.03.2018	18861.777193280162
11.03.2018	18612.294947121034
12.03.2018	21667.5095311695
13.03.2018	20945.870758738278
14.03.2018	20106.073592332705
15.03.2018	20055.97942526781
16.03.2018	19501.893545116593
17.03.2018	17375.908469945356
18.03.2018	20197.20883195685
19.03.2018	20641.923502767993
20.03.2018	20067.118140627623
21.03.2018	20630.245197168857
22.03.2018	17882.68822746924
23.03.2018	18847.10539544236
24.03.2018	16599.090623968306
25.03.2018	14982.393924302789
26.03.2018	17841.06412391739
27.03.2018	17229.686476447747
28.03.2018	17283.16557404606
29.03.2018	17508.02965740583
30.03.2018	18456.876389356687
31.03.2018	17024.522314049587
01.04.2018	15893.483377659575
02.04.2018	16870.878569084347
03.04.2018	19076.09534922487
04.04.2018	18675.56990501583
05.04.2018	19495.82034346103
06.04.2018	17768.84795901504
07.04.2018	15831.059679285832
08.04.2018	17232.76031693628
09.04.2018	18630.2093411176
10.04.2018	17581.80026346122
11.04.2018	18495.928882925193
12.04.2018	21244.49474398101
13.04.2018	21135.87590747932
14.04.2018	18148.030420821364
15.04.2018	18672.300050513553
16.04.2018	20767.634524612273
17.04.2018	22300.01268209083
18.04.2018	22474.328213977566
19.04.2018	25206.07900172117
20.04.2018	26386.04006999125
21.04.2018	21671.901410844806
22.04.2018	23073.679939003727
23.04.2018	24240.890235457064
24.04.2018	25599.408566433565
25.04.2018	25145.17995874871
26.04.2018	24705.17368331345
27.04.2018	24120.16415820791
28.04.2018	24554.807631717136
29.04.2018	24653.89096519801
30.04.2018	25891.27812718379
01.05.2018	24618.207755247244
02.05.2018	25626.17962184874
03.05.2018	26337.529132195035
04.05.2018	27765.904296875
05.05.2018	24103.429367705976
06.05.2018	22387.725490196077
07.05.2018	23088.473007712084
08.05.2018	23859.18660620858
09.05.2018	24509.77242582897
10.05.2018	26750.1830019356
11.05.2018	25118.238567205703
12.05.2018	23751.88008342023
13.05.2018	23519.922569444443
14.05.2018	25931.555161404754
15.05.2018	24791.855024424283
16.05.2018	24743.47865367582
17.05.2018	24608.41216690042
18.05.2018	24643.09563520227
19.05.2018	24459.16973050152
20.05.2018	23759.415632754342
21.05.2018	25580.29558642518
22.05.2018	25326.03999285842
23.05.2018	25964.9400530504
24.05.2018	25467.441308646416
25.05.2018	24929.781188997338
26.05.2018	23052.639272600103
27.05.2018	23497.072062477815
28.05.2018	25414.14077840112
29.05.2018	25332.303770578863
30.05.2018	25508.136922802638
31.05.2018	27436.23888790508
01.06.2018	25129.576635846373
02.06.2018	24616.51775568182
03.06.2018	25076.86705819541
04.06.2018	26426.76622002821
05.06.2018	25847.70202110535
06.06.2018	24376.00408308184
07.06.2018	24383.70615357333
08.06.2018	24513.094206726535
09.06.2018	24163.410695187165
10.06.2018	24559.66477574898
11.06.2018	24470.185610747747
12.06.2018	23681.657507875392
13.06.2018	25448.15542420028
14.06.2018	24148.5696444059
15.06.2018	22614.912659979247
16.06.2018	26352.888094021462
17.06.2018	19967.614539306847
18.06.2018	22073.959690964057
19.06.2018	25000.03653912444
20.06.2018	25587.109565516057
21.06.2018	23526.145946866483
22.06.2018	24500.427147766324
23.06.2018	20591.045592705166
24.06.2018	20968.2438360823
25.06.2018	25228.247131509266
26.06.2018	23860.43754349339
27.06.2018	24580.006499059346
28.06.2018	23925.63363415481
29.06.2018	23218.549618320612
30.06.2018	22084.785178875638
01.07.2018	22499.564673633715
02.07.2018	19625.185191431945
03.07.2018	22046.921156825614
04.07.2018	18915.239506595855
05.07.2018	21491.995695592286
06.07.2018	19221.10694729637
07.07.2018	19709.95670103093
08.07.2018	22365.884149552396
09.07.2018	22361.90076857387
10.07.2018	23429.39183814629
11.07.2018	22105.672230652504
12.07.2018	21237.8738528283
13.07.2018	20792.76986393415
14.07.2018	19582.657675657676
15.07.2018	18676.186253502554
16.07.2018	23433.058109724832
17.07.2018	23583.321786381388
18.07.2018	23590.486017022755
19.07.2018	23727.667011910926
20.07.2018	21229.57896539911
21.07.2018	19168.773053193265
22.07.2018	20792.9640167364
23.07.2018	23066.46025247356
24.07.2018	24224.61857265692
25.07.2018	24158.90847457627
26.07.2018	23504.04101161996
27.07.2018	22766.207480115077
28.07.2018	19585.704890669338
29.07.2018	21871.082529118135
30.07.2018	23849.167868522556
31.07.2018	23918.951512079744
01.08.2018	24726.975772052552
02.08.2018	24601.727536727023
03.08.2018	22394.854124408383
04.08.2018	21272.42662002332
05.08.2018	22206.212575859743
06.08.2018	23316.98277899713
07.08.2018	19803.47319148936
08.08.2018	16262.743662917575
09.08.2018	15543.06205733558
10.08.2018	18595.749071886603
11.08.2018	20284.633305298572
12.08.2018	19754.226049700086
13.08.2018	21953.650204359674
14.08.2018	21861.765793010753
15.08.2018	19764.984576697403
16.08.2018	22328.398653198652
17.08.2018	20513.651883561644
18.08.2018	22512.454020057794
19.08.2018	22015.30455311973
20.08.2018	25133.6572825354
21.08.2018	25248.66415031035
22.08.2018	22829.736575481256
23.08.2018	24307.491713651118
24.08.2018	22858.504036326944
25.08.2018	24936.669929125885
26.08.2018	24193.32840087439
27.08.2018	24862.768091551665
28.08.2018	25983.77110885046
29.08.2018	24551.619015280135
30.08.2018	23668.008460236888
31.08.2018	22117.93667058626
01.09.2018	23747.602040816328
02.09.2018	23061.363033018086
03.09.2018	25004.699847120773
04.09.2018	23087.282004021446
05.09.2018	25413.600402955002
06.09.2018	23478.599867724868
07.09.2018	25112.76086588872
08.09.2018	25208.046832884098
09.09.2018	22118.270554331244
10.09.2018	23522.157649409022
11.09.2018	22317.055814728425
12.09.2018	24132.518285619724
13.09.2018	24041.03481012658
14.09.2018	26309.39169139466
15.09.2018	25807.84184432325
16.09.2018	27184.633894977916
17.09.2018	25919.174506578947
18.09.2018	26176.37254901961
19.09.2018	20024.31177527356
20.09.2018	24243.869970069838
21.09.2018	26243.995726495727
22.09.2018	25021.080324610797
23.09.2018	25760.78273026316
24.09.2018	28687.52609053498
25.09.2018	28211.403075413054
26.09.2018	29742.478566753925
27.09.2018	29477.453214931753
28.09.2018	28067.566415218105
29.09.2018	20427.67924528302
30.09.2018	23845.772980045796
01.10.2018	24593.396390484002
02.10.2018	24106.77216828479
03.10.2018	21422.69893004115
04.10.2018	22654.762121705175
05.10.2018	20849.304312182325
06.10.2018	17609.60543233687
07.10.2018	15401.683223842332
08.10.2018	17035.79462696229
09.10.2018	18244.960969263295
10.10.2018	16866.576848249028
11.10.2018	18165.879049324434
12.10.2018	20201.5471636953
13.10.2018	17319.0730246114
14.10.2018	15242.460368812683
15.10.2018	17580.54388843314
16.10.2018	17644.92459928034
17.10.2018	17763.228221859707
18.10.2018	17768.90996418105
19.10.2018	18544.207419620776
20.10.2018	15752.076161091263
21.10.2018	16115.960973220117
22.10.2018	19570.577576257212
23.10.2018	17616.89364461738
24.10.2018	20666.96619856303
25.10.2018	21878.941205291525
26.10.2018	20114.022541653056
27.10.2018	15213.961639344263
28.10.2018	15573.94525012221
29.10.2018	19679.406316478482
30.10.2018	19083.134370345855
31.10.2018	17867.074711710247
01.11.2018	18085.969681990442
02.11.2018	17166.48492338112
03.11.2018	15800.123549599608
04.11.2018	15888.004419708626
05.11.2018	17561.940411522635
06.11.2018	18893.606200527705
07.11.2018	17795.552734375
08.11.2018	18379.078305308274
09.11.2018	17469.18716138565
10.11.2018	16375.27187960085
11.11.2018	17094.136415618363
12.11.2018	18419.188138065143
13.11.2018	17701.512059064808
14.11.2018	18831.737110854883
15.11.2018	17646.14490367199
16.11.2018	17100.241669362666
17.11.2018	15502.84587696335
18.11.2018	14680.617470368567
19.11.2018	19001.725454242373
20.11.2018	19756.066688785668
21.11.2018	17952.492666232072
22.11.2018	17790.712683490023
23.11.2018	17659.455956855694
24.11.2018	15618.431116195457
25.11.2018	16511.80549236269
26.11.2018	17255.175918300116
27.11.2018	17908.725104253546
28.11.2018	19896.778294059077
29.11.2018	17814.42427707891
30.11.2018	18641.904730400263
01.12.2018	16263.052005943537
02.12.2018	15286.5042720999
03.12.2018	18022.271838223107
04.12.2018	17972.214936247725
05.12.2018	18962.915073957123
06.12.2018	19164.483982826947
07.12.2018	18403.465003348963
08.12.2018	17321.5711439482
09.12.2018	16875.393636214532
10.12.2018	18196.21049222798
11.12.2018	17723.2501671123
12.12.2018	16675.33327847268
13.12.2018	17641.293915040183
14.12.2018	18675.166444961756
15.12.2018	16796.44333605887
16.12.2018	15878.926643484021
17.12.2018	18888.878288915294
18.12.2018	19671.670704657907
19.12.2018	19628.67772268764
20.12.2018	19588.37707158722
21.12.2018	19656.337427499147
22.12.2018	16613.122869198312
23.12.2018	17292.843989769823
24.12.2018	19049.521511726
25.12.2018	16454.361990950227
26.12.2018	18493.611810098977
27.12.2018	17564.155778041746
28.12.2018	17910.16590485864
29.12.2018	16917.288926174497
30.12.2018	14545.011892626571
31.12.2018	16502.75274446884
01.01.2019	13665.922841083291
02.01.2019	18126.132355420672
03.01.2019	19342.790322580644
04.01.2019	18872.12459488657
05.01.2019	17351.08202846975
06.01.2019	15855.134467323187
07.01.2019	18204.018003565063
08.01.2019	17915.97824523553
09.01.2019	17865.167736185384
10.01.2019	19150.490481321838
11.01.2019	18683.43963348904
12.01.2019	15917.531672983216
13.01.2019	15797.518544809229
14.01.2019	18451.722508438444
15.01.2019	18074.20217120484
16.01.2019	18007.869573082487
17.01.2019	17900.156806329796
18.01.2019	17751.173696387257
19.01.2019	17862.865563962696
20.01.2019	17831.519557063762
21.01.2019	21357.033568904593
22.01.2019	22710.827089905364
23.01.2019	20709.831897415348
24.01.2019	19842.057412504917
25.01.2019	18310.106541323934
26.01.2019	17421.543422354105
27.01.2019	18273.590065828845
28.01.2019	21577.312244062243
29.01.2019	22103.10431211499
30.01.2019	21568.14710042433
31.01.2019	20802.846481443925
01.02.2019	20373.362004950493
02.02.2019	17499.098277608915
03.02.2019	16597.356731165088
04.02.2019	16325.908262454435
05.02.2019	16600.88755102041
06.02.2019	17023.172322158625
07.02.2019	17431.755998373323
08.02.2019	18982.123298801544
09.02.2019	17138.292040816326
10.02.2019	18597.8573755235
11.02.2019	20699.630989272944
12.02.2019	20823.86777439738
13.02.2019	23368.08635164308
14.02.2019	23305.352376380222
15.02.2019	22751.364357864357
16.02.2019	21513.241714015152
17.02.2019	22199.473061125875
18.02.2019	24105.986415633935
19.02.2019	24580.691697761195
20.02.2019	24758.98561999057
21.02.2019	25217.391345249296
22.02.2019	24968.803445021236
23.02.2019	21842.927636113025
24.02.2019	24398.70427832628
25.02.2019	26690.28338839075
26.02.2019	26268.56879233824
27.02.2019	25340.002335902827
28.02.2019	25117.229271644526
01.03.2019	18943.434768101433
02.03.2019	16458.698219306465
03.03.2019	15337.382505094842
04.03.2019	19803.1132518797
05.03.2019	18739.566806657334
06.03.2019	17725.651351773715
07.03.2019	17115.89546442995
08.03.2019	18799.653256105197
09.03.2019	17547.390752351097
10.03.2019	15045.065561185322
11.03.2019	17059.006104241664
12.03.2019	17675.793274445994
13.03.2019	19133.973120800125
14.03.2019	18485.61678604796
15.03.2019	17922.36192403487
16.03.2019	16268.827829826447
17.03.2019	15331.23398285269
18.03.2019	19381.663159547737
19.03.2019	21168.840554862843
20.03.2019	19680.34501930502
21.03.2019	20226.551789077213
22.03.2019	19821.33406147605
23.03.2019	17355.776240087078
24.03.2019	16938.308302238805
25.03.2019	20021.076839321824
26.03.2019	20393.441176470587
27.03.2019	20194.13518117064
28.03.2019	19719.46869606151
29.03.2019	20949.7019940336
30.03.2019	20714.816041437763
31.03.2019	19954.788062957767
01.04.2019	20491.45124610592
02.04.2019	23063.29778197263
03.04.2019	23145.225063131315
04.04.2019	21792.282547611616
05.04.2019	19259.411233857165
06.04.2019	17014.321140731558
07.04.2019	17631.44101297097
08.04.2019	20225.17931998137
09.04.2019	19617.59766718507
10.04.2019	22629.76049382716
11.04.2019	24120.09649122807
12.04.2019	20339.05031152648
13.04.2019	17601.024371432977
14.04.2019	17001.90828402367
15.04.2019	21485.629209995343
16.04.2019	22687.866416978777
17.04.2019	20873.951731703495
18.04.2019	21212.151888854198
19.04.2019	20810.678089626297
20.04.2019	20168.37927786499
21.04.2019	20869.88238935314
22.04.2019	21122.639135168767
23.04.2019	21969.9625158831
24.04.2019	20008.91395494368
25.04.2019	20142.43906948082
26.04.2019	20023.726638772663
27.04.2019	16417.014978381718
28.04.2019	17957.476287368914
29.04.2019	19214.148481091135
30.04.2019	20890.40595757954
01.05.2019	20185.787161639597
02.05.2019	24055.868984787332
03.05.2019	21965.443147768492
04.05.2019	18462.93506891271
05.05.2019	19105.5555903539
06.05.2019	24829.87136342192
07.05.2019	28009.41438623925
08.05.2019	24558.51893939394
09.05.2019	22854.410119421747
10.05.2019	22894.506134492935
11.05.2019	22664.72013758599
12.05.2019	21533.159136780003
13.05.2019	23002.886635220126
14.05.2019	24211.19196290572
15.05.2019	25387.919629057185
16.05.2019	26549.146168401134
17.05.2019	25689.65926386085
18.05.2019	23031.8216182443
19.05.2019	21899.46617601002
20.05.2019	24950.768309970073
21.05.2019	23949.71336172898
22.05.2019	25633.842055928762
23.05.2019	25428.473218517935
24.05.2019	25640.805381727158
25.05.2019	23054.813208703647
26.05.2019	21834.9069695084
27.05.2019	26746.238854997653
28.05.2019	25652.11542100284
29.05.2019	26070.737454100366
30.05.2019	25710.81891763212
31.05.2019	23396.603304508957
01.06.2019	25187.06644674835
02.06.2019	24320.30660820545
03.06.2019	25334.875672255614
04.06.2019	25297.876425558505
05.06.2019	23409.932791497344
06.06.2019	23387.20303781773
07.06.2019	22692.737273443658
08.06.2019	28244.671768975855
09.06.2019	20388.413630653267
10.06.2019	27708.1768264309
11.06.2019	27085.56774092616
12.06.2019	24644.769303201505
13.06.2019	22167.60402057036
14.06.2019	23694.33073322933
15.06.2019	26219.28203517588
16.06.2019	23509.490832815412
17.06.2019	26722.53761755486
18.06.2019	24477.59161563825
19.06.2019	26786.952321400655
20.06.2019	28152.396279506018
21.06.2019	22975.032059380923
22.06.2019	21932.603840792937
23.06.2019	22343.61421875
24.06.2019	24259.67091361094
25.06.2019	26960.710214886327
26.06.2019	27233.801277059647
27.06.2019	25364.166144691513
28.06.2019	28620.26114151681
29.06.2019	21174.688170371523
30.06.2019	20643.909741674448
01.07.2019	27639.350792663972
02.07.2019	26118.63742781333
03.07.2019	23074.61950914491
04.07.2019	22678.601622211823
05.07.2019	24934.524690390343
06.07.2019	26562.288600956348
07.07.2019	25643.830607837088
08.07.2019	30983.37684997663
09.07.2019	23460.430807376415
10.07.2019	22416.3061894342
11.07.2019	27999.754816656307
12.07.2019	22370.62770153021
13.07.2019	17766.948897173035
14.07.2019	19199.254559386973
15.07.2019	36629.59517806492
16.07.2019	30144.770496992718
17.07.2019	25513.399153737657
18.07.2019	25429.709632602655
19.07.2019	24034.760842237585
20.07.2019	17756.289206642068
21.07.2019	16272.080587224738
22.07.2019	19018.803733991666
23.07.2019	19176.02979774587
24.07.2019	26209.802361715352
25.07.2019	27838.56102547971
26.07.2019	19443.986358704078
27.07.2019	17755.297668673767
28.07.2019	17273.59832765562
29.07.2019	20132.33939488948
30.07.2019	20527.477237772993
31.07.2019	20452.016393442624
01.08.2019	25699.454516790163
02.08.2019	22451.711257871295
03.08.2019	22396.971878862794
04.08.2019	18036.568453768454
05.08.2019	21330.702715283165
06.08.2019	21464.14465116279
07.08.2019	21790.140851589014
08.08.2019	21149.187030075187
09.08.2019	21192.95264797508
10.08.2019	18118.785098522167
11.08.2019	16994.523275727854
12.08.2019	20174.710055521282
13.08.2019	20532.65224832737
14.08.2019	21868.852144294782
15.08.2019	20987.022766256043
16.08.2019	21163.473561792525
17.08.2019	18716.78009259259
18.08.2019	18467.432654963493
19.08.2019	21289.123627235644
20.08.2019	21151.49067164179
21.08.2019	21228.393549387503
22.08.2019	21494.20421875
23.08.2019	21119.417903525045
24.08.2019	19992.040221694377
25.08.2019	22497.872945830797
26.08.2019	24261.071507150715
27.08.2019	22149.876227591583
28.08.2019	21543.323868954758
29.08.2019	21323.259510241798
30.08.2019	21066.806828811972
31.08.2019	19887.703115264798
01.09.2019	20133.818494220555
02.09.2019	22051.521766169153
03.09.2019	21631.17466020934
04.09.2019	20682.60763454318
05.09.2019	21712.162040626452
06.09.2019	22021.9478301739
07.09.2019	19514.502955818294
08.09.2019	19207.355670103094
09.09.2019	21392.78178427106
10.09.2019	19759.547276142766
11.09.2019	19800.739630262546
12.09.2019	20314.847110006216
13.09.2019	17954.18358941866
14.09.2019	17794.449844720497
15.09.2019	18289.748784695
16.09.2019	20695.820449264138
17.09.2019	19883.937470835277
18.09.2019	20003.681642735835
19.09.2019	20232.032084716295
20.09.2019	20404.677879398543
21.09.2019	17459.794743429287
22.09.2019	17262.721013925835
23.09.2019	18540.359801488834
24.09.2019	21928.52103250478
25.09.2019	20200.623433583958
26.09.2019	19594.447290332657
27.09.2019	18863.8751775288
28.09.2019	17824.21947809879
29.09.2019	17628.715487690868
30.09.2019	20424.432957393485
01.10.2019	21073.31232492997
02.10.2019	20495.725737730787
03.10.2019	20571.41171875
04.10.2019	20374.82344720497
05.10.2019	17832.880453345755
06.10.2019	17137.707861683983
07.10.2019	20756.897391577622
08.10.2019	21786.36460957179
09.10.2019	23163.116001257466
10.10.2019	21463.271437578816
11.10.2019	21115.415945903445
12.10.2019	19118.99810396587
13.10.2019	17462.684813304048
14.10.2019	20292.476436511664
15.10.2019	21537.71917275696
16.10.2019	21974.295009475678
17.10.2019	22039.169523809524
18.10.2019	22807.365360303414
19.10.2019	20248.345609065156
20.10.2019	18764.931836029526
21.10.2019	20914.766724932466
22.10.2019	22239.657985028072
23.10.2019	24467.5742481203
24.10.2019	23565.258939974457
25.10.2019	24096.127305369675
26.10.2019	23163.423966810275
27.10.2019	20478.080336896663
28.10.2019	23135.6123037488
29.10.2019	22706.80792142972
30.10.2019	22813.054058389476
31.10.2019	23960.10682110682
01.11.2019	22541.436056696926
02.11.2019	19180.276029841065
03.11.2019	18028.800797448166
04.11.2019	21459.259522272434
05.11.2019	23012.89304641079
06.11.2019	22414.886667741415
07.11.2019	25894.155829414627
08.11.2019	21547.66698982065
09.11.2019	19818.940524686328
10.11.2019	19801.481586402268
11.11.2019	23472.09141042781
12.11.2019	23056.763367651944
13.11.2019	22898.306835190422
14.11.2019	21895.24311774461
15.11.2019	22444.42114934848
16.11.2019	19589.088293980712
17.11.2019	19969.787813382034
18.11.2019	24982.86774786825
19.11.2019	25544.894165535956
20.11.2019	22934.409849749583
21.11.2019	28973.238879736407
22.11.2019	31687.07764548046
23.11.2019	23858.67261314833
24.11.2019	23467.59770497256
25.11.2019	30507.350110150823
26.11.2019	30708.719936429454
27.11.2019	28400.458097595474
28.11.2019	27608.787771062922
29.11.2019	27639.4504183728
30.11.2019	24379.63205892669
01.12.2019	25933.143544935807
02.12.2019	27065.889026111505
03.12.2019	24340.43556975506
04.12.2019	29348.911521895192
05.12.2019	24675.830161835318
06.12.2019	23017.421155904387
07.12.2019	19382.023317435083
08.12.2019	20647.69699662342
09.12.2019	24920.494421816893
10.12.2019	25189.798279494382
11.12.2019	24670.655734767024
12.12.2019	24847.418682089028
13.12.2019	24562.471405079483
14.12.2019	23120.99727148704
15.12.2019	22917.757167934466
16.12.2019	26803.747252747253
17.12.2019	27158.500396039602
18.12.2019	28105.335738624974
19.12.2019	27176.00338983051
20.12.2019	27193.241330928042
21.12.2019	24584.667782591572
22.12.2019	24406.502102944123
23.12.2019	27160.008403361346
24.12.2019	24708.234726054394
25.12.2019	24055.62008821171
26.12.2019	24563.124324324323
27.12.2019	24640.588176751593
28.12.2019	21574.76947347663
29.12.2019	21031.2685203575
30.12.2019	24593.44147557328
31.12.2019	24239.232203729698
01.01.2020	20546.333935742972
02.01.2020	20138.013734812466
03.01.2020	19393.973781048757
04.01.2020	19028.51719939117
05.01.2020	18408.394882860666
06.01.2020	20291.783328272093
07.01.2020	21159.582121536812
08.01.2020	22383.119014626634
09.01.2020	20202.526186830015
10.01.2020	20076.300412150817
11.01.2020	18342.780177696077
12.01.2020	58220.16147352264
13.01.2020	23742.98623853211
14.01.2020	22775.886743295017
15.01.2020	23365.067375886523
16.01.2020	21422.174651767946
17.01.2020	22154.504962589708
18.01.2020	20423.388581952117
19.01.2020	20571.475342465754
20.01.2020	20165.22246087757
21.01.2020	18521.607425441267
22.01.2020	17211.762978986404
23.01.2020	18583.16410646388
24.01.2020	19244.02640466687
25.01.2020	16539.95547681405
26.01.2020	16844.47066974596
27.01.2020	17354.33272283272
28.01.2020	19065.314544616802
29.01.2020	19057.22683559762
30.01.2020	20605.836484810912
31.01.2020	21319.242564339653
01.02.2020	18760.83492601726
02.02.2020	17803.18999541074
03.02.2020	20789.508890251378
04.02.2020	17656.462686567163
05.02.2020	20346.206629491946
06.02.2020	20243.92879066912
07.02.2020	21436.555077584882
08.02.2020	21964.56115664141
09.02.2020	20936.71822523494
10.02.2020	21715.294296116506
11.02.2020	23172.662687480868
12.02.2020	26520.932539068544
13.02.2020	25626.90248418454
14.02.2020	26040.915755428923
15.02.2020	23067.163318912237
16.02.2020	22162.908577533577
17.02.2020	24137.82860245075
18.02.2020	24219.291666666668
19.02.2020	23046.126557277425
20.02.2020	23416.69537037037
21.02.2020	22264.03258687259
22.02.2020	20003.88832720588
23.02.2020	19886.523576240048
24.02.2020	23637.330658848943
25.02.2020	24109.093866171002
26.02.2020	25491.037990196077
27.02.2020	24705.746660525103
28.02.2020	24026.704199353946
29.02.2020	20707.11336094493
01.03.2020	21400.1701308699
02.03.2020	22782.19332619011
03.03.2020	22381.982464236273
04.03.2020	21477.367656058752
05.03.2020	23417.15493836792
06.03.2020	22542.662149817297
07.03.2020	20794.291590214067
08.03.2020	23672.82493894994
09.03.2020	27887.098429482197
10.03.2020	25113.369036626653
11.03.2020	24782.493337417676
12.03.2020	27723.13306451613
13.03.2020	27581.950329050454
14.03.2020	23302.708936825886
15.03.2020	23168.939659143252
16.03.2020	26368.959463625153
17.03.2020	24937.49393147949
18.03.2020	24088.277139794824
19.03.2020	27412.984264116014
20.03.2020	27083.94857054071
21.03.2020	26578.394941030416
22.03.2020	25601.423174603173
23.03.2020	25426.183777915634
24.03.2020	26101.152961562697
25.03.2020	24775.334797615313
26.03.2020	24660.60497066996
27.03.2020	23261.884803173634
28.03.2020	22244.676325524044
29.03.2020	19253.22120797201
30.03.2020	22929.254124903622
31.03.2020	24056.512669962918
01.04.2020	23177.376926598503
02.04.2020	24853.00863664405
03.04.2020	24126.690209897348
04.04.2020	21334.883376983515
05.04.2020	20358.90164438297
06.04.2020	26036.3301725478
07.04.2020	25184.106957583157
08.04.2020	25392.89510919717
09.04.2020	23447.234912795186
10.04.2020	24575.058326937837
11.04.2020	22996.304741110416
12.04.2020	22759.79881476979
13.04.2020	24304.64024577573
14.04.2020	24939.700863930884
15.04.2020	24632.765675550763
16.04.2020	26128.827639511517
17.04.2020	24920.229325058186
18.04.2020	24272.015363128492
19.04.2020	23223.778017573608
20.04.2020	26205.610683497536
21.04.2020	25515.005748019263
22.04.2020	25227.873013423854
23.04.2020	25962.51657886582
24.04.2020	25533.04833230389
25.04.2020	24985.58631972577
26.04.2020	25058.111799318674
27.04.2020	25765.98481326515
28.04.2020	26055.857009345793
29.04.2020	27927.697211155377
30.04.2020	28663.15195232868
01.05.2020	25889.945019305018
02.05.2020	23860.719054242003
03.05.2020	24822.320666562842
04.05.2020	26938.94786729858
05.05.2020	24539.770212111896
06.05.2020	27906.74898214845
07.05.2020	31418.826336173508
08.05.2020	27038.24420211949
09.05.2020	27758.40543919975
10.05.2020	27546.908670876328
11.05.2020	27591.773426573425
12.05.2020	26832.988746483275
13.05.2020	25702.97763726095
14.05.2020	25606.7899302866
15.05.2020	27275.978670403238
16.05.2020	26715.898937831927
17.05.2020	25428.736825838354
18.05.2020	26531.553387449265
19.05.2020	26817.342937676167
20.05.2020	27680.45793958172
21.05.2020	28609.18450813323
22.05.2020	28545.34770974343
23.05.2020	26835.63703362506
24.05.2020	26739.005771330525
25.05.2020	26743.416627377024
26.05.2020	28229.937789441185
27.05.2020	26742.43234016139
28.05.2020	27983.887416185873
29.05.2020	30559.316288467515
30.05.2020	27271.625465838508
31.05.2020	29260.945637065637
01.06.2020	29939.64755506952
02.06.2020	30159.777794982965
03.06.2020	27391.15185127324
04.06.2020	28845.758363155437
05.06.2020	27446.46206045651
06.06.2020	29092.378088578087
07.06.2020	29163.703216826478
08.06.2020	29046.759163936982
09.06.2020	28816.848148148147
10.06.2020	31136.95856873823
11.06.2020	30365.60204397646
12.06.2020	27921.125115278206
13.06.2020	25744.032213316892
14.06.2020	25217.953570334048
15.06.2020	29458.23568554627
16.06.2020	28872.666045066046
17.06.2020	28123.17129052369
18.06.2020	28974.478294573644
19.06.2020	30653.1297862525
20.06.2020	31026.556243230698
21.06.2020	34003.25903151422
22.06.2020	36755.85778466305
23.06.2020	37097.79012728966
24.06.2020	38433.12617615302
25.06.2020	38239.48248062016
26.06.2020	35309.125
27.06.2020	36473.03817753339
28.06.2020	33620.49671605315
29.06.2020	34826.50508368528
30.06.2020	34511.42244173484
01.07.2020	35255.205960368236
02.07.2020	36414.15150574356
03.07.2020	35934.91953667954
04.07.2020	32081.01026917691
05.07.2020	29735.526331998768
06.07.2020	34648.54855195912
07.07.2020	35738.57378311768
08.07.2020	36696.12234860129
09.07.2020	36305.52115085536
10.07.2020	33660.402903527945
11.07.2020	31408.221643961428
12.07.2020	33339.07733785241
13.07.2020	38812.807638995844
14.07.2020	35594.76522010615
15.07.2020	36338.54369682908
16.07.2020	34885.25085749922
17.07.2020	35468.68562132011
18.07.2020	37273.32929819185
19.07.2020	39012.146953960626
20.07.2020	38791.23865755127
21.07.2020	38915.405329153604
22.07.2020	39085.81749226006
23.07.2020	38977.43038945109
24.07.2020	40053.67471547216
25.07.2020	43155.099921321795
26.07.2020	38986.615906288534
27.07.2020	42467.816263190565
28.07.2020	40420.38928350834
29.07.2020	40068.53055896806
30.07.2020	40033.78515502662
31.07.2020	41293.519061583575
01.08.2020	39194.48580635262
02.08.2020	38262.330712303425
03.08.2020	39134.65858554663
04.08.2020	38777.46967340591
05.08.2020	39223.61158432709
06.08.2020	40070.700844205676
07.08.2020	41243.8948017893
08.08.2020	40881.54591915751
09.08.2020	42760.70260336906
10.08.2020	43623.48534402962
11.08.2020	42282.27906617193
12.08.2020	42489.74258490856
13.08.2020	40820.08535267788
14.08.2020	41347.748462484626
15.08.2020	37635.1545945946
16.08.2020	39414.59262106072
17.08.2020	40567.50593935605
18.08.2020	41972.99557994208
19.08.2020	41020.736130321195
20.08.2020	40494.27961432507
21.08.2020	43295.73651771957
22.08.2020	38709.33488228005
23.08.2020	37975.09335563327
24.08.2020	39425.81476365869
25.08.2020	38421.949883268484
26.08.2020	38861.802092811646
27.08.2020	37974.84623672464
28.08.2020	38555.70029083116
29.08.2020	39751.58896742471
30.08.2020	41266.22860205176
31.08.2020	41082.17020631068
01.09.2020	41299.416934619505
02.09.2020	39766.8769064859
03.09.2020	39339.26148847285
04.09.2020	37489.93370667474
05.09.2020	36170.32879853256
06.09.2020	35850.91544395704
07.09.2020	36289.54822256569
08.09.2020	36065.11528437836
09.09.2020	36404.89090909091
10.09.2020	39036.60460829493
11.09.2020	37012.94308324456
12.09.2020	36746.923550223044
13.09.2020	37460.82673796792
14.09.2020	38902.391762155465
15.09.2020	38490.466646313536
16.09.2020	37243.12875735978
17.09.2020	58953.365250379364
18.09.2020	44691.05734265734
19.09.2020	39058.35795280417
20.09.2020	37326.53799484301
21.09.2020	38593.12897822446
22.09.2020	40218.441062276754
23.09.2020	38869.99019457638
24.09.2020	37689.685859051126
25.09.2020	37257.76720396776
26.09.2020	36637.561313414255
27.09.2020	36579.792870603014
28.09.2020	38712.47970018738
29.09.2020	38830.67277281979
30.09.2020	38200.75202998126
01.10.2020	36977.08046692607
02.10.2020	36763.088036472254
03.10.2020	34866.480470588234
04.10.2020	37144.83838066844
05.10.2020	37933.04747130003
06.10.2020	39563.127317676146
07.10.2020	37956.94019252012
08.10.2020	37114.700206316455
09.10.2020	37291.92599560991
10.10.2020	35619.02534951606
11.10.2020	35264.67894656721
12.10.2020	38656.52191420164
13.10.2020	38207.084119257685
14.10.2020	37252.53900275313
15.10.2020	39335.36374714394
16.10.2020	37896.83974753695
17.10.2020	34983.435115673354
18.10.2020	34916.19348837209
19.10.2020	38375.802092811646
20.10.2020	38672.905303612606
21.10.2020	39300.347766006445
22.10.2020	39041.24946466809
23.10.2020	37596.57429718875
24.10.2020	33662.88863567305
25.10.2020	33758.58388640222
26.10.2020	37969.37024435509
27.10.2020	38240.932267884324
28.10.2020	39477.7644634407
29.10.2020	38597.77980386148
30.10.2020	38732.305962101374
31.10.2020	37663.94652160588
01.11.2020	36822.681154968515
02.11.2020	39218.826691380906
03.11.2020	38720.25345197914
04.11.2020	38592.948061896735
05.11.2020	38977.39269266196
06.11.2020	40265.09970943569
07.11.2020	39353.37876923077
08.11.2020	35310.9665035179
09.11.2020	39367.61610573229
10.11.2020	40206.18567885927
11.11.2020	36840.32735906863
12.11.2020	37937.46022727273
13.11.2020	39425.125344352615
14.11.2020	36612.43686945888
15.11.2020	36703.66009776963
16.11.2020	38424.67557134033
17.11.2020	39877.92687022901
18.11.2020	38279.58209417596
19.11.2020	38221.10062036617
20.11.2020	40044.00914445133
21.11.2020	40072.76256472738
22.11.2020	40162.80888001229
23.11.2020	42075.16075027127
24.11.2020	41630.9590376123
25.11.2020	41409.451228938015
26.11.2020	40851.42782795041
27.11.2020	38211.78743961352
28.11.2020	34215.16957114714
29.11.2020	34740.568796068794
30.11.2020	40057.8701674277
01.12.2020	40453.49716214143
02.12.2020	38852.087719298244
03.12.2020	40531.56334807135
04.12.2020	41261.70925724919
05.12.2020	37951.65250192456
06.12.2020	38319.81991460811
07.12.2020	40458.81484918793
08.12.2020	42594.860271437385
09.12.2020	40707.59124640315
10.12.2020	39910.34085603113
11.12.2020	42279.6699044095
12.12.2020	36770.58896934216
13.12.2020	37847.461230152614
14.12.2020	40676.084304107906
15.12.2020	40999.10972414856
16.12.2020	42016.819586840094
17.12.2020	43507.85978593272
18.12.2020	40746.63333846865
19.12.2020	40848.06831439975
20.12.2020	39615.98746560685
21.12.2020	42078.807041820415
22.12.2020	42003.27099354045
23.12.2020	48713.75504016977
24.12.2020	42719.49675425039
25.12.2020	53907.684693084695
26.12.2020	45644.7867233784
27.12.2020	45277.975414874
28.12.2020	46017.5235713203
29.12.2020	44851.381747269894
30.12.2020	43027.57732273838
31.12.2020	41258.58182097816
01.01.2021	40957.12589763178
02.01.2021	40870.414179669744
03.01.2021	43196.30728844966
04.01.2021	43280.373024397726
05.01.2021	43617.11604409063
06.01.2021	44121.26569005397
07.01.2021	44984.50605966439
08.01.2021	43536.1257394206
09.01.2021	42520.3543854231
10.01.2021	42575.54485810192
11.01.2021	45243.4814588738
12.01.2021	41753.1643020595
13.01.2021	40868.228318853835
14.01.2021	42958.90711832657
15.01.2021	43197.33931013524
16.01.2021	42906.504148740016
17.01.2021	42376.43455497382
18.01.2021	44472.520935960594
19.01.2021	45833.72860860248
20.01.2021	43996.733201581024
21.01.2021	43867.60744056808
22.01.2021	43220.961117111554
23.01.2021	42081.35422718239
24.01.2021	42592.85496065422
25.01.2021	45117.62369711833
26.01.2021	44228.15167331901
27.01.2021	44546.87260358689
28.01.2021	45209.86642043706
29.01.2021	46505.41810010848
30.01.2021	44633.7
31.01.2021	44763.97031791472
01.02.2021	45839.64293419633
02.02.2021	46773.736526024026
03.02.2021	45658.49583590376
04.02.2021	44850.0306936771
05.02.2021	45506.756475880255
06.02.2021	42340.10047553306
07.02.2021	43081.00579798596
08.02.2021	44454.320037105754
09.02.2021	44979.868774094066
10.02.2021	44273.53676470588
11.02.2021	44891.815866196106
12.02.2021	46649.78709380748
13.02.2021	46886.661684571074
14.02.2021	44845.53209330691
15.02.2021	45528.75092364532
16.02.2021	44499.00616808019
17.02.2021	46217.24858757062
18.02.2021	46845.86210640608
19.02.2021	45793.745020526076
20.02.2021	45875.50346420323
21.02.2021	43971.006939090206
22.02.2021	46481.77155172414
23.02.2021	45604.59381728699
24.02.2021	45883.30406554336
25.02.2021	44061.67567152724
26.02.2021	45155.56052992234
27.02.2021	44222.63492063492
28.02.2021	44516.11550950982
01.03.2021	43248.97591105621
02.03.2021	44517.99282442748
03.03.2021	46033.64747191011
04.03.2021	45598.1907904835
05.03.2021	46126.89195402299
06.03.2021	43620.20569861344
07.03.2021	44396.720549637175
08.03.2021	44972.992
09.03.2021	46977.608269858545
10.03.2021	45370.654011022656
11.03.2021	47008.44723304755
12.03.2021	46676.59598145286
13.03.2021	47111.902334152335
14.03.2021	47575.50367985281
15.03.2021	47933.730619853966
16.03.2021	46861.98757668712
17.03.2021	44590.20573719926
18.03.2021	49524.21596677434
19.03.2021	45564.73731939748
20.03.2021	44983.56963382871
21.03.2021	44771.57452110263
22.03.2021	46429.93882896764
23.03.2021	46338.46425826287
24.03.2021	45814.34315237508
25.03.2021	45838.98894688363
26.03.2021	43815.05551307539
27.03.2021	43806.311950655356
28.03.2021	43567.09856768828
29.03.2021	45570.20795576716
30.03.2021	45977.28965940473
31.03.2021	47745.26937383757
01.04.2021	46976.00061387354
02.04.2021	46588.04229934924
03.04.2021	45586.01011184311
04.04.2021	43018.84301173602
05.04.2021	44881.58248847926
06.04.2021	46990.89881227827
07.04.2021	46174.25883432767
08.04.2021	45249.56096049574
09.04.2021	46153.71054669351
10.04.2021	44570.19416590702
11.04.2021	43197.9019248396
12.04.2021	45664.39502762431
13.04.2021	46473.22258263824
14.04.2021	48036.605675298495
15.04.2021	44715.024
16.04.2021	46856.93673247319
17.04.2021	48014.01515385805
18.04.2021	48582.73050299954
19.04.2021	48416.6453125
20.04.2021	49161.56808510638
21.04.2021	52544.29283632459
22.04.2021	56893.59591709522
23.04.2021	55991.08604651163
24.04.2021	48459.88307692308
25.04.2021	49202.52326293235
26.04.2021	52204.202750734046
27.04.2021	52210.777897657215
28.04.2021	54553.26999845273
29.04.2021	55085.837291795186
30.04.2021	53690.2026042474
01.05.2021	53101.39898289413
02.05.2021	54312.48239326893
03.05.2021	54917.802213001385
04.05.2021	57865.361623616234
05.05.2021	55406.564590365146
06.05.2021	55789.24992267244
07.05.2021	55721.981386691485
08.05.2021	59432.17345050879
09.05.2021	58785.67320160543
10.05.2021	58272.6203774743
11.05.2021	56531.42996742671
12.05.2021	57010.957757415745
13.05.2021	57095.54527378403
14.05.2021	54076.85517986722
15.05.2021	53430.36623416744
16.05.2021	53555.852585939916
17.05.2021	55661.000311575015
18.05.2021	54857.20470369797
19.05.2021	62116.3717888837
20.05.2021	57867.19093300325
21.05.2021	56421.23478939157
22.05.2021	52669.56592386258
23.05.2021	55384.85388906105
24.05.2021	55579.01587790967
25.05.2021	54993.295908807
26.05.2021	55919.171046493546
27.05.2021	53159.60715953307
28.05.2021	54531.546185981744
29.05.2021	51466.62146281119
30.05.2021	51137.876889512234
31.05.2021	51252.24708080336
01.06.2021	51712.9459709787
02.06.2021	52376.19643406087
03.06.2021	53099.50256649557
04.06.2021	52497.99677864703
05.06.2021	48258.08470624806
06.06.2021	45406.673453766074
07.06.2021	51535.17633338516
08.06.2021	53945.83135135135
09.06.2021	53020.739474910675
10.06.2021	52406.69498607242
11.06.2021	53208.692128912306
12.06.2021	49961.17360895244
13.06.2021	50356.13270508265
14.06.2021	52525.68853988493
15.06.2021	52982.6479631053
16.06.2021	54570.23269260822
17.06.2021	54363.077719406676
18.06.2021	54185.44309133489
19.06.2021	48083.24229691877
20.06.2021	50499.7466378111
21.06.2021	58114.87571247625
22.06.2021	58297.0942985863
23.06.2021	55362.3810857054
24.06.2021	53727.26004985977
25.06.2021	56446.36518448439
26.06.2021	52161.04683367045
27.06.2021	52183.361197270475
28.06.2021	57703.223940612435
29.06.2021	55115.94864189822
30.06.2021	54973.42525174283
01.07.2021	54672.25858267717
02.07.2021	52887.842783905544
03.07.2021	51333.3760324139
04.07.2021	52285.70284917931
05.07.2021	53362.71350677676
06.07.2021	54750.07346303502
07.07.2021	54618.491392801254
08.07.2021	54011.34821705426
09.07.2021	55491.98563846394
10.07.2021	52603.25515743757
11.07.2021	51554.56001868286
12.07.2021	53547.33416967226
13.07.2021	55706.65546218488
14.07.2021	58508.395461658845
15.07.2021	60783.862766454025
16.07.2021	58138.892254298786
17.07.2021	58079.58140632374
18.07.2021	59463.266363208284
19.07.2021	63603.754467754465
20.07.2021	63047.63685123836
21.07.2021	61701.4349859682
22.07.2021	59060.353783867955
23.07.2021	60063.59202647337
24.07.2021	60022.56032213102
25.07.2021	60410.23652554288
26.07.2021	62069.70984537709
27.07.2021	61884.26891827306
28.07.2021	62465.42870767764
29.07.2021	59286.75424795469
30.07.2021	59157.04196585288
31.07.2021	60109.041282946964
01.08.2021	64845.92667089008
02.08.2021	65173.50578486554
03.08.2021	65621.33186259061
04.08.2021	70127.97706422018
05.08.2021	71396.598676957
06.08.2021	73362.35265850255
07.08.2021	69407.69812185067
08.08.2021	72062.3077278325
09.08.2021	74105.13420445811
10.08.2021	77706.66036575995
11.08.2021	74202.643180753
12.08.2021	72469.66697388633
13.08.2021	78084.39496447328
14.08.2021	78111.65123076923
15.08.2021	74784.5906542056
16.08.2021	71481.68769230769
17.08.2021	72395.18554327809
18.08.2021	68426.34536646352
19.08.2021	68754.238385377
20.08.2021	67678.84022294472
21.08.2021	71427.68263100607
22.08.2021	78148.84220211624
23.08.2021	80990.5389296302
24.08.2021	91843.776309725
25.08.2021	85143.65149867992
26.08.2021	84562.64083640836
27.08.2021	82066.29902037008
28.08.2021	83726.0520123839
29.08.2021	84515.8910463862
30.08.2021	86918.12901730531
31.08.2021	81212.41843861555
01.09.2021	77894.39271882262
02.09.2021	73326.21800947867
03.09.2021	72030.84840548452
04.09.2021	74381.49167833256
05.09.2021	72251.13309848368
06.09.2021	73325.06208391392
07.09.2021	76559.36559139784
08.09.2021	67791.95103926097
09.09.2021	72831.36606866687
10.09.2021	72270.2867316922
11.09.2021	76405.59896810507
12.09.2021	80368.727286632
13.09.2021	76076.57189644416
14.09.2021	78371.60393127998
15.09.2021	77512.0424542919
16.09.2021	84901.41897720272
17.09.2021	79592.14860058759
18.09.2021	77765.82963881569
19.09.2021	82860.65596189305
20.09.2021	86584.53575870646
21.09.2021	84717.6585591133
22.09.2021	84006.11542644088
23.09.2021	82224.7214163157
24.09.2021	87100.43268783888
25.09.2021	82294.97215883159
26.09.2021	85681.3350515464
27.09.2021	86369.31437867989
28.09.2021	89476.6560239069
29.09.2021	87284.77604491578
30.09.2021	82912.94367308299
01.10.2021	81217.0397841172
02.10.2021	81231.26784596118
03.10.2021	90622.88338833883
04.10.2021	90094.04147031103
05.10.2021	91693.41023241304
06.10.2021	86861.39225143925
07.10.2021	81743.51992409867
08.10.2021	81846.94810659187
09.10.2021	77828.60292959522
10.10.2021	75463.78901960784
11.10.2021	77155.75211532434
12.10.2021	78523.13521171101
13.10.2021	79415.49493670886
14.10.2021	72693.93080568721
15.10.2021	77339.6962646407
16.10.2021	67969.6578581363
17.10.2021	70980.99232576351
18.10.2021	70434.7042431919
19.10.2021	70772.43059006211
20.10.2021	70098.34435001574
21.10.2021	72322.86819793432
22.10.2021	73170.73982218062
23.10.2021	72291.79505356017
24.10.2021	71576.06431828903
25.10.2021	71494.1389841072
26.10.2021	69812.71141253508
27.10.2021	69414.24349881797
28.10.2021	67421.64216604245
29.10.2021	64129.09689070352
30.10.2021	62412.12214342001
31.10.2021	63743.487573215134
01.11.2021	65442.148684415384
02.11.2021	65874.3449587825
03.11.2021	65289.97024275646
04.11.2021	64493.94699140401
05.11.2021	63036.368600682596
06.11.2021	62972.41457643161
07.11.2021	63388.70478847048
08.11.2021	63552.848566025845
09.11.2021	67095.69664155682
10.11.2021	68128.9451582576
11.11.2021	64004.11752706731
12.11.2021	61834.19311633702
13.11.2021	64644.17846980714
14.11.2021	64874.472340425535
15.11.2021	68317.64408925462
16.11.2021	71564.42740645987
17.11.2021	70782.96463223787
18.11.2021	68397.07046453233
19.11.2021	69999.70314505776
20.11.2021	67221.01636219221
21.11.2021	72737.21552409734
22.11.2021	73137.44856290247
23.11.2021	72569.0695693327
24.11.2021	72979.33296319797
25.11.2021	69642.50245914643
26.11.2021	71696.70070762304
27.11.2021	70858.95709364234
28.11.2021	71614.50719309463
29.11.2021	71807.72160463993
30.11.2021	70185.83351973159
01.12.2021	68926.43530543531
02.12.2021	69737.774415626
03.12.2021	66293.03956148714
04.12.2021	70232.10150558523
05.12.2021	69488.43962748875
06.12.2021	67603.32791327914
07.12.2021	65338.15049473348
08.12.2021	69760.51164658634
09.12.2021	68557
10.12.2021	67807.10129142679
11.12.2021	67005.39651718292
12.12.2021	66346.28851755327
13.12.2021	72438.93956213383
14.12.2021	71391.6230636833
15.12.2021	69995.6835443038
16.12.2021	64165.93809598249
17.12.2021	73508.82733034472
18.12.2021	75494.77197295635
19.12.2021	67942.74031608304
20.12.2021	69853.04155844156
21.12.2021	68846.24790437752
22.12.2021	68696.83395580454
23.12.2021	72290.77131722526
24.12.2021	72147.36502782932
25.12.2021	72236.17708978328
26.12.2021	71563.17952682852
27.12.2021	78825.20457001698
28.12.2021	79688.72493014592
29.12.2021	83473.78493633993
30.12.2021	80678.8095460199
31.12.2021	79151.92616397554
01.01.2022	78274.81048263142
02.01.2022	85060.02617397999
03.01.2022	87429.39219934994
04.01.2022	83141.69525716045
05.01.2022	87221.07352941176
06.01.2022	84717.31382978724
07.01.2022	86750.19663708548
08.01.2022	90911.86642156863
09.01.2022	98885.9240817581
10.01.2022	94963.14390168015
11.01.2022	94160.72038567493
12.01.2022	85423.91273402444
13.01.2022	89653
14.01.2022	90612.0063585608
15.01.2022	90408.25184956843
16.01.2022	90868.09683369198
17.01.2022	92036.44947466007
18.01.2022	91082.22919888649
19.01.2022	87189.5894980695
20.01.2022	80056.3654853621
21.01.2022	88114.2795244799
22.01.2022	86842.41717510678
23.01.2022	81407.18711276332
24.01.2022	87441.9978291208
25.01.2022	89302.59551083592
26.01.2022	90534.26762097402
27.01.2022	93639.1932553126
28.01.2022	86016.53947165147
29.01.2022	88540.07289893205
30.01.2022	90449.74036697247
31.01.2022	86305.31250966445
01.02.2022	90122.8740387573
02.02.2022	93110.08179705654
03.02.2022	88579.90535491906
04.02.2022	85059.57295319409
05.02.2022	83069.34397995929
06.02.2022	80035.73937633751
07.02.2022	87933.4807424594
08.02.2022	85709.83825816485
09.02.2022	86954.40836807164
10.02.2022	90584.311898105
11.02.2022	90687.53389570552
12.02.2022	84500.07989491578
13.02.2022	87651.24729520865
14.02.2022	88983.35219345838
15.02.2022	92113.5291411043
16.02.2022	95430.44673217907
17.02.2022	99672.64746757258
18.02.2022	98782.95761919601
19.02.2022	101752.20430778836
20.02.2022	102348.90595274624
21.02.2022	119117.58392912651
22.02.2022	100336.92356490793
23.02.2022	98861.741174657
24.02.2022	95329.82081727062
25.02.2022	98881.46765163296
26.02.2022	93369.91996904025
27.02.2022	90823.32120838472
28.02.2022	89598.66625155666
01.03.2022	90397.90885296382
02.03.2022	95788.4537788882
03.03.2022	95380.26518908865
04.03.2022	86098.19178082192
05.03.2022	79961.46769134254
06.03.2022	81129.1158698022
07.03.2022	85396.36931906313
08.03.2022	87321.14330413016
09.03.2022	87457.8348186847
10.03.2022	86476.5337962963
11.03.2022	89830.54983414942
12.03.2022	85188.70241204486
13.03.2022	86475.45661450924
14.03.2022	88667.82099721277
15.03.2022	88740.1273805807
16.03.2022	88594.31121890158
17.03.2022	82978.87599190914
18.03.2022	83297.16110937987
19.03.2022	80792.23833152426
20.03.2022	87035.75381263616
21.03.2022	86140.14858748244
22.03.2022	87874.9385665529
23.03.2022	89309.5402173913
24.03.2022	86000.29031755915
25.03.2022	85756.6572762646
26.03.2022	80057.53792134831
27.03.2022	82095.82267396404
28.03.2022	83044.2435441472
29.03.2022	82975.68381897087
30.03.2022	83747.79605880514
31.03.2022	85719.56361085127
01.04.2022	87025.60690405847
02.04.2022	89474.55709342561
03.04.2022	92114.7852474323
04.04.2022	91129.59645793801
05.04.2022	89597.01025163094
06.04.2022	94644.23605484575
07.04.2022	102100.80551230146
08.04.2022	100594.78782142294
09.04.2022	92217.93389329601
10.04.2022	97366.89048586159
11.04.2022	93680.07383279044
12.04.2022	92832.92941358982
13.04.2022	92827.30497465146
14.04.2022	92959.10624024962
15.04.2022	88831.86653169288
16.04.2022	87808.02857589007
17.04.2022	91637.43756802985
18.04.2022	92883.45559055118
19.04.2022	92489.6880361878
20.04.2022	97681.18378462495
21.04.2022	91294.72166587188
22.04.2022	94383.9530714063
23.04.2022	90136.60696907864
24.04.2022	95804.98588013806
25.04.2022	95000.32324187954
26.04.2022	89904.5457278481
27.04.2022	97547.38169852711
28.04.2022	90735.37255828608
29.04.2022	88750.66279799247
30.04.2022	85285.57662624035
01.05.2022	87744.45400407459
02.05.2022	86340.57792105677
03.05.2022	90296.54228463238
04.05.2022	90234.75998721637
05.05.2022	92949.29976171565
06.05.2022	92360.74575733545
07.05.2022	83276.95765420262
08.05.2022	79985.24127585662
09.05.2022	91599.48732849072
10.05.2022	98301.43991623711
11.05.2022	99988.60397601766
12.05.2022	98964.37879767292
13.05.2022	88510.76503847966
14.05.2022	86964.38560205227
15.05.2022	88217.00651931945
16.05.2022	90246.44290712469
17.05.2022	103812.65457438346
18.05.2022	89802.34998398976
19.05.2022	93538.25605366493
20.05.2022	93262.12447188821
21.05.2022	98302.94399350649
22.05.2022	100975.04590003267
23.05.2022	94581.59832770542
24.05.2022	98534.78547909121
25.05.2022	102835.10397404704
26.05.2022	112811.0981615233
27.05.2022	99428.06465101319
28.05.2022	96246.8807979241
29.05.2022	112139.85366249798
30.05.2022	102688.30987532808
31.05.2022	108154.46013667426
01.06.2022	125888.32815819579
02.06.2022	127455.67678571428
03.06.2022	115368.91507742461
04.06.2022	108304.86963892185
05.06.2022	109392.89105910086
06.06.2022	107199.00017259234
07.06.2022	110405.83028369985
08.06.2022	112451.87897331294
09.06.2022	100857.86811294766
10.06.2022	92869.15719857554
11.06.2022	92584.45669962496
12.06.2022	95441.4367186162
13.06.2022	99745.97532133677
14.06.2022	98804.43257351662
15.06.2022	96504.5627826087
16.06.2022	87082.44106529209
17.06.2022	85005.84429301533
18.06.2022	86949.47111416781
19.06.2022	85306.26090001751
20.06.2022	84640.90257196389
21.06.2022	89999.13010064044
22.06.2022	96924.55723622782
23.06.2022	91867.05613109813
24.06.2022	95692.73648900485
25.06.2022	97502.8965775201
26.06.2022	109448.6581920904
27.06.2022	103878.87913509518
28.06.2022	95146.15549698795
29.06.2022	103379.3276444111
30.06.2022	95063
01.07.2022	80287.18342370256
02.07.2022	77835.72456843403
03.07.2022	81207.04785932721
04.07.2022	82624.63263403263
05.07.2022	85825.6817971283
06.07.2022	81529.00293209877
07.07.2022	83732.05764137716
08.07.2022	82623.94506332977
09.07.2022	83419.0754599314
10.07.2022	82233.44326404927
11.07.2022	81512.29287476867
12.07.2022	82884.80724927047
13.07.2022	85891.98237679352
14.07.2022	84110.59556574923
15.07.2022	84352.07830950902
16.07.2022	84132.18827543424
17.07.2022	85065.88639900404
18.07.2022	88572.23869268897
19.07.2022	81056.20027794935
20.07.2022	84300.93931398417
21.07.2022	84739.03243744207
22.07.2022	80839.09276437848
23.07.2022	82352.86307311029
24.07.2022	83636.82408998594
25.07.2022	86433.90007818608
26.07.2022	84632.36504702194
27.07.2022	81309.5765583709
28.07.2022	84234.2311276794
29.07.2022	83336.94208313873
30.07.2022	82555.75502258215
31.07.2022	82523.27861939716
01.08.2022	83749.75593851887
02.08.2022	83353.53242320819
03.08.2022	84139.15059008654
04.08.2022	83379.46094850525
05.08.2022	89407.30436117935
06.08.2022	82974.6283476899
07.08.2022	82541.76527131782
08.08.2022	84838.97649073642
09.08.2022	84650.14215918045
10.08.2022	93481.68705882353
11.08.2022	86458.21412733608
12.08.2022	81448.44805297178
13.08.2022	82517.615830721
14.08.2022	86978.72665400444
15.08.2022	81306.2809759209
16.08.2022	81810.71086036671
17.08.2022	83526.24685859711
18.08.2022	83256.56967213115
19.08.2022	90586.7038516861
20.08.2022	83389.14953565245
21.08.2022	83510.36570799937
22.08.2022	84835.18116520351
23.08.2022	85671.97072249331
24.08.2022	81861.48801150895
25.08.2022	85523.26392914653
26.08.2022	86424.57271123938
27.08.2022	86452.25256574727
28.08.2022	90059.20916813592
29.08.2022	94421.02844950213
30.08.2022	98774.33005957173
31.08.2022	89863.95856
01.09.2022	79534.29554526585
02.09.2022	76642.3543619895
03.09.2022	73328.58080645162
04.09.2022	73810.76184399426
05.09.2022	75632.99740722735
06.09.2022	80446.05703786547
07.09.2022	81261.43518816339
08.09.2022	79662.52129688494
09.09.2022	81196.2657873042
10.09.2022	74219.87508272668
11.09.2022	77614.76937026047
12.09.2022	81240.1270051265
13.09.2022	79714.10653034301
14.09.2022	77840.53299492385
15.09.2022	75363.61177170035
16.09.2022	76254.84983079527
17.09.2022	71667.15624123422
18.09.2022	78827.24403927069
19.09.2022	81423.88984002246
20.09.2022	83552.05617820118
21.09.2022	83556.89169265665
22.09.2022	83197.39619739969
23.09.2022	81449.6472722199
24.09.2022	74353.90778459821
25.09.2022	73321.96414620536
26.09.2022	79875.57812281438
27.09.2022	78741.69402044531
28.09.2022	78202.7374005305
29.09.2022	76731.7922840369
30.09.2022	76766.0382467895
01.10.2022	79346.14642006446
02.10.2022	79320.46801393728
03.10.2022	76479.0227749057
04.10.2022	83575.36562456189
05.10.2022	86099.06743144935
06.10.2022	82121.00083834009
07.10.2022	80646.56129303106
08.10.2022	72412.86399776817
09.10.2022	53280.43283998883
10.10.2022	55628.593859036984
11.10.2022	61346.73073701843
12.10.2022	65259.4387213847
13.10.2022	76420.33952773508
14.10.2022	69566.15442613795
15.10.2022	64125.53634714664
16.10.2022	68463.2570909599
17.10.2022	74723.96645233435
18.10.2022	79028.47433751743
19.10.2022	76544.18017892088
20.10.2022	77070.47466852756
21.10.2022	76786.98087927426
22.10.2022	67134.22899804632
23.10.2022	71892.90325282703
24.10.2022	74790.85323033707
25.10.2022	78190.27195190157
26.10.2022	84521.90763220315
27.10.2022	85312.53630270874
28.10.2022	78574.22189597315
29.10.2022	78080.53398601398
30.10.2022	76524.71400669643
31.10.2022	76573.37009632835
01.11.2022	77522.28033062482
02.11.2022	75674.85299049749
03.11.2022	74663.97456324249
04.11.2022	77715.70005580357
05.11.2022	72700.8092776303
06.11.2022	77750.93987165179
07.11.2022	81092.42006138393
08.11.2022	88979.62679692951
09.11.2022	92791.39135301525
10.11.2022	85277.23474375087
11.11.2022	82450.30597119284
12.11.2022	75008.3037109375
13.11.2022	74334.99274958171
14.11.2022	81660.74159341426
15.11.2022	76642.08809956649
16.11.2022	72024.90657342658
17.11.2022	74656.26567956418
18.11.2022	69972.34027098757
19.11.2022	69390.94961618981
20.11.2022	74488.85857880776
21.11.2022	77323.8209101061
22.11.2022	77278.54573426573
23.11.2022	76098.67199103265
24.11.2022	70351.16201507117
25.11.2022	68249.77641140301
26.11.2022	71239.88001117474
27.11.2022	68460.24556502305
28.11.2022	73283.92
29.11.2022	76430.84493847875
30.11.2022	78334.91511676689
01.12.2022	76573.294946957
02.12.2022	74826.3061252965
03.12.2022	70443.34664246824
04.12.2022	69496.24140341068
05.12.2022	74650.04787234042
06.12.2022	75968.2038767257
07.12.2022	77857.57540636043
08.12.2022	71554.51529116045
09.12.2022	81863.10374720358
10.12.2022	71448.87732030705
11.12.2022	70985.36983240224
12.12.2022	78245.39435438793
13.12.2022	82501.03034540624
14.12.2022	81211.37191121039
15.12.2022	82820.15525433203
16.12.2022	81816.2834799609
17.12.2022	79973.58858020382
18.12.2022	77551.45490086568
19.12.2022	75189.48060284677
20.12.2022	83221.33714604548
21.12.2022	84773.04020661734
22.12.2022	78931.04860724234
23.12.2022	82429.94206934968
24.12.2022	72980.50376779235
25.12.2022	71771.76677360859
26.12.2022	79960.45240089335
27.12.2022	81361.8797150042
28.12.2022	83912.13087108014
29.12.2022	82277.99734673928
30.12.2022	81358.06168015629
31.12.2022	76168.10940552609
01.01.2023	63331.791132180704
02.01.2023	77435.06511433351
03.01.2023	79802.41520223152
04.01.2023	84703.66829336308
05.01.2023	87266.42194269742
06.01.2023	87350.587150838
07.01.2023	81948.81630374092
08.01.2023	82704.26238660153
09.01.2023	92878.79377703363
10.01.2023	91099.88375662852
11.01.2023	92319.73868082727
12.01.2023	93096.22889882616
13.01.2023	94888.48924881317
14.01.2023	97348.70952447357
15.01.2023	90292.4499020431
16.01.2023	91633.04790502794
17.01.2023	89623.46109871723
18.01.2023	80192.50704815073
19.01.2023	77456.64162011174
20.01.2023	76295.96791294643
21.01.2023	77694.96733212341
22.01.2023	69726.5593575419
23.01.2023	75182.37133686854
24.01.2023	81561.35654479486
25.01.2023	80939.04344182149
26.01.2023	82041.6670387943
27.01.2023	83235.52453516008
28.01.2023	76680.75045334078
29.01.2023	78836.81924849839
30.01.2023	83219.9006834984
31.01.2023	83131.60533296104
01.02.2023	83126.29822600922
02.02.2023	86408.00168043691
03.02.2023	87932.70170533967
04.02.2023	83089.17090553381
05.02.2023	82753.1276862964
06.02.2023	86323.37868006139
07.02.2023	86058.47649692222
08.02.2023	87422.62501750946
09.02.2023	91911.2484628284
10.02.2023	90175.98563058036
11.02.2023	80696.04819782062
12.02.2023	81777.48072087175
13.02.2023	90683.3708618522
14.02.2023	88094.38164521544
15.02.2023	93853.31804837131
16.02.2023	95360.43461860855
17.02.2023	96205.59687191772
18.02.2023	94855.1763961176
19.02.2023	100424.48686244203
20.02.2023	109068.16201430776
21.02.2023	106062.980604357
22.02.2023	106556.31482525366
23.02.2023	103332.8994099466
24.02.2023	103976.75370501059
25.02.2023	91693.22862767155
26.02.2023	89707.14369995786
27.02.2023	97088.76938174681
28.02.2023	94595.37642425095
01.03.2023	96257.6631076145
02.03.2023	94460.35681081843
03.03.2023	95722.0294407663
04.03.2023	101033.76941474395
05.03.2023	99575.00941011235
06.03.2023	101210.97609673791
07.03.2023	97429.38195615515
08.03.2023	99756.54792399719
09.03.2023	100964.70279769436
10.03.2023	100341.81248234962
11.03.2023	90389.72041045825
12.03.2023	90323.34838255978
13.03.2023	91746.88140350877
14.03.2023	96852.62615903343
15.03.2023	98560.91213742607
16.03.2023	100522.83274820952
17.03.2023	101003.66666666667
18.03.2023	99611.4896096602
19.03.2023	103914.3446724768
20.03.2023	103528.67428491307
21.03.2023	108252.01208713984
22.03.2023	105783.37038596491
23.03.2023	130029.76442443006
24.03.2023	120807.86943703495
25.03.2023	112673.19654639899
26.03.2023	113062.55616399887
27.03.2023	118144.42037947997
28.03.2023	115640.44199128111
29.03.2023	113731.20061858569
30.03.2023	120828.93397021636
31.03.2023	111629.48070175438
01.04.2023	110065.30559460219
02.04.2023	109046.87970136639
03.04.2023	117278.20429499859
04.04.2023	125590.15866685657
05.04.2023	129990.72275822928
06.04.2023	121377.23302358828
07.04.2023	118264.98200623406
08.04.2023	117079.26352308127
09.04.2023	122357.1444791371
10.04.2023	121645.3970838052
11.04.2023	121619.97266676108
12.04.2023	122134.40621436716
13.04.2023	122093.05132145052
14.04.2023	121774.58621181845
15.04.2023	112377.79814814815
16.04.2023	102819.72479409259
17.04.2023	125862.48874734607
18.04.2023	112551.17996604415
19.04.2023	117204.59912454108
20.04.2023	114694.6453678668
21.04.2023	103950.9997182305
22.04.2023	102312.4842370744
23.04.2023	103583.59318468659
24.04.2023	105847.00953582948
25.04.2023	105061.10838130002
26.04.2023	107157.93222003929
27.04.2023	107188.45492898326
28.04.2023	101326.94917871684
29.04.2023	93070.75910049192
30.04.2023	105854.72651972483
01.05.2023	102486.8282458855
02.05.2023	99673.64154127408
03.05.2023	105097.56056338028
04.05.2023	100291.21027512633
05.05.2023	97044.23352033661
06.05.2023	99898.69427647306
07.05.2023	93956.19527625474
08.05.2023	99069.0756148981
09.05.2023	104693.88596737907
10.05.2023	110704.5520877267
11.05.2023	108630.87037299674
12.05.2023	111659.57871909787
13.05.2023	116493.96214689265
14.05.2023	110662.4001134269
15.05.2023	117135.30618294749
16.05.2023	129913.92476002258
17.05.2023	129738.43751767035
18.05.2023	116119.9801743532
19.05.2023	113343.98320158102
20.05.2023	112736.69774964839
21.05.2023	116251.45806906272
22.05.2023	115337.71983122363
23.05.2023	112147.17942212826
24.05.2023	123715.52952755906
25.05.2023	127311.23464079853
26.05.2023	129792.63109113889
27.05.2023	124587.29717973902
28.05.2023	129549.47489481066
29.05.2023	121203.14661231375
30.05.2023	122123.4695945946
31.05.2023	124286.68023092087
01.06.2023	113935.07832089027
02.06.2023	124334.9981664316
03.06.2023	127685.03774116322
04.06.2023	126344.06191819464
05.06.2023	126886.67514843088
06.06.2023	124515.5023957159
07.06.2023	121020.89575398505
08.06.2023	120772.73251377702
09.06.2023	124599.31281690141
10.06.2023	121489.75355383533
11.06.2023	123477.22729193071
12.06.2023	129235.19589079652
13.06.2023	128065.16842401237
14.06.2023	136985.12795941374
15.06.2023	130752.415787252
16.06.2023	125978.22808988763
17.06.2023	128611.82838745801
18.06.2023	113832.17134437272
19.06.2023	116479.06459766887
20.06.2023	131237.71847795564
21.06.2023	128807.5327259986
22.06.2023	127231.3743323025
23.06.2023	123664.28547321052
24.06.2023	115355.71265822784
25.06.2023	123535.45850914206
26.06.2023	131328.34998592737
27.06.2023	138408.00281769512
28.06.2023	137389.87963610917
29.06.2023	128960.54899761672
30.06.2023	129751.42077192983
01.07.2023	123796.86712598425
02.07.2023	126056.77972518228
03.07.2023	127421.25991003655
04.07.2023	125113.70091356289
05.07.2023	81883.5413165266
06.07.2023	102559.98932734167
07.07.2023	124126.82666666666
08.07.2023	128608.92409333707
09.07.2023	132285.73573235873
10.07.2023	134183.68172224567
11.07.2023	136483.16746277045
12.07.2023	145940.98199971876
13.07.2023	147052.93076273572
14.07.2023	140248.93280854652
15.07.2023	151199.9296432616
16.07.2023	142672.50422178442
17.07.2023	136321.0037820423
18.07.2023	133806.62468443197
19.07.2023	137526.68807854137
20.07.2023	135720.77763783935
21.07.2023	128431.23021985716
22.07.2023	142345.44427352818
23.07.2023	140242.71520492376
24.07.2023	140042.24548887956
25.07.2023	148820.33664752837
26.07.2023	154000.2800447177
27.07.2023	152345.14783216783
28.07.2023	143968.15033594624
29.07.2023	145035.34550286754
30.07.2023	169553.02686066032
31.07.2023	154681.49315833565
01.08.2023	145718.8540706605
02.08.2023	141928.39966485128
03.08.2023	152153.9655703289
04.08.2023	155533.67967002236
05.08.2023	150721.1784765898
06.08.2023	145642.78327262538
07.08.2023	157001.4991598992
08.08.2023	158545.54990900183
09.08.2023	152531.1740834033
10.08.2023	151942.852225021
11.08.2023	147380.29057078905
12.08.2023	149081.82535684298
13.08.2023	148529.88891993853
14.08.2023	155932.96770134228
15.08.2023	170631.39916083915
16.08.2023	149498.48119670068
17.08.2023	151093.46400560223
18.08.2023	145455.8937123652
19.08.2023	157058.63488730227
20.08.2023	154300.62279473536
21.08.2023	154841.039193729
22.08.2023	144587.71037181997
23.08.2023	160163.96018440905
24.08.2023	157728.69629111266
25.08.2023	157141.89951014696
26.08.2023	159257.84632610218
27.08.2023	149980.54368524224
28.08.2023	148567.68742129565
29.08.2023	161771.3544179523
30.08.2023	158305.34267301764
31.08.2023	166957.1819199552
01.09.2023	156911.83716045925
02.09.2023	155530.30685008422
03.09.2023	158494.51490552834
04.09.2023	151792.2253560458
05.09.2023	163443.34266909395
06.09.2023	160743.17103602973
07.09.2023	162601.81375838927
08.09.2023	165176.99761871411
09.09.2023	167661.95025921255
10.09.2023	174202.32151863267
11.09.2023	173455.09659806805
12.09.2023	167821.59405663022
13.09.2023	159746.92806058057
14.09.2023	178679.3367977528
15.09.2023	174851.2924834297
16.09.2023	176711.65550847456
17.09.2023	174361.33025699275
18.09.2023	178477.1431383577
19.09.2023	173548.0849096259
20.09.2023	170537.27594405593
21.09.2023	170290.6731092437
22.09.2023	166432.44198119827
23.09.2023	161046.388266592
24.09.2023	161844.68767507002
25.09.2023	173640.8185760246
26.09.2023	167526.7746991324
27.09.2023	175606.73593618808
28.09.2023	173503.45564120534
29.09.2023	171890.02829527945
30.09.2023	180846.08840782123
01.10.2023	168990.3999161894
02.10.2023	171104.0811828707
03.10.2023	162682.58356662933
04.10.2023	166767.70332588037
05.10.2023	170983.17969514753
06.10.2023	167306.3006993007
07.10.2023	175808.27016072677
08.10.2023	176967.01706532383
09.10.2023	178378.38966676002
10.10.2023	184993.14839160838
11.10.2023	186186.36832515767
12.10.2023	160804.04073348263
13.10.2023	154044.09218268422
14.10.2023	158238.53901006712
15.10.2023	152520.89963656696
16.10.2023	161083.10968462183
17.10.2023	163966.0620979021
18.10.2023	162115.7613047739
19.10.2023	152556.62361830138
20.10.2023	154733.24650642817
21.10.2023	167975.91534909751
22.10.2023	165805.40747480403
23.10.2023	160488.85338187928
24.10.2023	150052.38555228896
25.10.2023	151095.17005752772
26.10.2023	146394.82892712267
27.10.2023	158915.1669694006
28.10.2023	168076.5766270119
29.10.2023	168749.82411426972
30.10.2023	156618.86818882197
31.10.2023	159346.23615977576
01.11.2023	158812.8659116331
02.11.2023	156855.502313841
03.11.2023	168887.15688471776
04.11.2023	187622.74533987386
05.11.2023	187104.84622932435
06.11.2023	166029.10837300477
07.11.2023	175214.32531468532
08.11.2023	179359.91779672864
09.11.2023	172209.91371836106
10.11.2023	145591.93037886202
11.11.2023	185329.7820243595
12.11.2023	186807.48936170212
13.11.2023	147011.19393176734
14.11.2023	171025.34902234637
15.11.2023	178160.10268606603
16.11.2023	174450.78895877008
17.11.2023	177573.1015526647
18.11.2023	186942.99620466685
19.11.2023	202656.92786104497
20.11.2023	162722.2913110396
21.11.2023	161183.05963880723
22.11.2023	168792.92271072528
23.11.2023	187873.91168649404
24.11.2023	200594.94631342866
25.11.2023	232568.64912526243
26.11.2023	222429.9714085494
27.11.2023	170489.2553251121
28.11.2023	164947.455563331
29.11.2023	160316.85776223775
30.11.2023	152175.40727781664
01.12.2023	143123.5189431008
02.12.2023	164445.59829537515
03.12.2023	172788.90771388498
04.12.2023	141231.5418181818
05.12.2023	156904.60098039216
06.12.2023	189236.0365014741
07.12.2023	150164.5341658482
08.12.2023	179373.73675357443
09.12.2023	196368.74127540295
10.12.2023	160807.43978178766
11.12.2023	198217.64539602573
12.12.2023	226854.3176602295
13.12.2023	241419.8350847695
14.12.2023	219930.1651234568
15.12.2023	197602.60709279508
16.12.2023	243349.96918964546
17.12.2023	195340.36576804268
18.12.2023	180633.95179372196
19.12.2023	195440.52839471464
20.12.2023	173457.69322653176
21.12.2023	148209.52659574468
22.12.2023	157152.83704950218
23.12.2023	163072.87794612793
24.12.2023	151160.49852424455
25.12.2023	147694.59738249367
26.12.2023	168856.05641887162
27.12.2023	173258.38477771526
28.12.2023	150761.92017396184
29.12.2023	154346.0008432888
30.12.2023	160442.4801631964
31.12.2023	166562.5425248704
01.01.2024	172255.59504713662
02.01.2024	175613.36071328277
03.01.2024	162254.0638238182
04.01.2024	159506.50715488216
05.01.2024	203381.4500774539
06.01.2024	272026.9937659394
07.01.2024	264242.0972751659
08.01.2024	207398.93059669912
09.01.2024	164309.31883854678
10.01.2024	151466.81120448178
11.01.2024	159987.6006174572
12.01.2024	164505.38601398602
13.01.2024	164479.6935551517
14.01.2024	157390.25020955573
15.01.2024	164763.59952507334
16.01.2024	149582.3834775328
17.01.2024	147667.0218395632
18.01.2024	141325.27736614007
19.01.2024	148409.58592768392
20.01.2024	167383.0696343846
21.01.2024	168369.6364536199
22.01.2024	162926.6112365895
23.01.2024	159522.96291093004
24.01.2024	171308.88923120013
25.01.2024	154840.33352010086
26.01.2024	159254.90253465902
27.01.2024	158321.7590513612
28.01.2024	168372.21515618433
29.01.2024	167905.12820512822
30.01.2024	163606.17717801707
31.01.2024	163250.45574414363
01.02.2024	144260.11028483234
02.02.2024	149793.69142215358
03.02.2024	153651.4825115887
04.02.2024	153334.12487695122
05.02.2024	161689.0730029482
06.02.2024	139481.76126315788
07.02.2024	147374.94293325854
08.02.2024	124363.70575842696
09.02.2024	115653.20717689935
10.02.2024	130598.5799522673
11.02.2024	142849.34466292136
12.02.2024	145304.4286114614
13.02.2024	173690.09652076318
14.02.2024	170799.56882022473
15.02.2024	152066.61511497476
16.02.2024	155395.11232646194
17.02.2024	168731.66483902713
18.02.2024	172153.82173055242
19.02.2024	158400.9063817824
20.02.2024	178401.63995516952
21.02.2024	202663.5422228467
22.02.2024	166916.66133333332
23.02.2024	179659.45035709284
24.02.2024	189949.61714604858
25.02.2024	192390.07304785895
26.02.2024	183794.0556022409
27.02.2024	173489.4890909091
28.02.2024	180017.7344996501
29.02.2024	179049.4453310934
01.03.2024	166734.34519324682
02.03.2024	164937.30997342285
03.03.2024	167973.14355536937
04.03.2024	142815.87037812194
05.03.2024	157852.47808486878
06.03.2024	146359.19209828283
07.03.2024	147246.76731843574
08.03.2024	144183.49619074492
09.03.2024	153126.51145251398
10.03.2024	145921.0749440716
11.03.2024	138151.408557047
12.03.2024	147042.4872081644
13.03.2024	140562.44541239287
14.03.2024	112776.22076456482
15.03.2024	104562.7099536712
16.03.2024	110363.99690271716
17.03.2024	116991.49810206665
18.03.2024	110322.45705047097
19.03.2024	111963.68314606741
20.03.2024	112700.91651466255
21.03.2024	114593.94183759483
22.03.2024	114393.02942825112
23.03.2024	120410.0757022472
24.03.2024	120744.5742434905
25.03.2024	111837.630428652
26.03.2024	107463.71269550515
27.03.2024	105554.55598901893
28.03.2024	108088.99985771201
29.03.2024	108567.1898343162
30.03.2024	108961.7722925457
31.03.2024	106190.66230476994
01.04.2024	99616.50660112359
02.04.2024	101265.74238382703
03.04.2024	97439.59655992169
04.04.2024	96010.27672076104
05.04.2024	97338.80593671241
06.04.2024	101499.18871622568
07.04.2024	100868.68476430976
08.04.2024	100909.97224558452
09.04.2024	101704.31485370292
10.04.2024	103306.21434563758
11.04.2024	103782.18190729589
12.04.2024	99933.2455550889
13.04.2024	100005.16755693
14.04.2024	106351.6362489487
15.04.2024	103153.15718688708
16.04.2024	104848.34856982614
17.04.2024	95900.98141160028
18.04.2024	96288.35025167785
19.04.2024	97094.57539237668
20.04.2024	93655.57700377675
21.04.2024	95937.1330819718
22.04.2024	94453.76923076923
23.04.2024	95811.73640810623
24.04.2024	98100.74120779039
25.04.2024	100093.99413161939
26.04.2024	98704.26268573031
27.04.2024	95317.2339443123
28.04.2024	92285.99482372691
29.04.2024	83003.66181818182
30.04.2024	92750.28006704847
01.05.2024	97767.95101869942
02.05.2024	88816.97410414333
03.05.2024	86862.67761778274
04.05.2024	90181.64049182618
05.05.2024	87546.13816249475
06.05.2024	87283.44746047292
07.05.2024	87101.80450601735
08.05.2024	88514.3772212117
09.05.2024	89020.83515100672
10.05.2024	90691.74570110443
11.05.2024	85868.82667039419
12.05.2024	76470.18827808085
13.05.2024	88363.69881201956
14.05.2024	93515.98019384746
15.05.2024	89939.83384486607
16.05.2024	89387.7586977784
17.05.2024	86445.00391882435
18.05.2024	82686.07808564232
19.05.2024	82877.83251782469
20.05.2024	86001.98362491252
21.05.2024	89539.64053109713
22.05.2024	87490.3046765612
23.05.2024	95237.1570490429
24.05.2024	87825.04568315172
25.05.2024	87824.44596672725
26.05.2024	85316.27011173185
27.05.2024	83745.02418227565
28.05.2024	69367.40338130502
29.05.2024	74240.86062132662
30.05.2024	76573.68052057095
31.05.2024	78798.67304736622
01.06.2024	79099.1412224393
02.06.2024	77071.3738304706
03.06.2024	74928.55799329234
04.06.2024	75373.58571627842
05.06.2024	74137.19587053571
06.06.2024	73567.70672069302
07.06.2024	76703.67606813739
08.06.2024	74828.17504187605
09.06.2024	76628.21394633874
10.06.2024	77182.7915618888
11.06.2024	76729.32686400447
12.06.2024	82697.62493012856
13.06.2024	81965.3240481523
14.06.2024	79751.77073443172
15.06.2024	75230.21465601794
16.06.2024	74204.91595700126
17.06.2024	73926.26666666666
