Time	avg(Fee – Transactions (USD)) – Ethereum
30.07.2015	0
31.07.2015	0
01.08.2015	0
02.08.2015	0
03.08.2015	0
04.08.2015	0
05.08.2015	0
06.08.2015	0
07.08.2015	0.004879275627615063
08.08.2015	0.013076684118673649
09.08.2015	0.0028714389640622727
10.08.2015	0.005661411703646036
11.08.2015	0.0006991480198483287
12.08.2015	0.004481674089599161
13.08.2015	0.0037545528266913807
14.08.2015	0.003220402600125813
15.08.2015	0.0017708523498211424
16.08.2015	0.0014859369108960665
17.08.2015	0.0016422656629431764
18.08.2015	0.0023781664964249234
19.08.2015	0.0019037049664734629
20.08.2015	0.0012998177399756988
21.08.2015	0.0012075120385232746
22.08.2015	0.006169323013190886
23.08.2015	0.0011312926598760894
24.08.2015	0.0011817972580806565
25.08.2015	0.0008735961286420002
26.08.2015	0.0008781018812090468
27.08.2015	0.001033273381294964
28.08.2015	0.0011439284236657013
29.08.2015	0.000666080459770115
30.08.2015	0.0007793509993262969
31.08.2015	0.0009847894736842106
01.09.2015	0.0009864284171885122
02.09.2015	0.0011449421803076231
03.09.2015	0.0010512189234853971
04.09.2015	0.0011595715808859165
05.09.2015	0.001153182751540041
06.09.2015	0.0008535595721136112
07.09.2015	0.0009788859270153506
08.09.2015	0.0012783347103644542
09.09.2015	0.0011791059723233795
10.09.2015	0.0009037568751747927
11.09.2015	0.0009271395271395271
12.09.2015	0.0010101268132469664
13.09.2015	0.0008662683419734644
14.09.2015	0.0007935083001020124
15.09.2015	0.0008251199548405307
16.09.2015	0.001387455516014235
17.09.2015	0.0007083143723928707
18.09.2015	0.0009213448711014964
19.09.2015	0.0007077137287663604
20.09.2015	0.0008664021164021164
21.09.2015	0.0008298378839590442
22.09.2015	0.0008141117419567186
23.09.2015	0.0007848639851197396
24.09.2015	0.0007745037113757984
25.09.2015	0.0007283875517940581
26.09.2015	0.0005655302013422819
27.09.2015	0.0005966881918819188
28.09.2015	0.0005653017241379311
29.09.2015	0.0005485503179947624
30.09.2015	0.000443048347446053
01.10.2015	0.0005502749083638787
02.10.2015	0.0005800520381613184
03.10.2015	0.0005602822053828063
04.10.2015	0.0005367144432194046
05.10.2015	0.0006519170984455959
06.10.2015	0.0005703035559410234
07.10.2015	0.0005724798711755233
08.10.2015	0.0005661321671525753
09.10.2015	0.0006341811466465206
10.10.2015	0.0006498931167165455
11.10.2015	0.0005275072387470387
12.10.2015	0.0005855800415800415
13.10.2015	0.0005894168643166762
14.10.2015	0.0005716070837471036
15.10.2015	0.0008868754277891854
16.10.2015	0.0009632917747468831
17.10.2015	0.0005133054042731462
18.10.2015	0.0005557962978759703
19.10.2015	0.00048712721145745583
20.10.2015	0.000486710045458597
21.10.2015	0.0004123636680917896
22.10.2015	0.0005323770123212519
23.10.2015	0.000616159269347861
24.10.2015	0.00042419110212335695
25.10.2015	0.0005279240932872217
26.10.2015	0.0006419282911166607
27.10.2015	0.001130226171243942
28.10.2015	0.0007331209188891512
29.10.2015	0.0007140923626087603
30.10.2015	0.0013161758209394787
31.10.2015	0.0012096374622356497
01.11.2015	0.001202079067569696
02.11.2015	0.0008932386691983819
03.11.2015	0.0009082714252891168
04.11.2015	0.0007118322712611124
05.11.2015	0.0007035337310692978
06.11.2015	0.0010932388303399139
07.11.2015	0.0017396648044692739
08.11.2015	0.0015110253277049544
09.11.2015	0.000885985478747542
10.11.2015	0.0011441863840905792
11.11.2015	0.0013736439455696995
12.11.2015	0.0013065399189860186
13.11.2015	0.0009359871448396756
14.11.2015	0.0012464868592445024
15.11.2015	0.0008305972458610552
16.11.2015	0.0007299280134783275
17.11.2015	0.0007086953131092568
18.11.2015	0.0008229574089819897
19.11.2015	0.0010733337995664032
20.11.2015	0.0010060407949790795
21.11.2015	0.000864443358579689
22.11.2015	0.0008589945198951632
23.11.2015	0.0009195344129554656
24.11.2015	0.0009841418058083406
25.11.2015	0.0008759238521836506
26.11.2015	0.0006779124685138539
27.11.2015	0.0006568592496556195
28.11.2015	0.0010151419812842854
29.11.2015	0.0006355255761663856
30.11.2015	0.0012584899190783156
01.12.2015	0.0009094146968966073
02.12.2015	0.0008424029762408049
03.12.2015	0.0007172579249587037
04.12.2015	0.0008571891716647756
05.12.2015	0.0008922225864612358
06.12.2015	0.0010125924390075333
07.12.2015	0.0006556366521221738
08.12.2015	0.0005916335321404904
09.12.2015	0.0006185777847162595
10.12.2015	0.0006749061662198392
11.12.2015	0.0010531532192937377
12.12.2015	0.0014955981695358466
13.12.2015	0.0013491186570011447
14.12.2015	0.0034787992763283186
15.12.2015	0.004295261714199828
16.12.2015	0.002808392276811317
17.12.2015	0.0020881327855817654
18.12.2015	0.002077664869348818
19.12.2015	0.0017647936013014303
20.12.2015	0.0020870097557781704
21.12.2015	0.0019903477115197346
22.12.2015	0.0019530024049301065
23.12.2015	0.002517529992942837
24.12.2015	0.002042072462237245
25.12.2015	0.0015233903286134118
26.12.2015	0.001719907034397273
27.12.2015	0.0027096625598654624
28.12.2015	0.0017456842576028624
29.12.2015	0.001700238066896798
30.12.2015	0.0024865331618592686
31.12.2015	0.0014941228625712476
01.01.2016	0.0010768521251475797
02.01.2016	0.001253224058520726
03.01.2016	0.0012456403726291804
04.01.2016	0.0013517367095320163
05.01.2016	0.0025657979131848774
06.01.2016	0.0027554861691367256
07.01.2016	0.0022709603824147173
08.01.2016	0.0014877837837837839
09.01.2016	0.0022380395528804817
10.01.2016	0.001602264720684449
11.01.2016	0.0015414424308987735
12.01.2016	0.0016756404689535387
13.01.2016	0.0029062161342060778
14.01.2016	0.0018475201487910724
15.01.2016	0.0017133402950006526
16.01.2016	0.0016399277438644575
17.01.2016	0.0013598931539374752
18.01.2016	0.0022324763932099778
19.01.2016	0.0026045410834490868
20.01.2016	0.0016839392803598202
21.01.2016	0.0019723674337168585
22.01.2016	0.0024988268418582823
23.01.2016	0.0015435558289756998
24.01.2016	0.002482899972744617
25.01.2016	0.003733037991676735
26.01.2016	0.004392637562528422
27.01.2016	0.005321595209381628
28.01.2016	0.004313250293347775
29.01.2016	0.0043062767672116045
30.01.2016	0.004460463602683489
31.01.2016	0.004378091799896854
01.02.2016	0.003899059977521202
02.02.2016	0.0033944575230296825
03.02.2016	0.003236851664984864
04.02.2016	0.004000687980574667
05.02.2016	0.004846363196125908
06.02.2016	0.017021733456582023
07.02.2016	0.0069672745745491494
08.02.2016	0.005596061388695738
09.02.2016	0.0074975443971088025
10.02.2016	0.010751126346718903
11.02.2016	0.007547802423112768
12.02.2016	0.008449087195199797
13.02.2016	0.008212069521735624
14.02.2016	0.0069486308224163025
15.02.2016	0.007169518050862528
16.02.2016	0.00741992758364961
17.02.2016	0.007132045995241872
18.02.2016	0.0049940031397174255
19.02.2016	0.0068523322147651
20.02.2016	0.005669615558570782
21.02.2016	0.005456751954513148
22.02.2016	0.0063951318630148584
23.02.2016	0.022552282941991852
24.02.2016	0.01149474888594484
25.02.2016	0.007607763215903171
26.02.2016	0.011565177998414436
27.02.2016	0.006785440329218108
28.02.2016	0.007652576433512053
29.02.2016	0.008240007063532551
01.03.2016	0.00785790655719598
02.03.2016	0.010317025021570319
03.03.2016	0.009940781047811806
04.03.2016	0.010647531052221883
05.03.2016	0.010642433654171408
06.03.2016	0.012174163772619265
07.03.2016	0.012078156530269057
08.03.2016	0.010812759866403109
09.03.2016	0.008565688480005372
10.03.2016	0.007882019198940748
11.03.2016	0.007600305767405898
12.03.2016	0.008212211489272064
13.03.2016	0.010308032319391636
14.03.2016	0.011566012686236908
15.03.2016	0.008361229413910164
16.03.2016	0.008975442360825349
17.03.2016	0.010013998503367424
18.03.2016	0.007807161734306721
19.03.2016	0.011234513359932294
20.03.2016	0.009599287899431862
21.03.2016	0.008474907512074813
22.03.2016	0.007769447478724756
23.03.2016	0.009545235975066785
24.03.2016	0.011755247615764679
25.03.2016	0.010444846230273343
26.03.2016	0.008626728110599079
27.03.2016	0.005743031650608033
28.03.2016	0.006792089604480223
29.03.2016	0.006899191608599697
30.03.2016	0.01011770445559435
31.03.2016	0.007703518120909539
01.04.2016	0.006939697722879164
02.04.2016	0.00591230183183015
03.04.2016	0.005780319281616363
04.04.2016	0.006986795685432301
05.04.2016	0.007002027575020275
06.04.2016	0.005808324015082564
07.04.2016	0.005984420507725692
08.04.2016	0.0063175885719925
09.04.2016	0.0050939420888807515
10.04.2016	0.004573110784085922
11.04.2016	0.004500368510127204
12.04.2016	0.004878817026250426
13.04.2016	0.005775956309879711
14.04.2016	0.006267242174789345
15.04.2016	0.004833075103774495
16.04.2016	0.0038669619155967277
17.04.2016	0.005664956036886125
18.04.2016	0.00467349406620862
19.04.2016	0.004434571128366776
20.04.2016	0.0053039039724186885
21.04.2016	0.00594233504634303
22.04.2016	0.004474276046584828
23.04.2016	0.004013660204055006
24.04.2016	0.004639481808975721
25.04.2016	0.004589688831750113
26.04.2016	0.0042339586327242865
27.04.2016	0.003749540397908872
28.04.2016	0.00426334746281822
29.04.2016	0.0038366658295472702
30.04.2016	0.0045654795149382196
01.05.2016	0.007011161473087819
02.05.2016	0.004996405337090291
03.05.2016	0.006101906459400311
04.05.2016	0.005798701831101394
05.05.2016	0.006431529817731375
06.05.2016	0.007201620670882364
07.05.2016	0.005341810018903592
08.05.2016	0.00580355356107616
09.05.2016	0.00557592621367844
10.05.2016	0.005463369800279862
11.05.2016	0.006264776169996399
12.05.2016	0.007489128580842734
13.05.2016	0.007948003385962975
14.05.2016	0.00711847732450179
15.05.2016	0.006444048988156487
16.05.2016	0.006274103294949265
17.05.2016	0.0068039965877585845
18.05.2016	0.00811409135821236
19.05.2016	0.008675080893455964
20.05.2016	0.010799586009440533
21.05.2016	0.009530582785952443
22.05.2016	0.008757415436079139
23.05.2016	0.008282648256680243
24.05.2016	0.007609807373234592
25.05.2016	0.00781748477248298
26.05.2016	0.0077719969475181245
27.05.2016	0.008437030839540826
28.05.2016	0.011801053043138278
29.05.2016	0.008241702623238764
30.05.2016	0.007985007687328047
31.05.2016	0.007863328804080267
01.06.2016	0.008948328990829452
02.06.2016	0.00782991210599238
03.06.2016	0.007479355019508935
04.06.2016	0.007585273779759893
05.06.2016	0.007431212894196257
06.06.2016	0.007962141680395388
07.06.2016	0.017896100416183655
08.06.2016	0.008770093855747335
09.06.2016	0.009004477837185236
10.06.2016	0.008928343880494209
11.06.2016	0.008671536054484378
12.06.2016	0.008331661033513866
13.06.2016	0.010802502086653008
14.06.2016	0.01165074128137036
15.06.2016	0.011357816177505984
16.06.2016	0.014982802471116816
17.06.2016	0.06398634903348761
18.06.2016	0.059217362753197916
19.06.2016	0.010632794433289483
20.06.2016	0.011810988087680645
21.06.2016	0.01785106853489928
22.06.2016	0.01222866994895558
23.06.2016	0.008805853648450261
24.06.2016	0.010559477023352682
25.06.2016	0.009365423162583519
26.06.2016	0.008109794274563533
27.06.2016	0.0083149989170457
28.06.2016	0.009050958418156532
29.06.2016	0.012284081393698553
30.06.2016	0.015632900414466588
01.07.2016	0.012196064998180222
02.07.2016	0.006478503651230923
03.07.2016	0.008035722933241092
04.07.2016	0.006747870531775239
05.07.2016	0.007562888290536547
06.07.2016	0.007133134684147795
07.07.2016	0.005947299746284886
08.07.2016	0.008165343402387998
09.07.2016	0.01183972049953275
10.07.2016	0.006614494207988831
11.07.2016	0.006918435122124364
12.07.2016	0.007229156437822738
13.07.2016	0.006138016137810274
14.07.2016	0.00692072381107029
15.07.2016	0.0070248150794317895
16.07.2016	0.006389051356806459
17.07.2016	0.005669849843897121
18.07.2016	0.006366406130602799
19.07.2016	0.006435161819007562
20.07.2016	0.015441766456582634
21.07.2016	0.00824675954672462
22.07.2016	0.008595731229617213
23.07.2016	0.009345709798142367
24.07.2016	0.008250275558858133
25.07.2016	0.008255461719055692
26.07.2016	0.009216048295996362
27.07.2016	0.007764991627595445
28.07.2016	0.015233873981748582
29.07.2016	0.010911299929270745
30.07.2016	0.00791323544596576
31.07.2016	0.006826416800824846
01.08.2016	0.006905435384409783
02.08.2016	0.006709172142392953
03.08.2016	0.005038496493487906
04.08.2016	0.006254984181658212
05.08.2016	0.006579345072970691
06.08.2016	0.005932747890735945
07.08.2016	0.006029323824723732
08.08.2016	0.012118533481466518
09.08.2016	0.006602049027643246
10.08.2016	0.007884991763079661
11.08.2016	0.007218053168537682
12.08.2016	0.00691294408766865
13.08.2016	0.006178796796502218
14.08.2016	0.005974498427271954
15.08.2016	0.0061951876036272086
16.08.2016	0.006284479679636344
17.08.2016	0.006223136086609421
18.08.2016	0.007123868622519231
19.08.2016	0.006484602149667024
20.08.2016	0.0059725770395905155
21.08.2016	0.006614793284279849
22.08.2016	0.006584057001141598
23.08.2016	0.01461804125586641
24.08.2016	0.006162944019784173
25.08.2016	0.0063330016671987515
26.08.2016	0.006621138786063728
27.08.2016	0.005870524229802382
28.08.2016	0.00584551674982181
29.08.2016	0.006186847217680663
30.08.2016	0.006625568819699125
31.08.2016	0.006455430797433547
01.09.2016	0.006865682130010754
02.09.2016	0.008742738462034811
03.09.2016	0.0064537759627972405
04.09.2016	0.010813806810895969
05.09.2016	0.006818883762525152
06.09.2016	0.007136780491319069
07.09.2016	0.007260531127242447
08.09.2016	0.007663980207849605
09.09.2016	0.008027987296546248
10.09.2016	0.006487260307293144
11.09.2016	0.006982336678886952
12.09.2016	0.007904193841806816
13.09.2016	0.007377122184856823
14.09.2016	0.007183443029601456
15.09.2016	0.007331864045836362
16.09.2016	0.00884542049657454
17.09.2016	0.008360468381444457
18.09.2016	0.008615792349726776
19.09.2016	0.007230109696129114
20.09.2016	0.007110396969197827
21.09.2016	0.008411962199917826
22.09.2016	0.014640466827564091
23.09.2016	0.015414721244062108
24.09.2016	0.018826618119766658
25.09.2016	0.018827003032087775
26.09.2016	0.030230007564597684
27.09.2016	0.023431512171767394
28.09.2016	0.01801228932726353
29.09.2016	0.011687628712450004
30.09.2016	0.012437786503299667
01.10.2016	0.020018340705399002
02.10.2016	0.01961017434917602
03.10.2016	0.015904160478207457
04.10.2016	0.018049190795296495
05.10.2016	0.017397570227598934
06.10.2016	0.014991702346880367
07.10.2016	0.013323735936017352
08.10.2016	0.0158760997261726
09.10.2016	0.014358214236568441
10.10.2016	0.012783002220291535
11.10.2016	0.009604807692307692
12.10.2016	0.014053881402348093
13.10.2016	0.03392261790426123
14.10.2016	0.01856626975180866
15.10.2016	0.020423180452434755
16.10.2016	0.01930625014955373
17.10.2016	0.01915364737910874
18.10.2016	0.01979422373458103
19.10.2016	0.025658923188629012
20.10.2016	0.013073389616038595
21.10.2016	0.007931545981566965
22.10.2016	0.007593525927935259
23.10.2016	0.007703514193316565
24.10.2016	0.009896346869712351
25.10.2016	0.009567018108503042
26.10.2016	0.00783800658022063
27.10.2016	0.007602805634912817
28.10.2016	0.008567617614479486
29.10.2016	0.0075282232841007825
30.10.2016	0.006944383281477775
31.10.2016	0.007262879419693943
01.11.2016	0.008160647158946873
02.11.2016	0.0063617206932520265
03.11.2016	0.006652821007678726
04.11.2016	0.006034232124938895
05.11.2016	0.006248851239481981
06.11.2016	0.006327893603484559
07.11.2016	0.006543295160694495
08.11.2016	0.007125090335174649
09.11.2016	0.008147832308218009
10.11.2016	0.008159539933354831
11.11.2016	0.009868210175778781
12.11.2016	0.00665540808575287
13.11.2016	0.00669570527739651
14.11.2016	0.007674584110850836
15.11.2016	0.0071254151443097685
16.11.2016	0.007413110630690558
17.11.2016	0.00649901533357436
18.11.2016	0.006880583311897742
19.11.2016	0.005793193808589492
20.11.2016	0.006510367542941574
21.11.2016	0.006837345039222859
22.11.2016	0.006065565400210242
23.11.2016	0.011334244531403958
24.11.2016	0.013188801413881748
25.11.2016	0.008475744805204792
26.11.2016	0.014353836279461279
27.11.2016	0.020739494378749928
28.11.2016	0.019616055814959708
29.11.2016	0.01647045686598474
30.11.2016	0.006250375478927203
01.12.2016	0.005327115494896203
02.12.2016	0.004906161935242529
03.12.2016	0.004152344957193569
04.12.2016	0.004490317950502371
05.12.2016	0.004810449721660446
06.12.2016	0.00428975746166359
07.12.2016	0.005667815209724931
08.12.2016	0.1439558573596358
09.12.2016	0.005365673418250156
10.12.2016	0.005165569690265486
11.12.2016	0.006510243934512459
12.12.2016	0.005649565641343853
13.12.2016	0.00515083290970946
14.12.2016	0.0054245067960804
15.12.2016	0.00536402591216538
16.12.2016	0.004768355384523833
17.12.2016	0.0056136574325941725
18.12.2016	0.0050625568023741074
19.12.2016	0.005502072997192416
20.12.2016	0.006628194858236489
21.12.2016	0.007297888628657321
22.12.2016	0.004946071782862532
23.12.2016	0.004430249980285466
24.12.2016	0.004168531737938224
25.12.2016	0.004049032886497518
26.12.2016	0.004045747664691106
27.12.2016	0.005403996797635177
28.12.2016	0.004553384062481177
29.12.2016	0.005819198853349427
30.12.2016	0.007255979688664078
31.12.2016	0.004894052849544871
01.01.2017	0.004505633272831909
02.01.2017	0.00499284241147993
03.01.2017	0.006421381182723745
04.01.2017	0.006688767108920237
05.01.2017	0.006832232289362916
06.01.2017	0.0063717909377117125
07.01.2017	0.006046486292350054
08.01.2017	0.006586697984666382
09.01.2017	0.007038671934356481
10.01.2017	0.007401576448591279
11.01.2017	0.007059748232787838
12.01.2017	0.006307014312776258
13.01.2017	0.006085289342759885
14.01.2017	0.005749906067425009
15.01.2017	0.006030052694908925
16.01.2017	0.00609604193616898
17.01.2017	0.007091876555312571
18.01.2017	0.0067787445062424635
19.01.2017	0.006382317765951086
20.01.2017	0.006723673555542763
21.01.2017	0.006516055193499075
22.01.2017	0.007260065736940818
23.01.2017	0.007106061587712946
24.01.2017	0.007797885637829654
25.01.2017	0.0075313011604277065
26.01.2017	0.007136817235754064
27.01.2017	0.007087901886792453
28.01.2017	0.006765342351595961
29.01.2017	0.00659769251243832
30.01.2017	0.006594499604773564
31.01.2017	0.00672017585931255
01.02.2017	0.007972792269013198
02.02.2017	0.007562654980334219
03.02.2017	0.007440971897193789
04.02.2017	0.006977614558633586
05.02.2017	0.007414355042770549
06.02.2017	0.007437207614581588
07.02.2017	0.008895181963247028
08.02.2017	0.008694720469909458
09.02.2017	0.008502462400471837
10.02.2017	0.008630063285741093
11.02.2017	0.008163506652826271
12.02.2017	0.008788018014535333
13.02.2017	0.011177193235322378
14.02.2017	0.008684245506112923
15.02.2017	0.019193074307916464
16.02.2017	0.00903692957897177
17.02.2017	0.008971325849949793
18.02.2017	0.010172527807678508
19.02.2017	0.00852939602726673
20.02.2017	0.009289469122043554
21.02.2017	0.010521335987408575
22.02.2017	0.0115311159745142
23.02.2017	0.010160311103695053
24.02.2017	0.009011614013603191
25.02.2017	0.009796560567204706
26.02.2017	0.00918870174956175
27.02.2017	0.01113206082283738
28.02.2017	0.011833275905978937
01.03.2017	0.01300089697629744
02.03.2017	0.01238420929931356
03.03.2017	0.012474789464000114
04.03.2017	0.012772263188619534
05.03.2017	0.012655348023453755
06.03.2017	0.012627229824644474
07.03.2017	0.012430930438442447
08.03.2017	0.012299417022930432
09.03.2017	0.011625798675609375
10.03.2017	0.013776590890002521
11.03.2017	0.013052549471553857
12.03.2017	0.0142098927621294
13.03.2017	0.020141114816579323
14.03.2017	0.025296848772194486
15.03.2017	0.02103434589041096
16.03.2017	0.025670548198310463
17.03.2017	0.03538897128361956
18.03.2017	0.027924801237207565
19.03.2017	0.021237800611674622
20.03.2017	0.02826217244879129
21.03.2017	0.029746721854304638
22.03.2017	0.02997192179505234
23.03.2017	0.028436312729567117
24.03.2017	0.033714992451145086
25.03.2017	0.034358956013669936
26.03.2017	0.03463202515430302
27.03.2017	0.03878322709202843
28.03.2017	0.03441255204709365
29.03.2017	0.03500588406875811
30.03.2017	0.03666344341003572
31.03.2017	0.036402891731384196
01.04.2017	0.03261412022109627
02.04.2017	0.03515205874005319
03.04.2017	0.03392472785285285
04.04.2017	0.030889281510200112
05.04.2017	0.03231982956302862
06.04.2017	0.03272210488951992
07.04.2017	0.03164169515454041
08.04.2017	0.028241279010456515
09.04.2017	0.03151655204887055
10.04.2017	0.034008837192199735
11.04.2017	0.031666408353742494
12.04.2017	0.0411227630620527
13.04.2017	0.03202861889099306
14.04.2017	0.03633870233807809
15.04.2017	0.034657424409049904
16.04.2017	0.03564031023892562
17.04.2017	0.038082444182120506
18.04.2017	0.04085410861720312
19.04.2017	0.04483407708574044
20.04.2017	0.03915242897525731
21.04.2017	0.05480234395545341
22.04.2017	0.048256798171244834
23.04.2017	0.04077502672191197
24.04.2017	0.044704550757112
25.04.2017	0.04233477700334394
26.04.2017	0.042063660993545825
27.04.2017	0.045345511915109375
28.04.2017	0.04800229267466831
29.04.2017	0.054761665398614046
30.04.2017	0.057381413785945176
01.05.2017	0.07466460233908231
02.05.2017	0.07895615405772437
03.05.2017	0.06161304575011611
04.05.2017	0.06561956525336775
05.05.2017	0.0730471804675361
06.05.2017	0.0767072020899717
07.05.2017	0.09063852323744964
08.05.2017	0.07333105347121559
09.05.2017	0.0797883800479052
10.05.2017	0.08027061696169271
11.05.2017	0.07854694783483737
12.05.2017	0.08565274569151893
13.05.2017	0.0866957298657718
14.05.2017	0.08940293689184393
15.05.2017	0.09268257799620516
16.05.2017	0.1038011482211983
17.05.2017	0.13334041330306376
18.05.2017	0.09889091848706631
19.05.2017	0.10230795704450925
20.05.2017	0.14173587288817377
21.05.2017	0.12739158662191877
22.05.2017	0.14682448739772666
23.05.2017	0.20514130494498375
24.05.2017	0.2367040367846565
25.05.2017	0.21303268233026978
26.05.2017	0.19493643197778307
27.05.2017	0.17952868722637136
28.05.2017	0.1792033440271047
29.05.2017	0.1895940859071658
30.05.2017	0.30274260200377523
31.05.2017	0.6542556201021836
01.06.2017	0.2691903926870217
02.06.2017	0.30769922992463944
03.06.2017	0.27093970829173036
04.06.2017	0.2972183736886323
05.06.2017	0.27074111805679585
06.06.2017	0.31136298400438583
07.06.2017	0.34293765339873333
08.06.2017	0.31033017932047524
09.06.2017	0.29228694625432905
10.06.2017	0.2730925892791938
11.06.2017	0.41562846900933026
12.06.2017	0.5751508487173822
13.06.2017	0.39838963409727784
14.06.2017	0.38017777018771737
15.06.2017	0.35090595682452297
16.06.2017	0.34397271906977844
17.06.2017	0.33568928884171956
18.06.2017	0.3634108025671983
19.06.2017	0.33723475378852724
20.06.2017	0.8187419556942874
21.06.2017	1.4065259504227041
22.06.2017	0.7638162881586489
23.06.2017	0.5363564331871272
24.06.2017	0.8102439795300506
25.06.2017	0.5161547980940382
26.06.2017	0.7507635070178215
27.06.2017	0.3231561407989598
28.06.2017	0.7730746491664015
29.06.2017	0.539774544678165
30.06.2017	0.3901538100661677
01.07.2017	0.35437741409458745
02.07.2017	0.3186494076155838
03.07.2017	0.38425018987177156
04.07.2017	0.3611781985898615
05.07.2017	0.39375707356332623
06.07.2017	0.30631841482933325
07.07.2017	0.3135541801230679
08.07.2017	0.33787214639953955
09.07.2017	0.27286972732790016
10.07.2017	0.19977189919834598
11.07.2017	0.19491388213554714
12.07.2017	0.21523155169308356
13.07.2017	0.27616627406534405
14.07.2017	0.22224538599217197
15.07.2017	0.23896153917599328
16.07.2017	0.18522057201346376
17.07.2017	0.17493503516191064
18.07.2017	0.2911234622577231
19.07.2017	0.2668576952156623
20.07.2017	0.19582175373938954
21.07.2017	0.2959320835702702
22.07.2017	0.23131202103502987
23.07.2017	0.2532217631082298
24.07.2017	0.2629222943674481
25.07.2017	0.32513781913499346
26.07.2017	0.26147952244776224
27.07.2017	0.23259020609606817
28.07.2017	0.22735018924785905
29.07.2017	0.19205889761460684
30.07.2017	0.2039220038271634
31.07.2017	0.1765957919588373
01.08.2017	0.2370675397437738
02.08.2017	0.22767820049797327
03.08.2017	0.2138098336603046
04.08.2017	0.1889778448289049
05.08.2017	0.1958282641586126
06.08.2017	0.23102495815565727
07.08.2017	0.29949240100292757
08.08.2017	0.28272198010919836
09.08.2017	0.2795685728334358
10.08.2017	0.2687251344093868
11.08.2017	0.29243509276180985
12.08.2017	0.31069959167494876
13.08.2017	0.2777549586654419
14.08.2017	0.24742194539463208
15.08.2017	0.2737748655959021
16.08.2017	0.7975603939965616
17.08.2017	0.4820464170631013
18.08.2017	0.680048627480749
19.08.2017	0.3607647801491588
20.08.2017	0.2724593520809612
21.08.2017	0.247867052229607
22.08.2017	0.28277844612139574
23.08.2017	0.2583425966007503
24.08.2017	0.2861879513247073
25.08.2017	0.2827767713862486
26.08.2017	0.31555871221406545
27.08.2017	0.2799937159636295
28.08.2017	0.305285031342845
29.08.2017	0.4494113414245532
30.08.2017	0.3996280026232429
31.08.2017	0.7285408854294111
01.09.2017	0.5043544465156803
02.09.2017	0.7121472424663167
03.09.2017	0.33402877458742103
04.09.2017	0.3831329915196151
05.09.2017	0.40715592367709263
06.09.2017	0.48634997211288383
07.09.2017	0.5465674158148092
08.09.2017	0.5435856905165186
09.09.2017	0.3471139657005429
10.09.2017	0.381750266570211
11.09.2017	0.3177201398105164
12.09.2017	0.3781557448224074
13.09.2017	0.3689293571799701
14.09.2017	0.29419976729657976
15.09.2017	0.3179445508304992
16.09.2017	0.4525819750386546
17.09.2017	0.3209821474337128
18.09.2017	0.283252931791094
19.09.2017	0.33460401117956073
20.09.2017	0.5652295410802083
21.09.2017	0.28762623799080383
22.09.2017	0.2868405493377218
23.09.2017	0.3142426183780497
24.09.2017	0.4432948165880448
25.09.2017	0.3498940040565069
26.09.2017	0.36811272330886896
27.09.2017	0.39113068121392286
28.09.2017	0.3450049592622356
29.09.2017	0.3048518546955374
30.09.2017	0.36483679486793363
01.10.2017	0.37888237657784496
02.10.2017	0.351661316470436
03.10.2017	0.3422115329768271
04.10.2017	0.361720790567806
05.10.2017	0.3833211509610213
06.10.2017	0.4004451698809657
07.10.2017	0.3322690921886474
08.10.2017	0.37223332633130274
09.10.2017	0.356035322316744
10.10.2017	0.35259234022769537
11.10.2017	0.8095160976241528
12.10.2017	0.34965276831996506
13.10.2017	0.37591925011706295
14.10.2017	0.40128501082670703
15.10.2017	0.39545575888246154
16.10.2017	0.27482296390736244
17.10.2017	0.21048490551680407
18.10.2017	0.1982770500765591
19.10.2017	0.17789230271926953
20.10.2017	0.2725385232759274
21.10.2017	0.14842351199346043
22.10.2017	0.1328616502385672
23.10.2017	0.16666537355021604
24.10.2017	0.20379961687051504
25.10.2017	0.183827376489318
26.10.2017	0.1718156752713889
27.10.2017	0.17793789076441388
28.10.2017	0.14523733760024737
29.10.2017	0.14181379522977083
30.10.2017	0.1668587297939029
31.10.2017	0.19248624683322105
01.11.2017	0.21097290526615026
02.11.2017	0.20135319237023885
03.11.2017	0.16120656915195897
04.11.2017	0.1579950165171088
05.11.2017	0.14105781961021016
06.11.2017	0.15308559365177313
07.11.2017	0.19606599369904562
08.11.2017	0.22677463267885872
09.11.2017	0.2099714130838283
10.11.2017	0.19752937358965084
11.11.2017	0.17279125636630022
12.11.2017	0.21128719342776203
13.11.2017	0.2098560424131887
14.11.2017	0.2185002220266142
15.11.2017	0.2515228113266812
16.11.2017	0.23472396651598054
17.11.2017	0.2397990163425634
18.11.2017	0.18105502794613082
19.11.2017	0.20759671660403287
20.11.2017	0.24588683184575344
21.11.2017	0.2524562896173011
22.11.2017	0.23799346463564244
23.11.2017	0.25364892273587036
24.11.2017	0.23810161317280482
25.11.2017	0.23994075201946147
26.11.2017	0.29765261071586524
27.11.2017	0.28099053283368497
28.11.2017	0.30990534784028934
29.11.2017	0.3077283946972069
30.11.2017	0.2682806167427481
01.12.2017	0.28609994632611807
02.12.2017	0.24614403982378968
03.12.2017	0.2649362550301093
04.12.2017	0.5217544618852424
05.12.2017	0.7856730380061344
06.12.2017	0.8725045096493205
07.12.2017	1.4025454078340391
08.12.2017	1.2347509536583947
09.12.2017	1.3151190987737273
10.12.2017	1.222181747880858
11.12.2017	0.7879545316866362
12.12.2017	0.8916536028507172
13.12.2017	0.9616027330486521
14.12.2017	1.2307965205452913
15.12.2017	1.0934515468147168
16.12.2017	1.0937126459911963
17.12.2017	0.9078844823469099
18.12.2017	0.8335168187619494
19.12.2017	1.0634114756812116
20.12.2017	1.385802557525447
21.12.2017	1.3021052946596838
22.12.2017	1.1319297484275597
23.12.2017	0.8223919188287113
24.12.2017	0.8872152992183395
25.12.2017	0.6576535414842274
26.12.2017	0.6440456471718072
27.12.2017	0.6734186557834015
28.12.2017	0.6410716509297862
29.12.2017	0.6518610702223485
30.12.2017	0.6223002383298376
31.12.2017	0.6257017554745903
01.01.2018	0.6174248799210535
02.01.2018	0.6839363331943817
03.01.2018	0.852355899810076
04.01.2018	1.027491348092089
05.01.2018	2.338420863415099
06.01.2018	2.8501192239487256
07.01.2018	2.5223294562699103
08.01.2018	2.68879678133508
09.01.2018	2.7609329549384567
10.01.2018	3.9814893788696195
11.01.2018	3.3048192953380857
12.01.2018	2.3488708491537764
13.01.2018	2.5601673928981956
14.01.2018	2.838719750169425
15.01.2018	2.4751976540638174
16.01.2018	2.212016442811249
17.01.2018	1.648252170632866
18.01.2018	1.8055859990877379
19.01.2018	1.7595748755773704
20.01.2018	1.8365210524564377
21.01.2018	1.5002254223073803
22.01.2018	1.277148139421929
23.01.2018	1.5306993920309884
24.01.2018	1.3820848719307697
25.01.2018	1.4130327531699272
26.01.2018	1.0484517032499077
27.01.2018	1.0197106625841161
28.01.2018	1.1026330747540392
29.01.2018	1.6817427431537686
30.01.2018	1.3699306262266264
31.01.2018	1.3006739670482133
01.02.2018	1.7144447640121623
02.02.2018	1.2651157770598098
03.02.2018	1.00334195143863
04.02.2018	1.0163717305088145
05.02.2018	0.816950362566714
06.02.2018	0.7201800107233215
07.02.2018	0.8142013690368056
08.02.2018	0.7152639639089967
09.02.2018	0.7181304682862303
10.02.2018	0.7828483185414541
11.02.2018	0.7061229011888501
12.02.2018	0.6253644420869324
13.02.2018	0.7280697066054614
14.02.2018	0.7163605373968868
15.02.2018	0.7427051958150984
16.02.2018	0.7832508474528647
17.02.2018	0.817922815999384
18.02.2018	0.9748785852912539
19.02.2018	0.7295921916733664
20.02.2018	0.783483246733344
21.02.2018	0.7626741416037544
22.02.2018	0.6703778041627924
23.02.2018	0.6796131893353795
24.02.2018	0.7236538855321144
25.02.2018	0.6517484707562141
26.02.2018	0.6162229886771166
27.02.2018	0.695202975742546
28.02.2018	0.8981723112788693
01.03.2018	0.701688642773055
02.03.2018	0.8484370503281345
03.03.2018	0.6408319021154535
04.03.2018	0.7290968229068142
05.03.2018	0.722514781334853
06.03.2018	0.6099314851457632
07.03.2018	0.6289602161890143
08.03.2018	0.5827849079960524
09.03.2018	0.5327704962242156
10.03.2018	0.48161727861374065
11.03.2018	0.3986625109987694
12.03.2018	0.5400265800995998
13.03.2018	0.3859164990894183
14.03.2018	0.4283656123574301
15.03.2018	0.3634963810370209
16.03.2018	0.38756598053128644
17.03.2018	0.31148599441922453
18.03.2018	0.2895355720799131
19.03.2018	0.2848303640985315
20.03.2018	0.31527170227144957
21.03.2018	0.3492327618666587
22.03.2018	0.3794349555149066
23.03.2018	0.3540714561798213
24.03.2018	0.33363449119791827
25.03.2018	0.32497989384161363
26.03.2018	0.3590891982488424
27.03.2018	0.29657219414558383
28.03.2018	0.27989179373931833
29.03.2018	0.29259183191530425
30.03.2018	0.21081507868128851
31.03.2018	0.1877855618436337
01.04.2018	0.17867408765272205
02.04.2018	0.19235131580468456
03.04.2018	0.19511388745530142
04.04.2018	0.18527362796817162
05.04.2018	0.2629403357052827
06.04.2018	0.20576408826367346
07.04.2018	0.16498243005736898
08.04.2018	0.18058665673385144
09.04.2018	0.19959408786248625
10.04.2018	0.20148101819036784
11.04.2018	0.2198237206259749
12.04.2018	0.23272854590235875
13.04.2018	0.2962610404649359
14.04.2018	0.2519555944123813
15.04.2018	0.23529822267587439
16.04.2018	0.2654370578415415
17.04.2018	0.24578123134696575
18.04.2018	0.2979465749297472
19.04.2018	0.2850438872461718
20.04.2018	0.3011216484146285
21.04.2018	0.2849280405261872
22.04.2018	0.28543603949707896
23.04.2018	0.29992326156794086
24.04.2018	0.3741289530476349
25.04.2018	0.39831700912505646
26.04.2018	0.35691322917173807
27.04.2018	0.4187258582745338
28.04.2018	0.42588664279816246
29.04.2018	0.49006127232785746
30.04.2018	0.49778206715108353
01.05.2018	0.4139594720328898
02.05.2018	0.4023617355788764
03.05.2018	0.46221911574362756
04.05.2018	0.42187442751045945
05.05.2018	0.4230169624528385
06.05.2018	0.45042240555535673
07.05.2018	0.4426848501462905
08.05.2018	0.4530284124182454
09.05.2018	0.4661704819097449
10.05.2018	0.6438863837548046
11.05.2018	0.62709356735603
12.05.2018	0.42461886800989884
13.05.2018	0.4633629536449487
14.05.2018	0.6023889840534757
15.05.2018	0.6234269483153726
16.05.2018	0.6231551394914477
17.05.2018	0.6626478062495551
18.05.2018	0.5946096414303693
19.05.2018	0.5392094737199759
20.05.2018	0.5372370442085083
21.05.2018	0.6045235956041783
22.05.2018	0.6471707343652057
23.05.2018	0.5952299374543517
24.05.2018	0.5063423903120429
25.05.2018	0.5129696588971148
26.05.2018	0.4539521733760138
27.05.2018	0.4086324750232401
28.05.2018	0.5668836737914266
29.05.2018	0.5165783386218848
30.05.2018	0.5945753690870561
31.05.2018	0.71297699608253
01.06.2018	0.6618429578743691
02.06.2018	0.45086623455858543
03.06.2018	0.4270329377428336
04.06.2018	0.5607922227583523
05.06.2018	0.47645875449682523
06.06.2018	0.6481324750298171
07.06.2018	0.48965097613578173
08.06.2018	0.45619056560967763
09.06.2018	0.3394630911122669
10.06.2018	0.33418400281073884
11.06.2018	0.31973852151656107
12.06.2018	0.3187876811323886
13.06.2018	0.2986159894629588
14.06.2018	0.3222550794211358
15.06.2018	0.40577780887982057
16.06.2018	0.43381126500604417
17.06.2018	0.23584715962648983
18.06.2018	0.23335995125705855
19.06.2018	0.3073570350783655
20.06.2018	0.29061279774283805
21.06.2018	0.29392322412110083
22.06.2018	0.5964645552056315
23.06.2018	0.23434461190931424
24.06.2018	0.3591252592638409
25.06.2018	0.28381147813153523
26.06.2018	0.24136453714523753
27.06.2018	0.21411808843273716
28.06.2018	0.21713759210393313
29.06.2018	0.22229892627414838
30.06.2018	1.3549558951992353
01.07.2018	2.335148523421831
02.07.2018	5.3302007495198485
03.07.2018	3.297179168747611
04.07.2018	2.9953064388652346
05.07.2018	2.2358626036605207
06.07.2018	3.3692154177509006
07.07.2018	2.882920526997207
08.07.2018	1.0525828171338558
09.07.2018	0.8086644551258709
10.07.2018	0.49450477562176237
11.07.2018	0.557839427399722
12.07.2018	1.0583537196499768
13.07.2018	1.1574762401672143
14.07.2018	2.4539495572459904
15.07.2018	3.355536757374978
16.07.2018	0.36923431392679934
17.07.2018	0.34208639160327864
18.07.2018	0.31735579086143995
19.07.2018	0.278853970845371
20.07.2018	0.3858454869799726
21.07.2018	0.42273140152106514
22.07.2018	0.2486713235423394
23.07.2018	0.33353579129103833
24.07.2018	0.2705620639109136
25.07.2018	0.2678217624032222
26.07.2018	0.252179657799088
27.07.2018	0.21115054367153266
28.07.2018	0.33901946869048855
29.07.2018	0.19659215509817013
30.07.2018	0.20966040966521168
31.07.2018	0.21601994203438052
01.08.2018	0.42211493731825694
02.08.2018	0.17850266108969487
03.08.2018	0.1859131713245507
04.08.2018	0.23050022607177953
05.08.2018	0.15041410157644802
06.08.2018	0.2464637870886022
07.08.2018	0.8456080038544329
08.08.2018	1.9003054928765974
09.08.2018	1.6192534016348374
10.08.2018	0.8918357059803073
11.08.2018	0.25340560166755716
12.08.2018	0.17766050601704186
13.08.2018	0.2390581989515371
14.08.2018	0.24392493460790557
15.08.2018	0.24992910587783043
16.08.2018	0.20378166983766427
17.08.2018	0.9015930406275383
18.08.2018	0.22111079689612678
19.08.2018	0.1908802745745726
20.08.2018	0.18197766456067957
21.08.2018	0.1669272896872873
22.08.2018	0.41535635786962277
23.08.2018	0.26707530958233794
24.08.2018	0.4841056867301343
25.08.2018	0.16041774656517815
26.08.2018	0.454598901840248
27.08.2018	0.15787354388372202
28.08.2018	0.1763180563005056
29.08.2018	0.2832972895911996
30.08.2018	0.2124674265357969
31.08.2018	0.21751971351256055
01.09.2018	0.15296820936838487
02.09.2018	0.15636333678739955
03.09.2018	0.1722496394910425
04.09.2018	0.22302444582643272
05.09.2018	0.16337678857909058
06.09.2018	0.1962745304910276
07.09.2018	0.19766703853146222
08.09.2018	0.1583051473701618
09.09.2018	0.14899423703651957
10.09.2018	0.1547330260320855
11.09.2018	0.1791903917422721
12.09.2018	0.16645292034111328
13.09.2018	0.17444896984710306
14.09.2018	0.15900364025203073
15.09.2018	0.16565477489361616
16.09.2018	0.1766314952999946
17.09.2018	0.17363782855430754
18.09.2018	0.20978594698141728
19.09.2018	0.28358609759701947
20.09.2018	0.20567746962645037
21.09.2018	0.27644907979129246
22.09.2018	0.21821235526089708
23.09.2018	0.1874694412785196
24.09.2018	0.34114238441584027
25.09.2018	0.22317564636040307
26.09.2018	0.23468408334432178
27.09.2018	0.23874950748266305
28.09.2018	0.2800285382597401
29.09.2018	0.3328389277230775
30.09.2018	0.24816115490745197
01.10.2018	0.29483279892552783
02.10.2018	0.30104345914681724
03.10.2018	0.17732994780162495
04.10.2018	0.17200548168796137
05.10.2018	0.15880309458099612
06.10.2018	0.11007756831506078
07.10.2018	0.14037065477110353
08.10.2018	0.1777205051811351
09.10.2018	0.1640421868881572
10.10.2018	0.195375879531324
11.10.2018	0.18530321893019794
12.10.2018	0.20802043791515834
13.10.2018	0.12236336359047345
14.10.2018	0.11475202604348421
15.10.2018	0.14130990195423596
16.10.2018	0.12934518557311744
17.10.2018	0.1401733528921975
18.10.2018	0.13491457899019105
19.10.2018	0.1407427153967985
20.10.2018	0.13856648528457705
21.10.2018	0.13419767818962486
22.10.2018	0.14201278418913876
23.10.2018	0.14924444610153845
24.10.2018	0.17966166806264872
25.10.2018	0.204945226652454
26.10.2018	0.17570961208757543
27.10.2018	0.14290010927817126
28.10.2018	0.1317309019062971
29.10.2018	0.14096869047925462
30.10.2018	0.1353746325130839
31.10.2018	0.1409845419373997
01.11.2018	0.13584459597773085
02.11.2018	0.15996960114226863
03.11.2018	0.15721422350553166
04.11.2018	0.1365516548655132
05.11.2018	0.18106732744840506
06.11.2018	0.17736352859377716
07.11.2018	0.1805369918208459
08.11.2018	0.21318184586108468
09.11.2018	0.15797718023413024
10.11.2018	0.1266913317892182
11.11.2018	0.11018543282420906
12.11.2018	0.16364850153963256
13.11.2018	0.18164904752474187
14.11.2018	0.20635315587713998
15.11.2018	0.20711198236014644
16.11.2018	0.17860364106371368
17.11.2018	0.1410729463979015
18.11.2018	0.16480353905263223
19.11.2018	0.17943845226676491
20.11.2018	0.15508951611883293
21.11.2018	0.12057483530669703
22.11.2018	0.12038949730979359
23.11.2018	0.11796717647079578
24.11.2018	0.11456529228241065
25.11.2018	0.11365051594492855
26.11.2018	0.10964465694181037
27.11.2018	0.0929557532959317
28.11.2018	0.11425210500641156
29.11.2018	0.16160932059032715
30.11.2018	0.17390431118726435
01.12.2018	0.12509225984328867
02.12.2018	0.12234873336806668
03.12.2018	0.126051566632115
04.12.2018	0.11558554391106743
05.12.2018	0.11870078857233891
06.12.2018	0.08641918331556744
07.12.2018	0.07731121661741568
08.12.2018	0.058464347966025926
09.12.2018	0.05979614744277957
10.12.2018	0.06712729819830077
11.12.2018	0.06383776294509522
12.12.2018	0.059823939096812384
13.12.2018	0.0683751962946009
14.12.2018	0.0884367926977815
15.12.2018	0.05087946426973051
16.12.2018	0.049529641838848504
17.12.2018	0.05763286566749931
18.12.2018	0.11082935497744713
19.12.2018	0.07494311577950764
20.12.2018	0.07223859977659505
21.12.2018	0.0788049511477186
22.12.2018	0.07011379139979879
23.12.2018	0.07569389542811637
24.12.2018	0.09135200582026319
25.12.2018	0.1120608793141025
26.12.2018	0.11413078138293554
27.12.2018	0.07890792768434904
28.12.2018	0.07156467887926192
29.12.2018	0.07918283763299758
30.12.2018	0.16119449650769166
31.12.2018	0.08641994413756691
01.01.2019	0.08752876446474663
02.01.2019	0.08075031480286048
03.01.2019	0.08280773980194603
04.01.2019	0.09481054948497598
05.01.2019	0.14505031908209526
06.01.2019	0.09286532338812656
07.01.2019	0.09308838308948927
08.01.2019	0.08356729328012928
09.01.2019	0.07811256680090278
10.01.2019	0.09185790947547537
11.01.2019	0.07558475027973853
12.01.2019	0.06696920931915896
13.01.2019	0.06745755147262487
14.01.2019	0.09945578640407196
15.01.2019	0.09831397413587824
16.01.2019	0.10023018837433437
17.01.2019	0.0765060566199709
18.01.2019	0.08250186869919669
19.01.2019	0.07238915475906597
20.01.2019	0.06934372623783956
21.01.2019	0.07099382609420081
22.01.2019	0.09196769368257549
23.01.2019	0.07535673178051852
24.01.2019	0.07868873363791533
25.01.2019	0.07404803761723543
26.01.2019	0.06686626915364212
27.01.2019	0.06311659371060019
28.01.2019	0.07304554717579657
29.01.2019	0.06072740542593997
30.01.2019	0.06535002265559219
31.01.2019	0.0811085963615756
01.02.2019	0.07573524547065325
02.02.2019	0.06735640836521765
03.02.2019	0.06524638286874482
04.02.2019	0.06795615698107478
05.02.2019	0.06909769851663135
06.02.2019	0.07016645646876742
07.02.2019	0.0729049799694817
08.02.2019	0.071612099752275
09.02.2019	0.08228371274643301
10.02.2019	0.08491498690454581
11.02.2019	0.09283664535510174
12.02.2019	0.08632659633838012
13.02.2019	0.0880698245621113
14.02.2019	0.10069272281804541
15.02.2019	0.10394181004773966
16.02.2019	0.09533635535327378
17.02.2019	0.0972842374878676
18.02.2019	0.12731475831943698
19.02.2019	1.2132570162577605
20.02.2019	0.12486564791284493
21.02.2019	0.12185097553027449
22.02.2019	0.11581391401003187
23.02.2019	0.11841451384454756
24.02.2019	0.1348645369224612
25.02.2019	0.11968278739980458
26.02.2019	0.12967293142070288
27.02.2019	0.11937148815092703
28.02.2019	0.13446149434548224
01.03.2019	0.0960782344193836
02.03.2019	0.09070242793018951
03.03.2019	0.08794042845124589
04.03.2019	0.08928347836625478
05.03.2019	0.08955215958375205
06.03.2019	0.09677115447648572
07.03.2019	0.09772426622956476
08.03.2019	0.0976875724000541
09.03.2019	0.0856017525245524
10.03.2019	0.08781559281578588
11.03.2019	0.08729655120997581
12.03.2019	0.08305278421156752
13.03.2019	0.0799234298538489
14.03.2019	0.07328097091324257
15.03.2019	0.07838747260480726
16.03.2019	0.07299208816619096
17.03.2019	0.08728312488664154
18.03.2019	0.6171058270298007
19.03.2019	0.09246861726620495
20.03.2019	0.08501492197944978
21.03.2019	0.12581863769414098
22.03.2019	0.09780523549171236
23.03.2019	0.0834748998197723
24.03.2019	0.08566570658733257
25.03.2019	0.09093914220034444
26.03.2019	0.09613626069985673
27.03.2019	0.10631166907622908
28.03.2019	0.09411037146198831
29.03.2019	0.1040538901421508
30.03.2019	0.08129002105649988
31.03.2019	0.0851936890067458
01.04.2019	0.09968946751543199
02.04.2019	0.10395732712804161
03.04.2019	0.14486249913732235
04.04.2019	0.11861030191701506
05.04.2019	0.09865363138175388
06.04.2019	0.09987632688474533
07.04.2019	0.10072549910054106
08.04.2019	0.11589185583247029
09.04.2019	0.10694283392185691
10.04.2019	0.1391881125021659
11.04.2019	0.11167685774543004
12.04.2019	0.09468074412002377
13.04.2019	0.0875279071751557
14.04.2019	0.09087983604148071
15.04.2019	0.09430678545991046
16.04.2019	0.09937833318761362
17.04.2019	0.1041055207909867
18.04.2019	0.10603845984610953
19.04.2019	0.09201523334223671
20.04.2019	0.07251385886134795
21.04.2019	0.08436558604780904
22.04.2019	0.08350831139287918
23.04.2019	0.09019715075951672
24.04.2019	0.0923874926938119
25.04.2019	0.07629487221617975
26.04.2019	0.09442254390206295
27.04.2019	0.07308798088486503
28.04.2019	0.07351316260243854
29.04.2019	0.07667431982550797
30.04.2019	0.07237069714595946
01.05.2019	0.07896068376789937
02.05.2019	0.19729137196128257
03.05.2019	0.09056833283655648
04.05.2019	0.08311455944896817
05.05.2019	0.08190543391892731
06.05.2019	0.09042559779186227
07.05.2019	0.12186154994722137
08.05.2019	0.09658312887502774
09.05.2019	0.0904206269111885
10.05.2019	0.09828957276127932
11.05.2019	0.0841726251890332
12.05.2019	0.09693500695265965
13.05.2019	0.11555193326070544
14.05.2019	0.12400184441982724
15.05.2019	0.16871587629059004
16.05.2019	0.24609801012585744
17.05.2019	0.23895180129695337
18.05.2019	0.1833960762784933
19.05.2019	0.1483303016454586
20.05.2019	0.17088352034048834
21.05.2019	0.14233504827113333
22.05.2019	0.18469045746288154
23.05.2019	0.15829091950710314
24.05.2019	0.1602023116983485
25.05.2019	0.13044909782843567
26.05.2019	0.1170605299487402
27.05.2019	0.17247544868517456
28.05.2019	0.17667465853621314
29.05.2019	0.18887987463619774
30.05.2019	0.20716103412130732
31.05.2019	0.1802519997629978
01.06.2019	0.1663353650601922
02.06.2019	0.12370998574197428
03.06.2019	0.15950927983033822
04.06.2019	0.15014771810407937
05.06.2019	0.15492219482732533
06.06.2019	0.14467202516639735
07.06.2019	0.14736778014580112
08.06.2019	0.17984946616973913
09.06.2019	0.11801031958680135
10.06.2019	0.18326039993406548
11.06.2019	0.15724871298140453
12.06.2019	0.10913447609694472
13.06.2019	0.1359019645316395
14.06.2019	0.1554083504755771
15.06.2019	0.18079776292668692
16.06.2019	0.11605688179688294
17.06.2019	0.20315103975200735
18.06.2019	0.15527724878593044
19.06.2019	0.16793324202191698
20.06.2019	0.20981507529329452
21.06.2019	0.1417477501756032
22.06.2019	0.14808899672441422
23.06.2019	0.1599125087613866
24.06.2019	0.1814892999377875
25.06.2019	0.23917455435676166
26.06.2019	0.2621820658901364
27.06.2019	0.32013009637074963
28.06.2019	0.22191626006852133
29.06.2019	0.2025686489838266
30.06.2019	0.2165638289151027
01.07.2019	0.23890638022503594
02.07.2019	0.19186363375312795
03.07.2019	0.16006218957051663
04.07.2019	0.15098017963801985
05.07.2019	0.17245992239901767
06.07.2019	0.173281416348998
07.07.2019	0.1431755330419812
08.07.2019	0.1993966735806363
09.07.2019	0.17726574682036098
10.07.2019	0.15561432265028588
11.07.2019	0.21542127764417937
12.07.2019	0.1545492622278958
13.07.2019	0.14355404319200787
14.07.2019	0.17614395438794425
15.07.2019	0.14999656868234415
16.07.2019	0.229676190570472
17.07.2019	0.1758829839450665
18.07.2019	0.11779670003971571
19.07.2019	0.16421359952429998
20.07.2019	0.10732733470161943
21.07.2019	0.1178805415149494
22.07.2019	0.11132590774390913
23.07.2019	0.12291491527522719
24.07.2019	0.171168137224872
25.07.2019	0.16459457627756416
26.07.2019	0.12205283728490901
27.07.2019	0.125561346760109
28.07.2019	0.09369138126790212
29.07.2019	0.10746455946849878
30.07.2019	0.1113032379112767
31.07.2019	0.1244538129964839
01.08.2019	0.17439001557963477
02.08.2019	0.13764609091026353
03.08.2019	0.15795760911233664
04.08.2019	0.10092138601175699
05.08.2019	0.11235667749389244
06.08.2019	0.12622646829553483
07.08.2019	0.11255016306639552
08.08.2019	0.12632247447349576
09.08.2019	0.12488941169042926
10.08.2019	0.10619112629377514
11.08.2019	0.10074527647169616
12.08.2019	0.11391611402915325
13.08.2019	0.13269153287589103
14.08.2019	0.1193227880191459
15.08.2019	0.13312699383241175
16.08.2019	0.09873765392039748
17.08.2019	0.08145969323505992
18.08.2019	0.0856878369534191
19.08.2019	0.12195512898002941
20.08.2019	0.12818910197190708
21.08.2019	0.14893469563262476
22.08.2019	0.12319137232972906
23.08.2019	0.11798852647264248
24.08.2019	0.10996236104095719
25.08.2019	0.1423442771854699
26.08.2019	0.15593986452954903
27.08.2019	0.12458929803229703
28.08.2019	0.13111329439258745
29.08.2019	0.12250770242896983
30.08.2019	0.11734695213574084
31.08.2019	0.10898071895757996
01.09.2019	0.11256323027111394
02.09.2019	0.12558916574439638
03.09.2019	0.12973623349005578
04.09.2019	0.13250265243162676
05.09.2019	0.15293338083872113
06.09.2019	0.16398969207653266
07.09.2019	0.16778749638323928
08.09.2019	0.18946708966002654
09.09.2019	0.19796773344128155
10.09.2019	0.23706757488896588
11.09.2019	0.21965806116860687
12.09.2019	0.23486176684751964
13.09.2019	0.24988832262026223
14.09.2019	0.2723076151607537
15.09.2019	0.2849044663200145
16.09.2019	0.2583593866816588
17.09.2019	0.3508833492821577
18.09.2019	0.3763741436552096
19.09.2019	0.438620438515705
20.09.2019	0.4460631063482439
21.09.2019	0.4175720869650182
22.09.2019	0.33040743608555984
23.09.2019	0.4295415439174135
24.09.2019	0.4325105359566186
25.09.2019	0.3943367059187874
26.09.2019	0.31163059162066403
27.09.2019	0.32576739672875926
28.09.2019	0.342627459223083
29.09.2019	0.32888680363169404
30.09.2019	0.24875418012505987
01.10.2019	0.14139129755184685
02.10.2019	0.13459932762874757
03.10.2019	0.18667354190012395
04.10.2019	0.14485007738511996
05.10.2019	0.12458620597426028
06.10.2019	0.11892872902109687
07.10.2019	0.1174781671243773
08.10.2019	0.11708879180152527
09.10.2019	0.13568063670239075
10.10.2019	0.13483641190448803
11.10.2019	0.12657142969907376
12.10.2019	0.11006728829843317
13.10.2019	0.11786732366718558
14.10.2019	0.12251065957569801
15.10.2019	0.12476552215012945
16.10.2019	0.11717768571237093
17.10.2019	0.10596603867869153
18.10.2019	0.11068229615632415
19.10.2019	0.10624700910418239
20.10.2019	0.12356273853867501
21.10.2019	0.11834525800277977
22.10.2019	0.12702775652586745
23.10.2019	0.1588373000750854
24.10.2019	0.11856473863995177
25.10.2019	0.12062414679394476
26.10.2019	0.13996612188932323
27.10.2019	0.12268517738970307
28.10.2019	0.13517490665772852
29.10.2019	0.1404020132085748
30.10.2019	0.148252647624097
31.10.2019	0.13059619932972444
01.11.2019	0.1258205236217098
02.11.2019	0.12002895028382468
03.11.2019	0.13011453285699945
04.11.2019	0.12872652454732678
05.11.2019	0.1264103183232624
06.11.2019	0.12262673545782377
07.11.2019	0.1461147308634316
08.11.2019	0.1324821971983461
09.11.2019	0.12525377803840118
10.11.2019	0.12112469142419104
11.11.2019	0.13154391641906027
12.11.2019	0.12452165913826618
13.11.2019	0.12804398613783
14.11.2019	0.1364242849707165
15.11.2019	0.12860201041470243
16.11.2019	0.11346072720277668
17.11.2019	0.12095994388153795
18.11.2019	0.15339269565170438
19.11.2019	0.12376323082377459
20.11.2019	0.128427076632684
21.11.2019	0.17369781929399042
22.11.2019	0.2508790743107951
23.11.2019	0.10002015531387975
24.11.2019	0.10714707489353377
25.11.2019	0.1791149716636352
26.11.2019	0.14564416368544558
27.11.2019	0.11902691931518798
28.11.2019	0.13216134388319478
29.11.2019	0.10402177977501514
30.11.2019	0.10614181699100846
01.12.2019	0.12000841062044953
02.12.2019	0.11009851832664917
03.12.2019	0.10525040194256016
04.12.2019	0.10732353241947237
05.12.2019	0.0972953147024723
06.12.2019	0.09508766515643494
07.12.2019	0.09286564389239821
08.12.2019	0.08732850469591856
09.12.2019	0.08947109813972923
10.12.2019	0.09678592744079256
11.12.2019	0.09884925310483043
12.12.2019	0.09362511283585812
13.12.2019	0.09211051779083985
14.12.2019	0.0887177332518689
15.12.2019	0.09383885534926706
16.12.2019	0.11186323490809548
17.12.2019	0.13589341020027718
18.12.2019	0.10406587653693122
19.12.2019	0.09156444849531484
20.12.2019	0.09064861679410013
21.12.2019	0.07983551631836242
22.12.2019	0.07641698340976279
23.12.2019	0.0892432905123289
24.12.2019	0.07846397960156952
25.12.2019	0.08010349087389332
26.12.2019	0.07731626211869819
27.12.2019	0.07633634201475209
28.12.2019	0.07394797791897875
29.12.2019	0.07749819185386488
30.12.2019	0.08044668950429901
31.12.2019	0.0879799780493211
01.01.2020	0.08217387261719014
02.01.2020	0.07404313860780401
03.01.2020	0.07388439276696537
04.01.2020	0.06556315761576299
05.01.2020	0.06755431292711563
06.01.2020	0.07805652770345253
07.01.2020	0.07754899614744702
08.01.2020	0.09166625426640533
09.01.2020	0.07738086048547552
10.01.2020	0.09266349216724049
11.01.2020	0.08149168222569243
12.01.2020	0.07750551457152008
13.01.2020	0.087994216873365
14.01.2020	0.10684047490285475
15.01.2020	0.09564169240280532
16.01.2020	0.08135903091938747
17.01.2020	0.08876127436564822
18.01.2020	0.09229876137297696
19.01.2020	0.09080376044120625
20.01.2020	0.08162506686157303
21.01.2020	0.08087327740685891
22.01.2020	0.08234692683020535
23.01.2020	0.07685324899100214
24.01.2020	0.0812306076973141
25.01.2020	0.06989762276144877
26.01.2020	0.07120807949117568
27.01.2020	0.08145316811018002
28.01.2020	0.08309595073427761
29.01.2020	0.08481987658057273
30.01.2020	0.09382856778766005
31.01.2020	0.09555704372105002
01.02.2020	0.08929737698391155
02.02.2020	0.09513203641212446
03.02.2020	0.09662456147613414
04.02.2020	0.12706573722122283
05.02.2020	0.13406275517143118
06.02.2020	0.1610718093266276
07.02.2020	0.16425753520070124
08.02.2020	0.13218762552412353
09.02.2020	0.12937408436696451
10.02.2020	0.1326059452275378
11.02.2020	0.13251093652475882
12.02.2020	0.17407360973779792
13.02.2020	0.1867353119864807
14.02.2020	0.1803403704431372
15.02.2020	0.2014386232811907
16.02.2020	0.2350130696014099
17.02.2020	0.1772707769404286
18.02.2020	0.16235373470167336
19.02.2020	0.1967415960557488
20.02.2020	0.19126596132059623
21.02.2020	0.13005977619486989
22.02.2020	0.13251268419102827
23.02.2020	0.15433763850336452
24.02.2020	0.1618423425200535
25.02.2020	0.18669933596917337
26.02.2020	0.2939389631498576
27.02.2020	0.16968890119609398
28.02.2020	0.1522844985903627
29.02.2020	0.11799980440479758
01.03.2020	0.11807490508899283
02.03.2020	0.11212211444592944
03.03.2020	0.12959463653530207
04.03.2020	0.12589787414497014
05.03.2020	0.13410991803301242
06.03.2020	0.1342406069691762
07.03.2020	0.14178152893002488
08.03.2020	0.24143313412459183
09.03.2020	0.1878557295196383
10.03.2020	0.12439942004474423
11.03.2020	0.16355781027331998
12.03.2020	1.2954933366334054
13.03.2020	0.6205625197287061
14.03.2020	0.11400766645031356
15.03.2020	0.09653328543052336
16.03.2020	0.22838052599904926
17.03.2020	0.10947492545299642
18.03.2020	0.09146177190570402
19.03.2020	0.12046774985819496
20.03.2020	0.11932452401860501
21.03.2020	0.07978464699955697
22.03.2020	0.08805412127312613
23.03.2020	0.0894418972689008
24.03.2020	0.09555568253944408
25.03.2020	0.0982643454143592
26.03.2020	0.09180839512412894
27.03.2020	0.09008850496228661
28.03.2020	0.0784306419477832
29.03.2020	0.07498026270212077
30.03.2020	0.07723805538832029
31.03.2020	0.08950395816945324
01.04.2020	0.08814925246364502
02.04.2020	0.09728935245330331
03.04.2020	0.09427940034760868
04.04.2020	0.08125951092238572
05.04.2020	0.08181606925411214
06.04.2020	0.11759370337289474
07.04.2020	0.12606247691100933
08.04.2020	0.10055967568329544
09.04.2020	0.11546055220271037
10.04.2020	0.11737320574099101
11.04.2020	0.0916653008282908
12.04.2020	0.08495158289244831
13.04.2020	0.1045597001375113
14.04.2020	0.10006751726910565
15.04.2020	0.09781021117682837
16.04.2020	0.13305324499224172
17.04.2020	0.11479540880257118
18.04.2020	0.12625434608407463
19.04.2020	0.12849694906740694
20.04.2020	0.1426093011318768
21.04.2020	0.14488596416970295
22.04.2020	0.1408110404552517
23.04.2020	0.15199850842632917
24.04.2020	0.14388891373562396
25.04.2020	0.13336453258988512
26.04.2020	0.15271314697885927
27.04.2020	0.15177098748691148
28.04.2020	0.13890905870996134
29.04.2020	0.2123250081784584
30.04.2020	0.30318479302534185
01.05.2020	0.1687869190957057
02.05.2020	0.14249271918713052
03.05.2020	0.1615022319113864
04.05.2020	0.19950034828883903
05.05.2020	0.2031556171423235
06.05.2020	0.23042659599282156
07.05.2020	0.2624026580936792
08.05.2020	0.27074724254556265
09.05.2020	0.22075585696547637
10.05.2020	0.40423621476922106
11.05.2020	0.2731132265093674
12.05.2020	0.30599899925411644
13.05.2020	0.4078242870157397
14.05.2020	0.5424988232847932
15.05.2020	0.38648494719469734
16.05.2020	0.30511321044198475
17.05.2020	0.36521699029781096
18.05.2020	0.4793594102377835
19.05.2020	0.4487463834640557
20.05.2020	0.5138502550851772
21.05.2020	0.6741252875337442
22.05.2020	0.41645523354948855
23.05.2020	0.29127848779429066
24.05.2020	0.40084442787001806
25.05.2020	0.47180433344854744
26.05.2020	0.47296528788756176
27.05.2020	0.517490987044624
28.05.2020	0.5140942559580788
29.05.2020	0.45230239074867384
30.05.2020	0.47060372823005264
31.05.2020	0.44677388824064784
01.06.2020	0.4444750065653363
02.06.2020	0.5229074326629407
03.06.2020	0.42591184939936055
04.06.2020	0.45349288424359074
05.06.2020	0.4872307826953713
06.06.2020	0.5195653051952549
07.06.2020	0.5707410140405945
08.06.2020	0.5702029148343828
09.06.2020	0.5704248521511736
10.06.2020	3.35648453602258
11.06.2020	4.088583742901217
12.06.2020	0.5265971025618138
13.06.2020	0.4500321602986109
14.06.2020	0.4028876517845417
15.06.2020	0.6384076040080072
16.06.2020	0.5835467500945967
17.06.2020	0.6428049170268636
18.06.2020	0.5655780651460632
19.06.2020	0.6010249480258207
20.06.2020	0.4709385066313473
21.06.2020	0.45834545461862336
22.06.2020	0.5905489588631986
23.06.2020	0.6898988681925529
24.06.2020	0.7468584149367121
25.06.2020	0.6593755178447968
26.06.2020	0.6099352424537354
27.06.2020	0.5647310645325426
28.06.2020	0.5326998832453609
29.06.2020	0.5706835236845447
30.06.2020	0.7348832795141699
01.07.2020	0.6915195740491489
02.07.2020	0.6411866012981289
03.07.2020	0.6652017891121689
04.07.2020	0.530764633519389
05.07.2020	0.5437556915784798
06.07.2020	0.6036441012297301
07.07.2020	0.623616652059924
08.07.2020	0.7838626412938257
09.07.2020	0.7480004779878651
10.07.2020	0.5946306229641029
11.07.2020	0.5471062633540398
12.07.2020	0.5021021670658927
13.07.2020	0.7540836754314199
14.07.2020	0.648476596445238
15.07.2020	0.7715588658697661
16.07.2020	0.8578501720232538
17.07.2020	0.8552478506085618
18.07.2020	0.7863260027854895
19.07.2020	0.852675012577069
20.07.2020	1.0542779758050569
21.07.2020	1.1157868344296582
22.07.2020	1.1130515037623538
23.07.2020	1.3676768246579782
24.07.2020	1.3418683526697024
25.07.2020	1.4524715212009307
26.07.2020	1.4624944843978067
27.07.2020	1.8171198136273288
28.07.2020	1.4107394993223532
29.07.2020	1.519353372312029
30.07.2020	1.426996861208986
31.07.2020	1.6177029650877721
01.08.2020	1.4073503056479533
02.08.2020	2.0047685914627578
03.08.2020	1.648060957969605
04.08.2020	1.437881547787801
05.08.2020	1.3332701328659278
06.08.2020	1.4657082302393134
07.08.2020	1.787179021974069
08.08.2020	1.6428005569939146
09.08.2020	1.9538504207799436
10.08.2020	2.80717226814164
11.08.2020	3.131110530485049
12.08.2020	5.451822770880338
13.08.2020	6.449582300048027
14.08.2020	5.756715365079418
15.08.2020	3.5771289576380667
16.08.2020	2.9406865883503803
17.08.2020	3.143132846063834
18.08.2020	3.584724643783379
19.08.2020	3.7109364079403355
20.08.2020	3.1229950571828136
21.08.2020	4.126810460159986
22.08.2020	2.790721547020097
23.08.2020	2.2949711320024684
24.08.2020	2.5863861275755613
25.08.2020	2.9834890684267017
26.08.2020	2.3455829192345394
27.08.2020	2.482122123997516
28.08.2020	2.421933698111915
29.08.2020	2.724248313798004
30.08.2020	5.757010756227503
31.08.2020	6.526007000235758
01.09.2020	12.298169224615645
02.09.2020	15.210200283489275
03.09.2020	11.787772058780293
04.09.2020	5.982714952412306
05.09.2020	8.024057407711412
06.09.2020	3.255792176458751
07.09.2020	2.8864253845623233
08.09.2020	2.73486783000001
09.09.2020	2.942490014573957
10.09.2020	4.323168972041836
11.09.2020	3.9242608623556587
12.09.2020	2.9474691180819885
13.09.2020	3.4414922095825737
14.09.2020	5.2368646263656355
15.09.2020	5.073047808591656
16.09.2020	4.070492233943501
17.09.2020	11.046970486658866
18.09.2020	7.692866171427568
19.09.2020	4.743675251148047
20.09.2020	3.5493634236514655
21.09.2020	4.40987295205647
22.09.2020	3.7962772765740826
23.09.2020	3.1750103822251554
24.09.2020	2.4762721639753504
25.09.2020	2.575952520356113
26.09.2020	2.2275681717718383
27.09.2020	2.318142070314146
28.09.2020	2.9761908429050385
29.09.2020	3.646172068129987
30.09.2020	2.927780263967432
01.10.2020	2.6092106197443243
02.10.2020	2.388905375450895
03.10.2020	1.9938380125452644
04.10.2020	2.0551306018590383
05.10.2020	2.203499203148352
06.10.2020	2.6953037550848196
07.10.2020	2.001465150673258
08.10.2020	1.994172383797138
09.10.2020	1.910132496916096
10.10.2020	1.5725185679377809
11.10.2020	1.314231111831654
12.10.2020	1.8776896222200183
13.10.2020	1.9439692134900801
14.10.2020	2.053566760751724
15.10.2020	1.757595843179266
16.10.2020	1.5330266262416272
17.10.2020	0.8939823751455915
18.10.2020	1.0083892300218267
19.10.2020	1.3905191701720439
20.10.2020	1.5442208853932584
21.10.2020	1.8141299187251214
22.10.2020	1.587479076577537
23.10.2020	1.5992243568413755
24.10.2020	0.9085311702623534
25.10.2020	0.9951500294761274
26.10.2020	1.6396522335974264
27.10.2020	1.1396269595142448
28.10.2020	1.7078733344207215
29.10.2020	1.7760203457067447
30.10.2020	1.5968355422495142
31.10.2020	1.043497417651324
01.11.2020	0.8822547282634903
02.11.2020	1.498090889473648
03.11.2020	1.1419645677422792
04.11.2020	0.9394988048498241
05.11.2020	1.3327405597313036
06.11.2020	1.5967208340190462
07.11.2020	1.712209990531634
08.11.2020	0.906685258376633
09.11.2020	1.2527329522421984
10.11.2020	1.4406429090718562
11.11.2020	1.5314523587568958
12.11.2020	1.7511856579209084
13.11.2020	1.633135531994278
14.11.2020	1.2390102017498772
15.11.2020	1.1140059958688806
16.11.2020	1.427159548984933
17.11.2020	2.299530468350053
18.11.2020	2.7235308592561718
19.11.2020	1.6449344826395744
20.11.2020	2.05289434526863
21.11.2020	2.1943779115753976
22.11.2020	2.322214191363985
23.11.2020	2.6763481236725837
24.11.2020	3.4990732938292277
25.11.2020	2.2842886282639276
26.11.2020	5.416625983988421
27.11.2020	1.4600269542694768
28.11.2020	1.1638213769174726
29.11.2020	1.0550943389288203
30.11.2020	2.9132324870675177
01.12.2020	3.4146487339179723
02.12.2020	1.7128004198956521
03.12.2020	1.8606836316601698
04.12.2020	2.125801563581743
05.12.2020	1.4231342377826404
06.12.2020	1.5165853741705637
07.12.2020	1.9368223362833774
08.12.2020	2.4759199815493207
09.12.2020	2.4088839704072247
10.12.2020	2.2134971997901607
11.12.2020	2.3887952563337165
12.12.2020	1.54216551208876
13.12.2020	1.639921198747227
14.12.2020	2.246207237015481
15.12.2020	3.1277174926374136
16.12.2020	2.976704991222656
17.12.2020	5.2118944766836375
18.12.2020	2.979021493626441
19.12.2020	2.7379481478030034
20.12.2020	2.0815359382067107
21.12.2020	3.419453884670289
22.12.2020	2.754704361210077
23.12.2020	4.534220744318145
24.12.2020	3.401460073773451
25.12.2020	3.788997665896071
26.12.2020	2.8442976309911026
27.12.2020	4.0624798889678
28.12.2020	4.806317510004757
29.12.2020	4.471293707222157
30.12.2020	5.330260162482421
31.12.2020	4.9885726516512445
01.01.2021	3.339459929375715
02.01.2021	4.954218762396918
03.01.2021	8.119911211900751
04.01.2021	15.347968060476429
05.01.2021	8.984535724311696
06.01.2021	8.323785698626434
07.01.2021	9.844939780675746
08.01.2021	10.563484350341215
09.01.2021	7.077393431019977
10.01.2021	7.32097462042431
11.01.2021	19.240336370883032
12.01.2021	6.310444412239369
13.01.2021	4.952202323574643
14.01.2021	6.158796236549663
15.01.2021	7.410601027190234
16.01.2021	6.147517918317523
17.01.2021	5.250564246537367
18.01.2021	5.834772719568114
19.01.2021	7.952835924527762
20.01.2021	7.497396386382049
21.01.2021	11.303973617021994
22.01.2021	9.699462216014647
23.01.2021	6.811474459120056
24.01.2021	7.00682613926786
25.01.2021	9.866813501543561
26.01.2021	7.352994209934911
27.01.2021	9.19796084432405
28.01.2021	7.589727128779669
29.01.2021	11.137151113776323
30.01.2021	9.738519601840423
31.01.2021	11.288971152529617
01.02.2021	12.175953139823523
02.02.2021	14.448120349849775
03.02.2021	15.687128639208062
04.02.2021	23.750291532336156
05.02.2021	23.834645485293464
06.02.2021	19.624087031316314
07.02.2021	17.043086177418417
08.02.2021	20.78566397200492
09.02.2021	24.058933625113916
10.02.2021	22.591664802695032
11.02.2021	18.550206179794635
12.02.2021	19.320833033000852
13.02.2021	21.23458788370004
14.02.2021	17.474573960910217
15.02.2021	21.111955597570663
16.02.2021	19.542367651465728
17.02.2021	19.514222941052346
18.02.2021	20.40162473723971
19.02.2021	21.79060894979331
20.02.2021	23.170165584658072
21.02.2021	17.50662057525941
22.02.2021	32.785853637638745
23.02.2021	42.97910959023346
24.02.2021	19.910225261886076
25.02.2021	17.190976207886333
26.02.2021	15.168309257461148
27.02.2021	11.338033366908641
28.02.2021	11.783902146931124
01.03.2021	11.029700325314773
02.03.2021	12.510731257888667
03.03.2021	12.1914123369658
04.03.2021	11.299852583255687
05.03.2021	13.947044141494338
06.03.2021	10.265796910408088
07.03.2021	14.547652662371911
08.03.2021	15.283022850761595
09.03.2021	15.732094199588804
10.03.2021	15.862637841625789
11.03.2021	14.760871721114407
12.03.2021	18.632725826133683
13.03.2021	17.699845555217138
14.03.2021	17.868456805561827
15.03.2021	20.907053712132335
16.03.2021	20.3268253038428
17.03.2021	21.893563491397103
18.03.2021	20.030280002969633
19.03.2021	17.264262250091868
20.03.2021	16.057599498714875
21.03.2021	16.088093913895275
22.03.2021	20.347598282438536
23.03.2021	16.817610312620378
24.03.2021	17.815639997827184
25.03.2021	17.005929837342272
26.03.2021	14.524917615175724
27.03.2021	12.896452655948117
28.03.2021	13.780186387834945
29.03.2021	15.695828175033036
30.03.2021	18.453525237365184
31.03.2021	22.74917540241216
01.04.2021	21.693801673991377
02.04.2021	21.076735776126934
03.04.2021	19.30278080822609
04.04.2021	14.784670549344373
05.04.2021	18.676515598178167
06.04.2021	19.185449979889526
07.04.2021	19.575859558965078
08.04.2021	14.630933563708345
09.04.2021	14.853415927326845
10.04.2021	12.493561968060158
11.04.2021	11.298090260072199
12.04.2021	13.709835847879791
13.04.2021	14.817620073516789
14.04.2021	17.93263467760923
15.04.2021	15.931900571293793
16.04.2021	25.137049397192033
17.04.2021	19.459815075248827
18.04.2021	23.112633291582593
19.04.2021	23.20112997013879
20.04.2021	29.90853175836287
21.04.2021	22.034203977544497
22.04.2021	19.6504305067497
23.04.2021	17.890839206041484
24.04.2021	10.761851035310299
25.04.2021	8.204989741876243
26.04.2021	9.047489989225161
27.04.2021	10.515051364815939
28.04.2021	12.643501727679142
29.04.2021	11.879556879969561
30.04.2021	9.918947613509461
01.05.2021	9.481547669333333
02.05.2021	7.985668583007947
03.05.2021	12.163690755350155
04.05.2021	14.184296835395456
05.05.2021	11.849869159149868
06.05.2021	14.059418798344337
07.05.2021	14.429897773423527
08.05.2021	26.600809685611342
09.05.2021	27.45737861685072
10.05.2021	51.26735632137753
11.05.2021	64.62350348122114
12.05.2021	68.88928689004182
13.05.2021	39.3060208474231
14.05.2021	29.484509276198835
15.05.2021	24.574132073660767
16.05.2021	19.64305823922027
17.05.2021	22.048700731123816
18.05.2021	18.90976801609678
19.05.2021	70.83217884503375
20.05.2021	20.701246404362475
21.05.2021	22.08528168864437
22.05.2021	9.953590862821041
23.05.2021	24.580509019241298
24.05.2021	10.16771099932021
25.05.2021	9.746460920167205
26.05.2021	9.315187927066736
27.05.2021	8.073450929775543
28.05.2021	7.850595690889058
29.05.2021	5.746009756512122
30.05.2021	4.675935006887893
31.05.2021	5.632653840770614
01.06.2021	5.982342465721347
02.06.2021	5.914115846392243
03.06.2021	6.150276000996701
04.06.2021	5.680912207732267
05.06.2021	4.175017481193795
06.06.2021	3.5948738144991075
07.06.2021	4.6258504975297985
08.06.2021	6.012786128499455
09.06.2021	4.972940530949578
10.06.2021	4.358757231360534
11.06.2021	4.73092933183199
12.06.2021	3.9478645066486084
13.06.2021	3.0806182396474964
14.06.2021	4.0487180374401746
15.06.2021	4.270157960523964
16.06.2021	4.083634646375328
17.06.2021	4.075685145070602
18.06.2021	4.199219234880555
19.06.2021	3.138345200316002
20.06.2021	3.492577716794731
21.06.2021	7.619559963673828
22.06.2021	9.550602520267551
23.06.2021	3.3413496031680583
24.06.2021	3.0954864874640564
25.06.2021	3.9683448265410646
26.06.2021	2.334594351278949
27.06.2021	4.077798269568683
28.06.2021	3.1582581407612165
29.06.2021	3.6792493644136135
30.06.2021	5.430749980885627
01.07.2021	4.009264011435025
02.07.2021	2.992718646508219
03.07.2021	2.903366635642879
04.07.2021	2.5617418196352495
05.07.2021	3.534270664103097
06.07.2021	7.776042769290628
07.07.2021	6.584854754081433
08.07.2021	6.309020262551098
09.07.2021	4.522203958432557
10.07.2021	3.051278690660263
11.07.2021	2.385385775580148
12.07.2021	4.783502488972353
13.07.2021	5.00893841675644
14.07.2021	6.857190366792698
15.07.2021	6.587457126042062
16.07.2021	6.211465089828752
17.07.2021	4.2791180790617975
18.07.2021	4.134069798347135
19.07.2021	4.328996987141354
20.07.2021	4.742139722893394
21.07.2021	3.696902163869339
22.07.2021	5.200776592884467
23.07.2021	6.19635073455703
24.07.2021	3.81797563401644
25.07.2021	3.831856198774327
26.07.2021	6.700848794208603
27.07.2021	8.161445006914711
28.07.2021	9.085322830669734
29.07.2021	5.462964143411186
30.07.2021	6.736959605258943
31.07.2021	9.797516397809545
01.08.2021	7.828374987992906
02.08.2021	8.232063292410864
03.08.2021	10.47751433167142
04.08.2021	8.515403963201054
05.08.2021	14.61369886651159
06.08.2021	12.324703709146345
07.08.2021	12.910133850567846
08.08.2021	14.538168657708882
09.08.2021	15.839530799443775
10.08.2021	19.84251549943565
11.08.2021	17.142955790392225
12.08.2021	17.15641187147492
13.08.2021	17.36917843195728
14.08.2021	17.289820125734416
15.08.2021	22.01703991514052
16.08.2021	15.968491445359406
17.08.2021	14.406095464239334
18.08.2021	13.174267649050034
19.08.2021	14.839991499142476
20.08.2021	11.859847259653828
21.08.2021	11.065626047966406
22.08.2021	10.823763416913998
23.08.2021	17.200268149573606
24.08.2021	23.272176164814667
25.08.2021	26.977605370963115
26.08.2021	27.198559204051243
27.08.2021	37.104310433304285
28.08.2021	28.747155311193147
29.08.2021	30.97881745059093
30.08.2021	33.06129200284963
31.08.2021	36.06495355707929
01.09.2021	42.11676356241912
02.09.2021	35.177346769465885
03.09.2021	50.280889957414196
04.09.2021	41.08425665783594
05.09.2021	39.47806639220091
06.09.2021	39.82555090486046
07.09.2021	63.1317083897219
08.09.2021	47.86059349676356
09.09.2021	48.01630506903388
10.09.2021	29.900700922107486
11.09.2021	17.372234638859457
12.09.2021	17.741037911658058
13.09.2021	23.565055853522068
14.09.2021	23.025858508475398
15.09.2021	20.797572268162295
16.09.2021	27.541322635803862
17.09.2021	23.640861445737738
18.09.2021	16.770172482979856
19.09.2021	21.788685363494196
20.09.2021	26.28324309299103
21.09.2021	26.56786287903596
22.09.2021	16.943970249553477
23.09.2021	24.356635141981023
24.09.2021	20.770568381310355
25.09.2021	13.038929945965114
26.09.2021	19.98035276362823
27.09.2021	45.8712245544117
28.09.2021	24.751583422017625
29.09.2021	20.954515397513852
30.09.2021	29.87484427635036
01.10.2021	22.478124536052075
02.10.2021	19.748369937001225
03.10.2021	18.86682389685963
04.10.2021	31.62891004404279
05.10.2021	37.40386767008311
06.10.2021	39.30398631807773
07.10.2021	39.04602616593101
08.10.2021	36.28165286676338
09.10.2021	23.920927404203553
10.10.2021	27.021351051689884
11.10.2021	32.26667926591152
12.10.2021	27.15750816141045
13.10.2021	29.76715962089245
14.10.2021	39.71974964330349
15.10.2021	45.19473672374576
16.10.2021	28.486355490310967
17.10.2021	25.715176113348363
18.10.2021	42.16509431423687
19.10.2021	23.197112267369874
20.10.2021	25.16190119287575
21.10.2021	32.56163044843489
22.10.2021	29.044901105052435
23.10.2021	21.730157552662092
24.10.2021	25.130179533024773
25.10.2021	31.916823662529705
26.10.2021	40.013954810407185
27.10.2021	51.46442337661395
28.10.2021	49.59800806066474
29.10.2021	51.7729636133733
30.10.2021	52.11178528171484
31.10.2021	49.29559760785552
01.11.2021	51.10460039984131
02.11.2021	54.44209428684298
03.11.2021	52.98667383892819
04.11.2021	48.973462724470146
05.11.2021	46.114884211738094
06.11.2021	41.49687683891054
07.11.2021	35.5869595256603
08.11.2021	44.53608632528799
09.11.2021	62.82742936419151
10.11.2021	57.641565354173515
11.11.2021	55.42111594964692
12.11.2021	52.614613339823144
13.11.2021	47.081008565668775
14.11.2021	41.284474905080245
15.11.2021	55.00207582676394
16.11.2021	50.787568319848354
17.11.2021	41.806646400385304
18.11.2021	48.02641014515095
19.11.2021	38.42989097886593
20.11.2021	38.42671341815549
21.11.2021	37.109896872192024
22.11.2021	51.9241673787252
23.11.2021	44.00118091415585
24.11.2021	42.009918728611105
25.11.2021	40.56119741380101
26.11.2021	39.414845585724024
27.11.2021	40.11488287478167
28.11.2021	41.05870412170236
29.11.2021	41.71549009059215
30.11.2021	51.27599252790899
01.12.2021	51.41492707139362
02.12.2021	42.05169474190305
03.12.2021	40.165250031318884
04.12.2021	48.784278609195184
05.12.2021	30.19127734268114
06.12.2021	36.05340413541465
07.12.2021	33.373803177213524
08.12.2021	26.627142670632253
09.12.2021	29.894891671151424
10.12.2021	31.35524721792561
11.12.2021	24.986347028871062
12.12.2021	22.56921956074073
13.12.2021	29.350382234545954
14.12.2021	24.746750801964822
15.12.2021	27.885523422106903
16.12.2021	36.46847389152334
17.12.2021	31.289307955300597
18.12.2021	22.448899830725797
19.12.2021	22.267755636633048
20.12.2021	23.660063095640112
21.12.2021	22.67437969492237
22.12.2021	25.754912335450058
23.12.2021	27.280764252990707
24.12.2021	23.335044046560057
25.12.2021	22.480276661231677
26.12.2021	19.282084959943713
27.12.2021	25.926553638034655
28.12.2021	33.690374371975274
29.12.2021	38.140089112633625
30.12.2021	31.609987813314596
31.12.2021	28.292535812982766
01.01.2022	25.288784190557166
02.01.2022	33.27132553883553
03.01.2022	33.1698266140366
04.01.2022	40.65262427276717
05.01.2022	44.22333687813886
06.01.2022	38.77118432820091
07.01.2022	42.729752857412976
08.01.2022	31.90306446012429
09.01.2022	42.15710016150354
10.01.2022	53.03195877447727
11.01.2022	44.17005989231802
12.01.2022	48.94130187615676
13.01.2022	42.997593781343326
14.01.2022	49.26847816805021
15.01.2022	37.56380157841335
16.01.2022	37.218935852374386
17.01.2022	40.07319321909894
18.01.2022	33.33490376659985
19.01.2022	32.46670767954314
20.01.2022	38.346521437845695
21.01.2022	45.633766156805656
22.01.2022	34.441919024459075
23.01.2022	27.131210533798118
24.01.2022	30.8526176357575
25.01.2022	28.639529583864512
26.01.2022	29.660354402464716
27.01.2022	32.97051310486929
28.01.2022	29.12306837795799
29.01.2022	25.493741330533695
30.01.2022	28.034691200509265
31.01.2022	26.124874580740933
01.02.2022	34.83997205643337
02.02.2022	36.02893523480064
03.02.2022	28.895049778488172
04.02.2022	24.606355671058697
05.02.2022	32.84926188125509
06.02.2022	19.20176314509299
07.02.2022	29.935987359514076
08.02.2022	23.68635399630671
09.02.2022	24.318147774386023
10.02.2022	29.34734236979903
11.02.2022	19.59261077071904
12.02.2022	17.385081034936302
13.02.2022	14.98188488093233
14.02.2022	15.771796290912368
15.02.2022	18.8703478817219
16.02.2022	21.81481204237245
17.02.2022	21.056561917478877
18.02.2022	22.00454906646639
19.02.2022	17.024535766993075
20.02.2022	15.333339799210522
21.02.2022	20.887083505939717
22.02.2022	19.924868112576572
23.02.2022	22.69273876669268
24.02.2022	19.41130121745103
25.02.2022	14.599100708240293
26.02.2022	12.826125221853696
27.02.2022	11.254449086091757
28.02.2022	17.4479547337302
01.03.2022	15.266333717477877
02.03.2022	13.942315242053006
03.03.2022	12.977554216858234
04.03.2022	12.024768832859737
05.03.2022	9.088725717846815
06.03.2022	11.696437554146168
07.03.2022	9.543852527784125
08.03.2022	9.964874322584617
09.03.2022	8.693681364978653
10.03.2022	7.815876174936309
11.03.2022	7.638771020976884
12.03.2022	5.882000863371752
13.03.2022	8.668019923245948
14.03.2022	7.963485874937092
15.03.2022	8.4349548393322
16.03.2022	9.093351337933253
17.03.2022	16.95783613961666
18.03.2022	14.945335655555775
19.03.2022	8.40154917667323
20.03.2022	7.47458173179837
21.03.2022	8.637090382262487
22.03.2022	10.43174951693301
23.03.2022	10.15965722681638
24.03.2022	13.64997576552825
25.03.2022	13.002891340644595
26.03.2022	9.213493918464744
27.03.2022	17.196879943830222
28.03.2022	25.555971261789065
29.03.2022	13.851885105672435
30.03.2022	15.92718287990654
31.03.2022	15.506630163157137
01.04.2022	18.953109661903266
02.04.2022	19.786595751583246
03.04.2022	19.195908081196954
04.04.2022	20.74155251834084
05.04.2022	43.50777589264167
06.04.2022	18.297661480530383
07.04.2022	20.358961541064563
08.04.2022	16.70559076071452
09.04.2022	10.96651830912279
10.04.2022	12.921222082970678
11.04.2022	13.924710671900765
12.04.2022	13.070442652798858
13.04.2022	13.675286957298502
14.04.2022	14.283384906790028
15.04.2022	11.285056938805818
16.04.2022	10.766389804799298
17.04.2022	8.758623025123494
18.04.2022	10.482331774033304
19.04.2022	10.974164655032647
20.04.2022	18.592781826971756
21.04.2022	17.022173145522153
22.04.2022	14.917816375252157
23.04.2022	9.650804588671443
24.04.2022	9.554468732301906
25.04.2022	14.138605505769709
26.04.2022	12.866754205022916
27.04.2022	13.085918161329229
28.04.2022	13.541459228010641
29.04.2022	13.332323927271242
30.04.2022	11.404927441335959
01.05.2022	191.9341185313749
02.05.2022	17.45549527890973
03.05.2022	16.363485489272648
04.05.2022	12.660162052996915
05.05.2022	15.961612264575868
06.05.2022	13.279621594659538
07.05.2022	8.392979351034121
08.05.2022	6.77124413804893
09.05.2022	13.709678411031154
10.05.2022	11.324330368036534
11.05.2022	27.86856269871779
12.05.2022	32.96569010728932
13.05.2022	11.384207075930762
14.05.2022	6.90561552474332
15.05.2022	4.963152510044924
16.05.2022	5.204122567662316
17.05.2022	6.453182658880603
18.05.2022	5.1804525608892344
19.05.2022	4.937534515453235
20.05.2022	5.49979444358576
21.05.2022	4.215796454194448
22.05.2022	4.435995171648867
23.05.2022	5.153499460544106
24.05.2022	5.371987432425475
25.05.2022	6.402464870031276
26.05.2022	8.617643110382357
27.05.2022	7.046526585116189
28.05.2022	3.5658338941854293
29.05.2022	3.7472273652578973
30.05.2022	5.841443769033093
31.05.2022	9.07579414838153
01.06.2022	9.785001831188506
02.06.2022	9.927905450388943
03.06.2022	10.200397466923539
04.06.2022	9.35646387928628
05.06.2022	9.281737546505088
06.06.2022	8.583559309472266
07.06.2022	9.798848280728304
08.06.2022	11.682185685330678
09.06.2022	11.384959769362846
10.06.2022	8.949816116175219
11.06.2022	5.969523563368461
12.06.2022	5.08515239600107
13.06.2022	11.367310995418613
14.06.2022	6.585664611074103
15.06.2022	7.1513052099528505
16.06.2022	4.495581393160817
17.06.2022	3.768097689099898
18.06.2022	5.146649462418118
19.06.2022	2.9004611432993626
20.06.2022	3.006236468886777
21.06.2022	3.967804759436306
22.06.2022	3.597428556572777
23.06.2022	4.6971404176356515
24.06.2022	4.26233522440825
25.06.2022	4.054896485644981
26.06.2022	4.323997340412885
27.06.2022	5.219036609005816
28.06.2022	4.921712693535019
29.06.2022	5.631953581303997
30.06.2022	4.9272621341680205
01.07.2022	3.2247703161286787
02.07.2022	1.6718366496488455
03.07.2022	1.9275934946371438
04.07.2022	2.433520999350186
05.07.2022	3.154783193478681
06.07.2022	3.3016805171016217
07.07.2022	3.937800030722759
08.07.2022	3.1099336075713016
09.07.2022	3.001864973948049
10.07.2022	2.212760620948399
11.07.2022	3.2677122019409124
12.07.2022	2.7833447365473405
13.07.2022	3.216645564265989
14.07.2022	3.6491387025863187
15.07.2022	3.357766823835932
16.07.2022	2.639707322010653
17.07.2022	2.698831010325809
18.07.2022	3.8113864067144974
19.07.2022	4.705443950684946
20.07.2022	4.298019781497288
21.07.2022	3.0549232336050145
22.07.2022	2.4741267858398848
23.07.2022	2.1063647763457563
24.07.2022	1.7924450859157663
25.07.2022	2.831901934995443
26.07.2022	2.230645361875335
27.07.2022	2.910007309540892
28.07.2022	3.7625173944419132
29.07.2022	2.7729809826178404
30.07.2022	1.7133690090633729
31.07.2022	1.6292568067906155
01.08.2022	2.9563490361400233
02.08.2022	2.3493614829904828
03.08.2022	2.0205904636912733
04.08.2022	1.8326636363140394
05.08.2022	2.290191345692903
06.08.2022	1.6690889080722013
07.08.2022	1.7169974502984562
08.08.2022	2.9690857524016896
09.08.2022	3.377784830712658
10.08.2022	4.596053495738931
11.08.2022	4.334565086292295
12.08.2022	3.333166752555795
13.08.2022	2.2628463131034047
14.08.2022	2.4598370846362765
15.08.2022	3.947031469680769
16.08.2022	2.5571501170593804
17.08.2022	2.612279251438932
18.08.2022	2.426104645405459
19.08.2022	3.3689974605541284
20.08.2022	2.0959373072396112
21.08.2022	1.4521847325969612
22.08.2022	2.5424534947587527
23.08.2022	2.282085244031215
24.08.2022	2.329094929355416
25.08.2022	2.6817536547080016
26.08.2022	2.6923190152410554
27.08.2022	1.5286122566004956
28.08.2022	1.522811134128349
29.08.2022	2.5073568048167965
30.08.2022	3.2524332091283132
31.08.2022	3.5349233670104776
01.09.2022	3.162320261424737
02.09.2022	2.313843037888735
03.09.2022	1.4632484414552558
04.09.2022	1.47582565466675
05.09.2022	1.8805681079116507
06.09.2022	2.764353842092974
07.09.2022	3.389417626606775
08.09.2022	3.759062282023285
09.09.2022	3.446426471948793
10.09.2022	2.364864219051914
11.09.2022	2.036156917565436
12.09.2022	3.16448734209939
13.09.2022	3.375378473678562
14.09.2022	2.1777451100404517
15.09.2022	2.9544525955772043
16.09.2022	1.6023268350138482
17.09.2022	1.0317140986317406
18.09.2022	1.4916975370761574
19.09.2022	1.694597898256842
20.09.2022	1.9396441675049234
21.09.2022	2.241769731137733
22.09.2022	1.5999953952600252
23.09.2022	1.5652456638587762
24.09.2022	1.0840673923792565
25.09.2022	1.3110384609448262
26.09.2022	1.8854757895130996
27.09.2022	2.524169068841158
28.09.2022	2.4371519030897115
29.09.2022	2.257564414205181
30.09.2022	2.204770301480559
01.10.2022	1.371332543180209
02.10.2022	0.9927744718206124
03.10.2022	1.8486795554131898
04.10.2022	2.09107021689851
05.10.2022	2.3805439383971496
06.10.2022	1.8507366273937365
07.10.2022	1.6881718043897116
08.10.2022	2.5760771502788367
09.10.2022	4.106607876503798
10.10.2022	4.756512618669592
11.10.2022	3.5839960236418795
12.10.2022	2.838575879811498
13.10.2022	3.271419211145546
14.10.2022	2.660093577077022
15.10.2022	2.558154144111644
16.10.2022	2.3760297541593487
17.10.2022	3.3848247179039026
18.10.2022	3.7630402571676966
19.10.2022	3.974588790752686
20.10.2022	4.260659164277225
21.10.2022	4.272376951868661
22.10.2022	3.076181947230605
23.10.2022	2.3510465932892397
24.10.2022	3.1504026422072706
25.10.2022	3.387983591984116
26.10.2022	3.201974524435443
27.10.2022	2.867067917783416
28.10.2022	3.044721477336108
29.10.2022	2.606109962713323
30.10.2022	1.9024747755954734
31.10.2022	3.79439905111037
01.11.2022	2.7416205333404995
02.11.2022	3.337787385605136
03.11.2022	4.37927762820443
04.11.2022	3.610408321820263
05.11.2022	2.7549573044460938
06.11.2022	2.650539420296429
07.11.2022	3.200875944694172
08.11.2022	7.979423972777698
09.11.2022	7.307529570164184
10.11.2022	4.496124768646904
11.11.2022	3.6277012351281126
12.11.2022	2.612201230532978
13.11.2022	2.2938991210874144
14.11.2022	2.5619725457940934
15.11.2022	2.6983803522886
16.11.2022	2.522137458315994
17.11.2022	2.3832182902319548
18.11.2022	2.2452134620004647
19.11.2022	2.054975776748943
20.11.2022	2.1209793707378886
21.11.2022	2.113450046286905
22.11.2022	2.304038864767018
23.11.2022	2.0186078181857154
24.11.2022	1.894158980336245
25.11.2022	1.7124758815398116
26.11.2022	1.7487511708894683
27.11.2022	1.7999670079178836
28.11.2022	1.9852400345786267
29.11.2022	1.6996100565270702
30.11.2022	2.0165907055421566
01.12.2022	2.1902718903018457
02.12.2022	1.9921394153938157
03.12.2022	2.009549543836593
04.12.2022	1.8845088169511601
05.12.2022	2.2497432947685967
06.12.2022	2.309225349732446
07.12.2022	2.817825013276198
08.12.2022	2.6069999532784562
09.12.2022	2.4125961789054173
10.12.2022	2.153593477724422
11.12.2022	2.263739758493823
12.12.2022	2.2268597845364404
13.12.2022	2.58430539929148
14.12.2022	2.453501817228425
15.12.2022	2.638964477087035
16.12.2022	2.6744304784769812
17.12.2022	1.9885907021600888
18.12.2022	2.231390612448984
19.12.2022	2.1932418391871527
20.12.2022	2.376767012958691
21.12.2022	2.258151073397913
22.12.2022	2.276552667839152
23.12.2022	2.01605306677491
24.12.2022	1.8861316398762127
25.12.2022	2.0166902104468214
26.12.2022	1.9469438802305212
27.12.2022	2.2721400383561114
28.12.2022	2.5094067264428244
29.12.2022	2.573065664554969
30.12.2022	2.6870083466657984
31.12.2022	2.717073872243325
01.01.2023	2.8882806960932426
02.01.2023	2.6803085786034133
03.01.2023	2.9097811777019533
04.01.2023	3.6806594410944236
05.01.2023	2.8236343841031046
06.01.2023	3.061848098217701
07.01.2023	2.540659883910155
08.01.2023	2.4161902246241227
09.01.2023	3.2731317098184847
10.01.2023	3.211678708806511
11.01.2023	3.3150480787979455
12.01.2023	3.4613292493312553
13.01.2023	4.00449485163684
14.01.2023	3.918938728384865
15.01.2023	3.688011029910023
16.01.2023	4.199268602105888
17.01.2023	4.3005080658278105
18.01.2023	4.6269212579639065
19.01.2023	3.814072675037095
20.01.2023	3.950972203859366
21.01.2023	3.664902216154185
22.01.2023	3.5429091105204833
23.01.2023	3.965202346867178
24.01.2023	4.798514355929382
25.01.2023	4.020947870581975
26.01.2023	4.193443330681894
27.01.2023	3.831819033544198
28.01.2023	3.210317936842192
29.01.2023	3.749487291560364
30.01.2023	3.4966821496782017
31.01.2023	4.455205277601742
01.02.2023	4.799115207743176
02.02.2023	5.092711749328462
03.02.2023	5.380898572647095
04.02.2023	4.35453066555447
05.02.2023	3.8636380495379328
06.02.2023	4.555990572674387
07.02.2023	5.518609779614325
08.02.2023	6.102546336344799
09.02.2023	6.4827095485406865
10.02.2023	4.483636860854113
11.02.2023	3.4937477448534096
12.02.2023	3.488226668805159
13.02.2023	4.376804637343783
14.02.2023	8.219584505598185
15.02.2023	6.1430595313823
16.02.2023	7.015284137554098
17.02.2023	6.467461621340743
18.02.2023	5.563169725421287
19.02.2023	5.21122301389973
20.02.2023	6.221537527524704
21.02.2023	6.101374633431219
22.02.2023	6.5151018531438
23.02.2023	6.61162693723283
24.02.2023	5.456133531757546
25.02.2023	4.119885884943348
26.02.2023	4.107786697648105
27.02.2023	4.535643354830035
28.02.2023	4.689318742886808
01.03.2023	5.571132159489194
02.03.2023	5.233445692026542
03.03.2023	5.5872928191702265
04.03.2023	4.5361837527663775
05.03.2023	5.147887737162677
06.03.2023	6.032648362817367
07.03.2023	5.9248473853174035
08.03.2023	6.0157784001405465
09.03.2023	6.2537504948988385
10.03.2023	5.2668371731691135
11.03.2023	15.58094348861128
12.03.2023	5.215116669178568
13.03.2023	5.391780012872084
14.03.2023	5.736917083613434
15.03.2023	5.440996498385837
16.03.2023	4.908702051468607
17.03.2023	4.845331318858596
18.03.2023	3.9334211408770963
19.03.2023	4.096346902464501
20.03.2023	4.278305454405539
21.03.2023	3.8591634213530983
22.03.2023	4.235758792842634
23.03.2023	4.460393688912578
24.03.2023	4.722857515540357
25.03.2023	3.5264831977552458
26.03.2023	3.909295260483907
27.03.2023	5.3999166150517
28.03.2023	5.270775387279259
29.03.2023	5.534678791340514
30.03.2023	5.917574011875733
31.03.2023	5.139834341551719
01.04.2023	4.613733405467181
02.04.2023	4.554811136923583
03.04.2023	5.945266020245957
04.04.2023	6.05693346412629
05.04.2023	6.725376080690879
06.04.2023	6.223482527519582
07.04.2023	5.119515285595988
08.04.2023	5.2222384188024105
09.04.2023	4.718156307212867
10.04.2023	5.316046957434169
11.04.2023	6.01714320089633
12.04.2023	5.119505497215763
13.04.2023	6.082905097741521
14.04.2023	6.261517372622077
15.04.2023	5.634785131645275
16.04.2023	7.59401784855525
17.04.2023	8.698918989170242
18.04.2023	12.263378346249823
19.04.2023	16.893311936488406
20.04.2023	14.506689306155915
21.04.2023	9.386861837693154
22.04.2023	9.732321416400218
23.04.2023	10.853826209280552
24.04.2023	10.602615808256894
25.04.2023	8.772998776430345
26.04.2023	9.368639244209062
27.04.2023	8.990344488002604
28.04.2023	8.938163877780793
29.04.2023	9.11586547805831
30.04.2023	10.328434616814056
01.05.2023	14.053259394826217
02.05.2023	16.63332775430076
03.05.2023	15.047076294689951
04.05.2023	15.936723731600159
05.05.2023	25.815969351645215
06.05.2023	28.44030480803766
07.05.2023	23.04034619975302
08.05.2023	21.416222242265246
09.05.2023	18.20370749184835
10.05.2023	19.548722484742513
11.05.2023	20.276117899392776
12.05.2023	13.725645844084392
13.05.2023	9.589563573553786
14.05.2023	9.178042557779321
15.05.2023	12.08477982828088
16.05.2023	11.706735261984061
17.05.2023	11.220718562843476
18.05.2023	11.272833486300318
19.05.2023	9.647795974588421
20.05.2023	7.036657802290133
21.05.2023	7.726014362564675
22.05.2023	9.745713501807188
23.05.2023	10.751706224989043
24.05.2023	9.64240898529571
25.05.2023	8.222063711564148
26.05.2023	7.020721934503998
27.05.2023	6.176117004463771
28.05.2023	7.225695576595644
29.05.2023	8.472124009737845
30.05.2023	9.000089535125426
31.05.2023	8.471521442569555
01.06.2023	8.712502563158514
02.06.2023	6.855467120024934
03.06.2023	5.851998393206021
04.06.2023	5.464153796836451
05.06.2023	7.265460363860756
06.06.2023	5.71561450865012
07.06.2023	5.359326510507759
08.06.2023	5.657087265903221
09.06.2023	4.949952997696561
10.06.2023	4.602467218362115
11.06.2023	3.4624404646019293
12.06.2023	4.153435688479135
13.06.2023	4.042167657204553
14.06.2023	4.7963959096378534
15.06.2023	3.764782947925655
16.06.2023	3.947528933652883
17.06.2023	4.200736550835772
18.06.2023	3.49186244915476
19.06.2023	4.040650732958002
20.06.2023	4.031209458701867
21.06.2023	4.568616978947972
22.06.2023	4.185122559410711
23.06.2023	4.519182895092398
24.06.2023	3.602571244265687
25.06.2023	3.4434549654778537
26.06.2023	3.646973656418903
27.06.2023	4.6279257535131375
28.06.2023	4.555064546374674
29.06.2023	7.238361576439273
30.06.2023	6.2010192097565096
01.07.2023	4.441098051709373
02.07.2023	4.189780174852422
03.07.2023	5.073504121174238
04.07.2023	7.434966368885348
05.07.2023	14.688076416277408
06.07.2023	10.206099858584302
07.07.2023	7.238756582585897
08.07.2023	4.736608554943747
09.07.2023	4.752262038958243
10.07.2023	5.103765519958007
11.07.2023	4.991721638499029
12.07.2023	6.26519016031357
13.07.2023	6.866114748403232
14.07.2023	5.675798265678694
15.07.2023	3.9922970676369864
16.07.2023	4.608414673435005
17.07.2023	5.53355732725412
18.07.2023	6.113666325075586
19.07.2023	6.035668192825584
20.07.2023	6.348921653824242
21.07.2023	6.326755358123543
22.07.2023	4.900925741133437
23.07.2023	5.285209569070337
24.07.2023	7.653130174258637
25.07.2023	7.387568330510965
26.07.2023	6.309861996311202
27.07.2023	7.637565497938475
28.07.2023	8.692757205760731
29.07.2023	5.335903040037664
30.07.2023	5.193413896778411
31.07.2023	5.32982268227812
01.08.2023	5.18713723458967
02.08.2023	5.747572768771859
03.08.2023	5.150829590397886
04.08.2023	4.34499882975785
05.08.2023	3.6277356182397766
06.08.2023	3.698140220722188
07.08.2023	5.368105450564165
08.08.2023	5.264813455479675
09.08.2023	4.914552748027434
10.08.2023	5.248496311438932
11.08.2023	4.377334038743993
12.08.2023	3.7278118160992255
13.08.2023	3.8835145524748396
14.08.2023	5.040313299374805
15.08.2023	5.788485763366854
16.08.2023	6.596495535391273
17.08.2023	8.112382379622355
18.08.2023	5.055005594557203
19.08.2023	3.1623354202209173
20.08.2023	3.595904709325445
21.08.2023	4.961917043666038
22.08.2023	6.265784849826525
23.08.2023	4.580284988568747
24.08.2023	4.171546325608539
25.08.2023	4.957003957354483
26.08.2023	2.956310467673876
27.08.2023	3.0980962472053655
28.08.2023	5.818851419156721
29.08.2023	6.74946539429424
30.08.2023	4.953067102452115
31.08.2023	4.719931813356086
01.09.2023	3.7803432890073454
02.09.2023	2.5701122184125604
03.09.2023	2.567560427467274
04.09.2023	3.629604679440018
05.09.2023	3.8404560552942
06.09.2023	3.9591774207770007
07.09.2023	3.9916731251726887
08.09.2023	3.746135565713368
09.09.2023	2.7089983693116237
10.09.2023	2.5973162766714815
11.09.2023	4.468893580129068
12.09.2023	2.9803998792828237
13.09.2023	2.3695393027239904
14.09.2023	3.6704018904988365
15.09.2023	3.642135676965736
16.09.2023	2.6280431686775247
17.09.2023	2.3664409584432486
18.09.2023	3.6222688063947595
19.09.2023	2.9217899434482324
20.09.2023	3.2739076011974744
21.09.2023	3.5271300805879857
22.09.2023	2.268409737017344
23.09.2023	2.0649406283847034
24.09.2023	1.936555392833651
25.09.2023	2.859748074639712
26.09.2023	3.1318469127253024
27.09.2023	2.5228420980857287
28.09.2023	2.4618338173971956
29.09.2023	2.2634692955243034
30.09.2023	2.045542681873146
01.10.2023	2.091948544662436
02.10.2023	4.011910214411131
03.10.2023	2.698853373071883
04.10.2023	2.3079555152944122
05.10.2023	2.1897796484126335
06.10.2023	1.898424550661841
07.10.2023	1.5425583262115499
08.10.2023	1.6245685649325
09.10.2023	1.9941330080012312
10.10.2023	1.739049366301451
11.10.2023	1.808854421533659
12.10.2023	1.9345807832771138
13.10.2023	1.9289985357279809
14.10.2023	1.4365103689955825
15.10.2023	1.4978404139446457
16.10.2023	2.4787195412870626
17.10.2023	2.0832476992964115
18.10.2023	2.139849425294132
19.10.2023	2.2302164799149917
20.10.2023	2.7483491342617916
21.10.2023	2.000010609051156
22.10.2023	2.0658233176683547
23.10.2023	4.397630875629837
24.10.2023	5.440513768220822
25.10.2023	5.261345558011
26.10.2023	5.196212762346578
27.10.2023	4.3475658004465325
28.10.2023	3.4273987412615425
29.10.2023	3.1516031851391073
30.10.2023	4.672056300664699
31.10.2023	5.206055879647064
01.11.2023	5.482580150397237
02.11.2023	5.755784351222646
03.11.2023	4.649283396848211
04.11.2023	3.923020349514259
05.11.2023	4.5133547091810335
06.11.2023	6.545321573614362
07.11.2023	6.154841910593769
08.11.2023	6.961126422010998
09.11.2023	10.087240145979601
10.11.2023	8.981243062173991
11.11.2023	6.795496095899996
12.11.2023	6.825684940831226
13.11.2023	11.112325912107574
14.11.2023	9.050277494608196
15.11.2023	7.817984021287091
16.11.2023	8.067966627308756
17.11.2023	6.307729558959836
18.11.2023	4.88570764069901
19.11.2023	5.322015649218302
20.11.2023	8.336212819776168
21.11.2023	8.688545135126574
22.11.2023	8.198967371393515
23.11.2023	7.437005456158602
24.11.2023	6.860832948070929
25.11.2023	5.8897979056304814
26.11.2023	6.384049184949456
27.11.2023	7.747922042048965
28.11.2023	8.783864586834355
29.11.2023	8.274692326236545
30.11.2023	9.918074764789301
01.12.2023	9.728797513416879
02.12.2023	7.219748432093533
03.12.2023	8.355636464991008
04.12.2023	10.808059283655577
05.12.2023	12.552415106044476
06.12.2023	13.601806222241425
07.12.2023	11.460500748208764
08.12.2023	10.16409886785379
09.12.2023	8.637152590516898
10.12.2023	7.78955017069382
11.12.2023	9.627889327900418
12.12.2023	11.009799409769029
13.12.2023	11.431779427658634
14.12.2023	10.558552446144121
15.12.2023	13.866292392821348
16.12.2023	12.673531229647702
17.12.2023	9.62369806530236
18.12.2023	13.431298792076891
19.12.2023	12.1491383941592
20.12.2023	11.075895941441251
21.12.2023	8.580023837626797
22.12.2023	7.466892911531007
23.12.2023	5.863226436066944
24.12.2023	5.645693664195844
25.12.2023	5.511655808343846
26.12.2023	4.840844112393411
27.12.2023	6.5901475960282765
28.12.2023	7.504517198877109
29.12.2023	6.3871431445868945
30.12.2023	4.992986035349695
31.12.2023	3.8135260853826565
01.01.2024	3.287053013967519
02.01.2024	4.973377317594356
03.01.2024	9.212044113379827
04.01.2024	5.581045830340989
05.01.2024	5.119463416206416
06.01.2024	4.821345546080109
07.01.2024	7.295593243915777
08.01.2024	6.067742572624706
09.01.2024	5.892159600868909
10.01.2024	8.949386788875547
11.01.2024	8.164280909705255
12.01.2024	6.574127149236869
13.01.2024	4.500756555638022
14.01.2024	5.002366635607747
15.01.2024	5.940027916430937
16.01.2024	8.051235292072322
17.01.2024	9.681305270701548
18.01.2024	8.651936227620777
19.01.2024	7.643952206973687
20.01.2024	4.884200705613305
21.01.2024	3.8089931737590224
22.01.2024	5.255642825276409
23.01.2024	4.302713912957361
24.01.2024	3.4513382118517018
25.01.2024	5.778701655658584
26.01.2024	4.721132674180623
27.01.2024	3.2482809567723243
28.01.2024	3.0899685993721198
29.01.2024	3.7384299232219527
30.01.2024	6.918406934415662
31.01.2024	6.563107220441144
01.02.2024	6.960607237596577
02.02.2024	5.6807941114234355
03.02.2024	5.397135100652619
04.02.2024	4.334192118172528
05.02.2024	4.84771423052397
06.02.2024	9.244196264757075
07.02.2024	10.071655533539104
08.02.2024	15.569458996137028
09.02.2024	17.98263916146067
10.02.2024	10.755788763847388
11.02.2024	8.397573997360777
12.02.2024	12.690507295401842
13.02.2024	9.3831055019646
14.02.2024	7.633182236561598
15.02.2024	10.421685159754631
16.02.2024	7.9728048697658975
17.02.2024	6.308215776917239
18.02.2024	7.018862193955831
19.02.2024	10.207103879768349
20.02.2024	11.519590502846414
21.02.2024	12.813406917615444
22.02.2024	15.299646046000403
23.02.2024	12.462544012738963
24.02.2024	8.897758467568787
25.02.2024	9.233795083778942
26.02.2024	12.316566004771472
27.02.2024	14.756651288333957
28.02.2024	18.57046469247941
29.02.2024	21.60094213895143
01.03.2024	17.37017468753737
02.03.2024	16.022541386329415
03.03.2024	17.15208642660863
04.03.2024	25.41652843819716
05.03.2024	29.90513489192059
06.03.2024	26.279019870489456
07.03.2024	24.983095508137495
08.03.2024	22.534528844819583
09.03.2024	21.258022862050208
10.03.2024	23.099030750511766
11.03.2024	24.286559231492404
12.03.2024	23.09433964433425
13.03.2024	21.25374203293837
14.03.2024	18.69834626091198
15.03.2024	14.84871514131403
16.03.2024	11.88808215721043
17.03.2024	10.222036614258396
18.03.2024	12.047540504074506
19.03.2024	12.22997242893538
20.03.2024	9.938406541112068
21.03.2024	9.678333870218275
22.03.2024	8.091356024530862
23.03.2024	5.935986837113301
24.03.2024	6.181806017305631
25.03.2024	8.548032366210935
26.03.2024	10.169276084610631
27.03.2024	11.557284818018221
28.03.2024	10.95393430370438
29.03.2024	8.631992638312763
30.03.2024	7.601243512224937
31.03.2024	7.219259435251095
01.04.2024	8.953114214242099
02.04.2024	12.662221346595011
03.04.2024	10.473248098011817
04.04.2024	9.177679497815646
05.04.2024	6.86219024025947
06.04.2024	4.755224040656427
07.04.2024	5.612918020657413
08.04.2024	8.24499593097032
09.04.2024	9.56330952143541
10.04.2024	6.962490486481682
11.04.2024	7.2688571137430555
12.04.2024	9.293330974236287
13.04.2024	14.458595764488601
14.04.2024	4.374339081457782
15.04.2024	5.4758361559072295
16.04.2024	4.022001269923742
17.04.2024	6.014785787269087
18.04.2024	3.938669023913681
19.04.2024	4.045374406142768
20.04.2024	2.708942127760115
21.04.2024	2.9470903208305397
22.04.2024	3.979278168943389
23.04.2024	4.483059834731293
24.04.2024	6.326850505654729
25.04.2024	4.350156099542932
26.04.2024	2.8150911150225824
27.04.2024	2.4500685734857997
28.04.2024	2.8959153691314334
29.04.2024	3.238317571866829
30.04.2024	4.687142854149847
01.05.2024	3.2780389203422002
02.05.2024	2.727157047707257
03.05.2024	2.6384763167551615
04.05.2024	2.247746802594362
05.05.2024	2.293254751782645
06.05.2024	2.3894374329264165
07.05.2024	2.272160120153953
08.05.2024	2.0242011454360886
09.05.2024	1.9349892861269304
10.05.2024	2.378186041604975
11.05.2024	1.7919637142354967
12.05.2024	1.6856228416172745
13.05.2024	3.1234778039729054
14.05.2024	2.668975655996772
15.05.2024	2.7742089669375165
16.05.2024	2.0811956945874206
17.05.2024	2.3751359979816655
18.05.2024	1.6661525889115099
19.05.2024	1.8157916951756152
20.05.2024	5.55822078753494
21.05.2024	5.902691748151305
22.05.2024	5.259694870021592
23.05.2024	5.745835353140328
24.05.2024	4.18601961718117
25.05.2024	2.622782187038841
26.05.2024	3.0753603375755665
27.05.2024	6.871305347669206
28.05.2024	7.739333513832258
29.05.2024	5.665484487383434
30.05.2024	6.119081075197262
31.05.2024	5.477038853987939
01.06.2024	3.890581775778482
02.06.2024	4.944608239195303
03.06.2024	5.874508939412488
04.06.2024	4.701634813823408
05.06.2024	7.905839105971855
06.06.2024	8.720601074124026
07.06.2024	6.948327420399968
08.06.2024	3.7571443368065673
09.06.2024	3.603987524389873
10.06.2024	4.8175878571681245
11.06.2024	5.996461336954255
12.06.2024	6.202508014608191
13.06.2024	5.625777423351933
14.06.2024	4.190642435275047
15.06.2024	2.3297184783986085
16.06.2024	2.2345658028497994
17.06.2024	1.8929980897378944
