Time	f(number(86400)/count()) â€“ Ethereum
30.07.2015	12.5
31.07.2015	12.589246685123124
01.08.2015	16.323446060835064
02.08.2015	16.12541993281075
03.08.2015	16.363636363636363
04.08.2015	16.09538002980626
05.08.2015	16.50429799426934
06.08.2015	16.888193901485536
07.08.2015	16.650607053382153
08.08.2015	16.438356164383563
09.08.2015	16.86511809486629
10.08.2015	16.441484300666033
11.08.2015	16.363636363636363
12.08.2015	16.861826697892273
13.08.2015	16.34506242905789
14.08.2015	14.873472198312962
15.08.2015	16.05351170568562
16.08.2015	16.835541699142635
17.08.2015	16.158593603890033
18.08.2015	17.461600646725948
19.08.2015	16.640986132511557
20.08.2015	21.47117296222664
21.08.2015	16.9811320754717
22.08.2015	16.3915765509391
23.08.2015	17.235188509874327
24.08.2015	16.666666666666668
25.08.2015	16.951147733961154
26.08.2015	17.269638217069758
27.08.2015	18.351741716227696
28.08.2015	18.568665377176014
29.08.2015	19.95841995841996
30.08.2015	20.794223826714802
31.08.2015	20.96069868995633
01.09.2015	21.940071102082275
02.09.2015	24.154319261951358
03.09.2015	25.539462015962165
04.09.2015	19.446320054017555
05.09.2015	17.55740703109124
06.09.2015	17.356368019284854
07.09.2015	17.873396772858914
08.09.2015	17.550274223034734
09.09.2015	17.159880834160873
10.09.2015	17.269638217069758
11.09.2015	16.806068858198795
12.09.2015	17.19060883406287
13.09.2015	17.380808690404344
14.09.2015	17.810760667903526
15.09.2015	17.843866171003718
16.09.2015	17.433414043583536
17.09.2015	17.970049916805323
18.09.2015	17.672325628962977
19.09.2015	17.014572666404096
20.09.2015	16.286522148916116
21.09.2015	17.02463054187192
22.09.2015	17.10552365868145
23.09.2015	16.727976766698934
24.09.2015	17.207727544313883
25.09.2015	16.85524775653531
26.09.2015	17.525354969574035
27.09.2015	18.101822752985544
28.09.2015	18.235542422963274
29.09.2015	18.620689655172413
30.09.2015	18.16270758881648
01.10.2015	16.58349328214971
02.10.2015	16.799533346295938
03.10.2015	17.017923970848926
04.10.2015	17.683176422431437
05.10.2015	17.24895188660411
06.10.2015	17.97752808988764
07.10.2015	17.26618705035971
08.10.2015	16.770186335403725
09.10.2015	17.61467889908257
10.10.2015	17.647058823529413
11.10.2015	17.031342400946187
12.10.2015	16.783216783216783
13.10.2015	16.91464369616288
14.10.2015	17.51114714227807
15.10.2015	17.53958587088916
16.10.2015	17.694040548842924
17.10.2015	17.088607594936708
18.10.2015	17.472194135490394
19.10.2015	17.366834170854272
20.10.2015	17.314629258517034
21.10.2015	17.314629258517034
22.10.2015	17.869700103412615
23.10.2015	16.416492494774843
24.10.2015	16.708567008315605
25.10.2015	16.95447409733124
26.10.2015	17.6039119804401
27.10.2015	16.551724137931036
28.10.2015	17.394805717737064
29.10.2015	16.750678557580457
30.10.2015	16.513761467889907
31.10.2015	16.84538896471047
01.11.2015	16.750678557580457
02.11.2015	17.197452229299362
03.11.2015	16.991150442477878
04.11.2015	16.858536585365854
05.11.2015	16.93121693121693
06.11.2015	16.802800466744458
07.11.2015	17.553839902478668
08.11.2015	17.207727544313883
09.11.2015	17.197452229299362
10.11.2015	17.09875321591134
11.11.2015	17.183770883054894
12.11.2015	17.011222681630244
13.11.2015	16.878296542293416
14.11.2015	16.8519602106495
15.11.2015	16.631376323387872
16.11.2015	17.146259178408414
17.11.2015	16.73445671121441
18.11.2015	17.02463054187192
19.11.2015	17.359855334538878
20.11.2015	18.301207371319634
21.11.2015	17.159880834160873
22.11.2015	17.112299465240643
23.11.2015	16.977795244645314
24.11.2015	17.276544691061787
25.11.2015	17.489878542510123
26.11.2015	17.489878542510123
27.11.2015	16.698879010436798
28.11.2015	17.252396166134186
29.11.2015	17.10891089108911
30.11.2015	17.007874015748033
01.12.2015	17.014572666404096
02.12.2015	17.91044776119403
03.12.2015	16.59942363112392
04.12.2015	17.252396166134186
05.12.2015	17.25928885337595
06.12.2015	17.585996336250762
07.12.2015	17.380808690404344
08.12.2015	17.593158216249236
09.12.2015	16.589861751152075
10.12.2015	16.796267496111977
11.12.2015	17.068352429869616
12.12.2015	17.02127659574468
13.12.2015	16.363636363636363
14.12.2015	17.283456691338266
15.12.2015	17.041420118343197
16.12.2015	17.34243275792854
17.12.2015	17.07509881422925
18.12.2015	17.211155378486055
19.12.2015	17.149662564509725
20.12.2015	17.465130382049725
21.12.2015	17.363344051446944
22.12.2015	16.84538896471047
23.12.2015	16.901408450704224
24.12.2015	17.218015145476286
25.12.2015	17.007874015748033
26.12.2015	17.26618705035971
27.12.2015	17.218015145476286
28.12.2015	17.004526667978745
29.12.2015	17.34591447500502
30.12.2015	17.183770883054894
31.12.2015	17.142857142857142
01.01.2016	17.686796315250767
02.01.2016	16.957801766437683
03.01.2016	16.82898324892871
04.01.2016	16.95447409733124
05.01.2016	16.85524775653531
06.01.2016	16.974459724950883
07.01.2016	17.34591447500502
08.01.2016	16.69242658423493
09.01.2016	16.94449892135713
10.01.2016	16.96446102493619
11.01.2016	16.917955747013902
12.01.2016	17.525354969574035
13.01.2016	17.273090763694523
14.01.2016	16.974459724950883
15.01.2016	16.99449252557042
16.01.2016	17.122473246135552
17.01.2016	17.15647339158062
18.01.2016	17.034700315457414
19.01.2016	17.37731295253419
20.01.2016	17.149662564509725
21.01.2016	17.408825307273826
22.01.2016	17.25584182144997
23.01.2016	17.532467532467532
24.01.2016	16.71826625386997
25.01.2016	17.701290719114937
26.01.2016	16.770186335403725
27.01.2016	17.338952438290185
28.01.2016	17.078474006720697
29.01.2016	17.34591447500502
30.01.2016	17.221447079928243
31.01.2016	17.733990147783253
01.02.2016	17.228315054835495
02.02.2016	17.43693239152371
03.02.2016	16.61858049624928
04.02.2016	17.068352429869616
05.02.2016	17.122473246135552
06.02.2016	17.32504511730499
07.02.2016	16.984470218203263
08.02.2016	17.038059554328534
09.02.2016	17.0919881305638
10.02.2016	17.415843579923404
11.02.2016	17.214584578601315
12.02.2016	17.166699781442478
13.02.2016	16.96446102493619
14.02.2016	17.314629258517034
15.02.2016	17.366834170854272
16.02.2016	17.19402985074627
17.02.2016	17.78875849289685
18.02.2016	17.283456691338266
19.02.2016	17.166699781442478
20.02.2016	17.10552365868145
21.02.2016	17.0919881305638
22.02.2016	16.93121693121693
23.02.2016	17.387804387200642
24.02.2016	17.18035394710678
25.02.2016	16.848673946957877
26.02.2016	17.0919881305638
27.02.2016	17.307692307692307
28.02.2016	17.18035394710678
29.02.2016	17.925311203319502
01.03.2016	17.102137767220903
02.03.2016	16.987809673613842
03.03.2016	17.2317510969286
04.03.2016	17.300760913095715
05.03.2016	16.815881666017905
06.03.2016	17.607499490523743
07.03.2016	17.19060883406287
08.03.2016	17.221447079928243
09.03.2016	17.318099819603127
10.03.2016	16.628175519630485
11.03.2016	17.058242843040475
12.03.2016	17.200875970535538
13.03.2016	16.660239105283456
14.03.2016	16.91464369616288
15.03.2016	14.45057701956849
16.03.2016	14.340248962655602
17.03.2016	14.205853337717857
18.03.2016	14.491781281449178
19.03.2016	14.205853337717857
20.03.2016	14.335490293678447
21.03.2016	14.414414414414415
22.03.2016	14.231592818316587
23.03.2016	14.462671576832943
24.03.2016	14.161612850352402
25.03.2016	14.243323442136498
26.03.2016	14.175553732567678
27.03.2016	14.290439960304333
28.03.2016	14.402400400066679
29.03.2016	14.37603993344426
30.03.2016	14.288076732263933
31.03.2016	14.349775784753364
01.04.2016	14.208189442525901
02.04.2016	14.555256064690028
03.04.2016	14.316487158243579
04.04.2016	14.196516595465
05.04.2016	14.321233217304824
06.04.2016	14.390406395736177
07.04.2016	14.513690576180077
08.04.2016	14.15929203539823
09.04.2016	14.562615877296478
10.04.2016	14.245671887881286
11.04.2016	14.552804446690248
12.04.2016	14.364089775561098
13.04.2016	14.364089775561098
14.04.2016	14.349775784753364
15.04.2016	14.259778841392968
16.04.2016	14.354543944176774
17.04.2016	14.364089775561098
18.04.2016	14.269199009083403
19.04.2016	14.474786396381303
20.04.2016	14.28099173553719
21.04.2016	14.424040066777962
22.04.2016	14.325982424141934
23.04.2016	14.27863163113535
24.04.2016	14.445744858719278
25.04.2016	14.154652686762779
26.04.2016	14.516129032258064
27.04.2016	14.252721873968987
28.04.2016	14.328358208955224
29.04.2016	14.328358208955224
30.04.2016	14.26213271706834
01.05.2016	14.540558734432851
02.05.2016	14.210526315789474
03.05.2016	14.271555996035678
04.05.2016	14.448160535117056
05.05.2016	14.311744243829716
06.05.2016	14.347392892726669
07.05.2016	14.428857715430862
08.05.2016	14.27863163113535
09.05.2016	14.295168762409
10.05.2016	14.37125748502994
11.05.2016	14.609401420358472
12.05.2016	14.166256763403837
13.05.2016	14.248021108179419
14.05.2016	14.501510574018127
15.05.2016	14.364089775561098
16.05.2016	14.494212380473074
17.05.2016	14.231592818316587
18.05.2016	14.250371103414151
19.05.2016	14.373648311429047
20.05.2016	14.311744243829716
21.05.2016	14.445744858719278
22.05.2016	14.201183431952662
23.05.2016	14.368867453849992
24.05.2016	14.37603993344426
25.05.2016	14.330734781887543
26.05.2016	14.354543944176774
27.05.2016	14.292803970223325
28.05.2016	14.354543944176774
29.05.2016	14.397600399933344
30.05.2016	14.38321957715998
31.05.2016	14.555256064690028
01.06.2016	14.307004470938898
02.06.2016	14.229249011857707
03.06.2016	14.330734781887543
04.06.2016	14.361702127659575
05.06.2016	14.489350997819889
06.06.2016	14.145383104125736
07.06.2016	14.424040066777962
08.06.2016	14.184862912493843
09.06.2016	14.182534471437952
10.06.2016	14.639105388004067
11.06.2016	14.131501472031402
12.06.2016	14.245671887881286
13.06.2016	14.201183431952662
14.06.2016	14.316487158243579
15.06.2016	14.38321957715998
16.06.2016	14.364089775561098
17.06.2016	14.77175585570183
18.06.2016	14.67142129393785
19.06.2016	13.886210221793636
20.06.2016	14.523449319213313
21.06.2016	14.402400400066679
22.06.2016	14.073953412607917
23.06.2016	14.3928035982009
24.06.2016	14.299900695134061
25.06.2016	14.404801600533512
26.06.2016	14.276272306675478
27.06.2016	14.276272306675478
28.06.2016	14.240975770562057
29.06.2016	14.421632448673009
30.06.2016	14.436090225563909
01.07.2016	14.101517871715359
02.07.2016	14.3928035982009
03.07.2016	14.292803970223325
04.07.2016	14.240975770562057
05.07.2016	14.523449319213313
06.07.2016	14.19185282522996
07.07.2016	14.314115308151093
08.07.2016	14.409606404269512
09.07.2016	14.103819784524976
10.07.2016	14.290439960304333
11.07.2016	14.330734781887543
12.07.2016	14.385614385614385
13.07.2016	14.196516595465
14.07.2016	14.397600399933344
15.07.2016	14.428857715430862
16.07.2016	14.208189442525901
17.07.2016	14.330734781887543
18.07.2016	14.143067605172696
19.07.2016	14.472361809045227
20.07.2016	14.530776992936428
21.07.2016	14.03964900877478
22.07.2016	14.503944938727548
23.07.2016	14.180206794682423
24.07.2016	14.552804446690248
25.07.2016	14.328358208955224
26.07.2016	14.873472198312962
27.07.2016	13.991902834008098
28.07.2016	14.208189442525901
29.07.2016	14.45057701956849
30.07.2016	14.445744858719278
31.07.2016	14.330734781887543
01.08.2016	14.494212380473074
02.08.2016	14.658975229046488
03.08.2016	14.438502673796792
04.08.2016	13.953488372093023
05.08.2016	14.245671887881286
06.08.2016	14.45299431247909
07.08.2016	14.217541550106962
08.08.2016	14.259778841392968
09.08.2016	14.094616639477977
10.08.2016	14.271555996035678
11.08.2016	14.238628872775214
12.08.2016	14.366478217492517
13.08.2016	14.323607427055704
14.08.2016	14.318859794497845
15.08.2016	14.187192118226601
16.08.2016	14.271555996035678
17.08.2016	14.37843235147279
18.08.2016	14.163934426229508
19.08.2016	14.366478217492517
20.08.2016	14.269199009083403
21.08.2016	14.201183431952662
22.08.2016	14.215202369200394
23.08.2016	14.364089775561098
24.08.2016	14.273913761771023
25.08.2016	14.177879881851
26.08.2016	14.385614385614385
27.08.2016	14.219881500987492
28.08.2016	14.316487158243579
29.08.2016	14.366478217492517
30.08.2016	14.33786923332227
31.08.2016	14.22690597727647
01.09.2016	14.42644848889631
02.09.2016	14.19185282522996
03.09.2016	14.523449319213313
04.09.2016	14.345010791964137
05.09.2016	14.219881500987492
06.09.2016	14.416819622893376
07.09.2016	14.122262177182085
08.09.2016	14.361702127659575
09.09.2016	14.224563714191637
10.09.2016	14.402400400066679
11.09.2016	14.180206794682423
12.09.2016	14.250371103414151
13.09.2016	14.3928035982009
14.09.2016	14.184862912493843
15.09.2016	14.325982424141934
16.09.2016	14.245671887881286
17.09.2016	14.295168762409
18.09.2016	15.434083601286174
19.09.2016	13.481042284287721
20.09.2016	14.010053510621047
21.09.2016	14.252721873968987
22.09.2016	15.036547163243997
23.09.2016	13.877288788949567
24.09.2016	14.701378254211333
25.09.2016	13.786500718046913
26.09.2016	14.786924525072736
27.09.2016	14.273913761771023
28.09.2016	14.15001637733377
29.09.2016	14.103819784524976
30.09.2016	14.380825565912117
01.10.2016	14.948096885813149
02.10.2016	14.238628872775214
03.10.2016	13.926499032882012
04.10.2016	14.217541550106962
05.10.2016	14.853017019082001
06.10.2016	14.513690576180077
07.10.2016	14.67640563954476
08.10.2016	13.935483870967742
09.10.2016	14.283352620267813
10.10.2016	14.302267836450918
11.10.2016	14.28099173553719
12.10.2016	14.619289340101522
13.10.2016	14.131501472031402
14.10.2016	14.21286395788781
15.10.2016	14.335490293678447
16.10.2016	14.269199009083403
17.10.2016	14.499077026346702
18.10.2016	14.119954240889035
19.10.2016	14.963630065812263
20.10.2016	13.718640838361384
21.10.2016	14.17090372314253
22.10.2016	14.302267836450918
23.10.2016	14.416819622893376
24.10.2016	14.245671887881286
25.10.2016	14.333112143331121
26.10.2016	14.173228346456693
27.10.2016	14.35692921236291
28.10.2016	14.53811206461383
29.10.2016	15.24347212420607
30.10.2016	14.259778841392968
31.10.2016	14.182534471437952
01.11.2016	14.79705429011817
02.11.2016	14.516129032258064
03.11.2016	14.521008403361344
04.11.2016	14.634146341463415
05.11.2016	14.409606404269512
06.11.2016	14.271555996035678
07.11.2016	13.681710213776721
08.11.2016	14.028251339503166
09.11.2016	14.584740040513166
10.11.2016	14.482065035199463
11.11.2016	14.419225634178906
12.11.2016	14.196516595465
13.11.2016	13.928744156053522
14.11.2016	14.240975770562057
15.11.2016	14.385614385614385
16.11.2016	14.292803970223325
17.11.2016	14.723926380368098
18.11.2016	13.738273175385594
19.11.2016	14.048780487804878
20.11.2016	13.98284512056967
21.11.2016	14.22690597727647
22.11.2016	14.589665653495441
23.11.2016	14.802124378961796
24.11.2016	14.609401420358472
25.11.2016	14.138438880706921
26.11.2016	14.5503536544291
27.11.2016	14.533221194280909
28.11.2016	14.299900695134061
29.11.2016	14.428857715430862
30.11.2016	14.255073420227685
01.12.2016	14.264487369985142
02.12.2016	14.222222222222221
03.12.2016	14.025974025974026
04.12.2016	14.440915928463982
05.12.2016	14.390406395736177
06.12.2016	14.189522089012975
07.12.2016	14.22690597727647
08.12.2016	14.106122448979592
09.12.2016	14.28099173553719
10.12.2016	14.222222222222221
11.12.2016	14.168579862249919
12.12.2016	14.402400400066679
13.12.2016	14.233937397034596
14.12.2016	14.210526315789474
15.12.2016	14.397600399933344
16.12.2016	14.222222222222221
17.12.2016	14.126880313930673
18.12.2016	14.173228346456693
19.12.2016	14.323607427055704
20.12.2016	14.236282748393474
21.12.2016	14.233937397034596
22.12.2016	14.5063801208865
23.12.2016	14.511252939200537
24.12.2016	14.385614385614385
25.12.2016	14.101517871715359
26.12.2016	14.243323442136498
27.12.2016	14.404801600533512
28.12.2016	14.266842800528401
29.12.2016	14.205853337717857
30.12.2016	14.250371103414151
31.12.2016	14.416819622893376
01.01.2017	14.138438880706921
02.01.2017	14.26213271706834
03.01.2017	14.316487158243579
04.01.2017	14.069369809477283
05.01.2017	14.184862912493843
06.01.2017	14.37843235147279
07.01.2017	14.145383104125736
08.01.2017	14.224563714191637
09.01.2017	14.205853337717857
10.01.2017	14.328358208955224
11.01.2017	14.288076732263933
12.01.2017	14.266842800528401
13.01.2017	14.15001637733377
14.01.2017	14.240975770562057
15.01.2017	14.198849630238291
16.01.2017	14.276272306675478
17.01.2017	14.395201599466844
18.01.2017	14.245671887881286
19.01.2017	14.030529392659954
20.01.2017	14.489350997819889
21.01.2017	14.290439960304333
22.01.2017	14.245671887881286
23.01.2017	14.285714285714286
24.01.2017	14.311744243829716
25.01.2017	14.37603993344426
26.01.2017	14.208189442525901
27.01.2017	14.436090225563909
28.01.2017	14.250371103414151
29.01.2017	14.496644295302014
30.01.2017	14.177879881851
31.01.2017	14.35692921236291
01.02.2017	14.37843235147279
02.02.2017	14.288076732263933
03.02.2017	14.424040066777962
04.02.2017	14.215202369200394
05.02.2017	14.217541550106962
06.02.2017	14.28099173553719
07.02.2017	14.404801600533512
08.02.2017	14.240975770562057
09.02.2017	14.330734781887543
10.02.2017	14.304635761589404
11.02.2017	14.309373964889035
12.02.2017	14.259778841392968
13.02.2017	14.233937397034596
14.02.2017	14.345010791964137
15.02.2017	14.189522089012975
16.02.2017	14.276272306675478
17.02.2017	14.37125748502994
18.02.2017	14.402400400066679
19.02.2017	14.354543944176774
20.02.2017	14.364089775561098
21.02.2017	14.276272306675478
22.02.2017	14.47721179624665
23.02.2017	14.354543944176774
24.02.2017	14.373648311429047
25.02.2017	14.307004470938898
26.02.2017	14.189522089012975
27.02.2017	14.428857715430862
28.02.2017	14.14769936138857
01.03.2017	14.501510574018127
02.03.2017	14.255073420227685
03.03.2017	14.385614385614385
04.03.2017	14.436090225563909
05.03.2017	14.22690597727647
06.03.2017	14.455412414254642
07.03.2017	14.45299431247909
08.03.2017	14.361702127659575
09.03.2017	14.574898785425102
10.03.2017	14.513690576180077
11.03.2017	14.395201599466844
12.03.2017	14.59706031424227
13.03.2017	14.304635761589404
14.03.2017	14.494212380473074
15.03.2017	14.433678583361177
16.03.2017	14.424040066777962
17.03.2017	14.290439960304333
18.03.2017	14.421632448673009
19.03.2017	14.521008403361344
20.03.2017	14.243323442136498
21.03.2017	14.503944938727548
22.03.2017	14.380825565912117
23.03.2017	14.609401420358472
24.03.2017	14.61187214611872
25.03.2017	14.491781281449178
26.03.2017	14.445744858719278
27.03.2017	14.51856830784742
28.03.2017	14.64406779661017
29.03.2017	14.428857715430862
30.03.2017	14.619289340101522
31.03.2017	14.469938033830179
01.04.2017	14.579817752278096
02.04.2017	14.77933629832364
03.04.2017	14.45057701956849
04.04.2017	14.565070802427512
05.04.2017	14.433678583361177
06.04.2017	14.693877551020408
07.04.2017	14.530776992936428
08.04.2017	14.555256064690028
09.04.2017	14.90426082456443
10.04.2017	15.00521014241056
11.04.2017	14.77175585570183
12.04.2017	14.950683509257656
13.04.2017	14.901690238013108
14.04.2017	14.624238320920785
15.04.2017	15.102254850550603
16.04.2017	14.845360824742269
17.04.2017	14.741511687425355
18.04.2017	14.741511687425355
19.04.2017	15.110178384050368
20.04.2017	14.746543778801843
21.04.2017	14.698877169105138
22.04.2017	14.917127071823204
23.04.2017	14.733969986357435
24.04.2017	15.102254850550603
25.04.2017	14.651517720875022
26.04.2017	15.327301756253327
27.04.2017	15.313718539524992
28.04.2017	15.165876777251185
29.04.2017	15.357269818698898
30.04.2017	15.297450424929178
01.05.2017	15.362731152204836
02.05.2017	15.376401494927924
03.05.2017	15.294742432288901
04.05.2017	15.294742432288901
05.05.2017	15.224669603524228
06.05.2017	15.216625572384643
07.05.2017	15.110178384050368
08.05.2017	15.319148936170214
09.05.2017	15.232722143864597
10.05.2017	15.297450424929178
11.05.2017	15.152578042792003
12.05.2017	15.189873417721518
13.05.2017	15.453407261670542
14.05.2017	15.99407626804887
15.05.2017	15.99703758563229
16.05.2017	15.83287520615723
17.05.2017	16.225352112676056
18.05.2017	15.81838154522153
19.05.2017	15.929203539823009
20.05.2017	15.740572053197305
21.05.2017	15.891116424498804
22.05.2017	15.801024140453547
23.05.2017	15.943901088761764
24.05.2017	15.92039800995025
25.05.2017	15.809698078682525
26.05.2017	15.7319737800437
27.05.2017	15.885273028130172
28.05.2017	15.84448927196039
29.05.2017	15.486646352392903
30.05.2017	15.481096577674252
31.05.2017	15.964523281596453
01.06.2017	16.376042456406367
02.06.2017	16.984470218203263
03.06.2017	16.59623511333077
04.06.2017	16.74418604651163
05.06.2017	16.46027814821871
06.06.2017	16.589861751152075
07.06.2017	16.491696888719222
08.06.2017	16.586676905356114
09.06.2017	16.57077100115075
10.06.2017	16.204051012753187
11.06.2017	16.469691193290124
12.06.2017	16.49799503532557
13.06.2017	16.38846737481032
14.06.2017	16.323446060835064
15.06.2017	16.286522148916116
16.06.2017	16.191904047976013
17.06.2017	16.36673612426596
18.06.2017	16.158593603890033
19.06.2017	16.197975253093365
20.06.2017	17.394805717737064
21.06.2017	17.63985300122499
22.06.2017	17.475728155339805
23.06.2017	17.66871165644172
24.06.2017	17.493419720591213
25.06.2017	17.53958587088916
26.06.2017	17.401812688821753
27.06.2017	17.276544691061787
28.06.2017	17.415843579923404
29.06.2017	17.187189178436444
30.06.2017	17.15647339158062
01.07.2017	17.24895188660411
02.07.2017	17.163289630512516
03.07.2017	17.102137767220903
04.07.2017	17.014572666404096
05.07.2017	17.331995987963893
06.07.2017	17.122473246135552
07.07.2017	16.99449252557042
08.07.2017	16.984470218203263
09.07.2017	16.96113074204947
10.07.2017	18.807139747496734
11.07.2017	19.115044247787612
12.07.2017	19.161676646706585
13.07.2017	19.148936170212767
14.07.2017	19.19147045757441
15.07.2017	18.770367151857485
16.07.2017	18.885245901639344
17.07.2017	19.376541825521418
18.07.2017	18.984838497033618
19.07.2017	18.632736683200346
20.07.2017	18.65284974093264
21.07.2017	19.018269865727493
22.07.2017	18.584641858464185
23.07.2017	18.540772532188843
24.07.2017	18.85639458751637
25.07.2017	18.437900128040972
26.07.2017	18.580645161290324
27.07.2017	18.644799309451876
28.07.2017	18.592640413169786
29.07.2017	18.449711723254325
30.07.2017	18.367346938775512
31.07.2017	19.051819184123485
01.08.2017	21.140200636163446
02.08.2017	21.364985163204746
03.08.2017	21.730382293762574
04.08.2017	21.386138613861387
05.08.2017	21.417947446703025
06.08.2017	21.428571428571427
07.08.2017	21.104054714215927
08.08.2017	21.10921084778891
09.08.2017	21.00656455142232
10.08.2017	21.44452717795979
11.08.2017	21.047503045066993
12.08.2017	21.00656455142232
13.08.2017	20.92516347783967
14.08.2017	20.904911686426324
15.08.2017	20.90997095837367
16.08.2017	20.739318290926548
17.08.2017	20.84942084942085
18.08.2017	20.889748549323016
19.08.2017	20.517691759677035
20.08.2017	20.78922040423484
21.08.2017	20.411055988660525
22.08.2017	20.64516129032258
23.08.2017	20.49335863377609
24.08.2017	20.650095602294456
25.08.2017	24.310635903207654
26.08.2017	24.69276936267505
27.08.2017	24.587364826408653
28.08.2017	25.072547881601857
29.08.2017	24.39988703756001
30.08.2017	24.468988954970264
31.08.2017	24.877627411459834
01.09.2017	24.538483385401875
02.09.2017	24.39988703756001
03.09.2017	24.413676179711782
04.09.2017	24.496739438616387
05.09.2017	24.276482157909527
06.09.2017	24.615384615384617
07.09.2017	24.35861291232027
08.09.2017	24.053452115812917
09.09.2017	24.26284751474305
10.09.2017	24.17459429210968
11.09.2017	24.331174317093776
12.09.2017	23.98001665278934
13.09.2017	24.43438914027149
14.09.2017	24.006668519033063
15.09.2017	23.893805309734514
16.09.2017	23.940149625935163
17.09.2017	23.801652892561982
18.09.2017	24.290132133820634
19.09.2017	23.814773980154357
20.09.2017	24
21.09.2017	23.703703703703702
22.09.2017	28.79040319893369
23.09.2017	29.958391123439668
24.09.2017	29.40776038121171
25.09.2017	30.465444287729195
26.09.2017	29.896193771626297
27.09.2017	29.75206611570248
28.09.2017	30.252100840336134
29.09.2017	30.54082714740191
30.09.2017	30.422535211267604
01.10.2017	30.18867924528302
02.10.2017	30.40112596762843
03.10.2017	30.18867924528302
04.10.2017	29.93762993762994
05.10.2017	29.327902240325866
06.10.2017	30.337078651685392
07.10.2017	30.337078651685392
08.10.2017	30.01042028482112
09.10.2017	29.97918112421929
10.10.2017	29.639794168096056
11.10.2017	29.639794168096056
12.10.2017	29.803380476026216
13.10.2017	29.885852646143203
14.10.2017	29.927260131624525
15.10.2017	29.53846153846154
16.10.2017	18.972332015810277
17.10.2017	14.28099173553719
18.10.2017	13.888442372608905
19.10.2017	13.84393526678417
20.10.2017	13.852813852813853
21.10.2017	13.870605233584845
22.10.2017	13.757961783439491
23.10.2017	13.81515829868884
24.10.2017	13.82842509603073
25.10.2017	13.989637305699482
26.10.2017	14.032808185804775
27.10.2017	13.870605233584845
28.10.2017	13.846153846153847
29.10.2017	13.948982886664513
30.10.2017	14.229249011857707
31.10.2017	13.768924302788845
01.11.2017	14.067079127320092
02.11.2017	14.0625
03.11.2017	13.917525773195877
04.11.2017	13.94448030987734
05.11.2017	13.716462930623909
06.11.2017	13.937731892240684
07.11.2017	13.910803413298986
08.11.2017	13.855035279025016
09.11.2017	13.946731234866828
10.11.2017	13.714285714285714
11.11.2017	13.786500718046913
12.11.2017	13.835068054443555
13.11.2017	13.879518072289157
14.11.2017	14.113034955896765
15.11.2017	13.852813852813853
16.11.2017	14.03964900877478
17.11.2017	13.857257417802726
18.11.2017	13.901850362027353
19.11.2017	13.788700925630387
20.11.2017	13.989637305699482
21.11.2017	13.994169096209912
22.11.2017	13.841717398269786
23.11.2017	13.957996768982229
24.11.2017	13.859480269489895
25.11.2017	13.933236574746008
26.11.2017	14.005511428108283
27.11.2017	14.196516595465
28.11.2017	14.177879881851
29.11.2017	14.145383104125736
30.11.2017	14.046496504633392
01.12.2017	14.101517871715359
02.12.2017	14.273913761771023
03.12.2017	14.330734781887543
04.12.2017	15.235408217245636
05.12.2017	15.461703650680029
06.12.2017	15.78658870820391
07.12.2017	14.901690238013108
08.12.2017	14.888850594520076
09.12.2017	14.863237570961637
10.12.2017	14.945511157239231
11.12.2017	15.02870064359019
12.12.2017	15.118110236220472
13.12.2017	15.267715144018378
14.12.2017	15.173867228661749
15.12.2017	14.89655172413793
16.12.2017	14.96103896103896
17.12.2017	14.945511157239231
18.12.2017	14.945511157239231
19.12.2017	15.417558886509635
20.12.2017	15.508885298869144
21.12.2017	15.511669658886895
22.12.2017	15.286624203821656
23.12.2017	14.528333613586682
24.12.2017	14.445744858719278
25.12.2017	14.323607427055704
26.12.2017	14.419225634178906
27.12.2017	14.482065035199463
28.12.2017	14.67142129393785
29.12.2017	14.932595921189078
30.12.2017	14.966222068248744
31.12.2017	14.62671406805485
01.01.2018	14.579817752278096
02.01.2018	15.02608695652174
03.01.2018	15.5956678700361
04.01.2018	15.841584158415841
05.01.2018	16.17674592772889
06.01.2018	15.952732644017726
07.01.2018	15.629522431259044
08.01.2018	15.976331360946746
09.01.2018	16.068439650362656
10.01.2018	15.955678670360111
11.01.2018	15.911602209944752
12.01.2018	15.943901088761764
13.01.2018	16.017797552836484
14.01.2018	15.36
15.01.2018	15.929203539823009
16.01.2018	15.646504889532778
17.01.2018	15.506101938262741
18.01.2018	15.514455018854372
19.01.2018	15.197889182058047
20.01.2018	14.71139111186787
21.01.2018	14.87091222030981
22.01.2018	14.686384497705252
23.01.2018	14.649033570701933
24.01.2018	14.494212380473074
25.01.2018	14.619289340101522
26.01.2018	14.619289340101522
27.01.2018	14.390406395736177
28.01.2018	14.359315273392056
29.01.2018	14.582278481012658
30.01.2018	14.726435997954662
31.01.2018	14.686384497705252
01.02.2018	14.953271028037383
02.02.2018	14.731457800511508
03.02.2018	14.465092918131592
04.02.2018	14.496644295302014
05.02.2018	14.340248962655602
06.02.2018	14.579817752278096
07.02.2018	14.61187214611872
08.02.2018	14.395201599466844
09.02.2018	14.555256064690028
10.02.2018	14.347392892726669
11.02.2018	14.5088161209068
12.02.2018	14.533221194280909
13.02.2018	14.484492875104777
14.02.2018	14.744027303754267
15.02.2018	14.482065035199463
16.02.2018	14.501510574018127
17.02.2018	14.314115308151093
18.02.2018	14.438502673796792
19.02.2018	14.649033570701933
20.02.2018	14.860681114551083
21.02.2018	14.77175585570183
22.02.2018	14.71139111186787
23.02.2018	14.579817752278096
24.02.2018	14.76923076923077
25.02.2018	14.749061113007853
26.02.2018	14.888850594520076
27.02.2018	14.731457800511508
28.02.2018	14.649033570701933
01.03.2018	14.696376934852866
02.03.2018	14.6465502627564
03.03.2018	14.523449319213313
04.03.2018	14.69137901717395
05.03.2018	14.681393372982159
06.03.2018	14.66893039049236
07.03.2018	14.606931530008453
08.03.2018	14.754098360655737
09.03.2018	14.649033570701933
10.03.2018	14.661462752418123
11.03.2018	14.503944938727548
12.03.2018	14.837712519319938
13.03.2018	14.731457800511508
14.03.2018	14.786924525072736
15.03.2018	14.69137901717395
16.03.2018	14.59952686718486
17.03.2018	14.754098360655737
18.03.2018	14.562615877296478
19.03.2018	14.494212380473074
20.03.2018	14.499077026346702
21.03.2018	14.560161779575328
22.03.2018	14.366478217492517
23.03.2018	14.47721179624665
24.03.2018	14.26213271706834
25.03.2018	14.342629482071713
26.03.2018	14.390406395736177
27.03.2018	14.587202431200405
28.03.2018	14.523449319213313
29.03.2018	14.726435997954662
30.03.2018	14.5503536544291
31.03.2018	14.28099173553719
01.04.2018	14.361702127659575
02.04.2018	14.177879881851
03.04.2018	14.402400400066679
04.04.2018	14.397600399933344
05.04.2018	14.266842800528401
06.04.2018	14.27863163113535
07.04.2018	14.283352620267813
08.04.2018	14.26213271706834
09.04.2018	14.412010008340284
10.04.2018	14.22690597727647
11.04.2018	14.491781281449178
12.04.2018	14.649033570701933
13.04.2018	14.587202431200405
14.04.2018	14.601994253844854
15.04.2018	14.547903687489477
16.04.2018	14.565070802427512
17.04.2018	14.80719794344473
18.04.2018	14.909404659188956
19.04.2018	14.87091222030981
20.04.2018	15.118110236220472
21.04.2018	14.686384497705252
22.04.2018	14.639105388004067
23.04.2018	14.958448753462603
24.04.2018	15.104895104895105
25.04.2018	14.850464077002407
26.04.2018	14.726435997954662
27.04.2018	15.12075603780189
28.04.2018	15.123402765622265
29.04.2018	14.812274987142123
30.04.2018	15.09433962264151
01.05.2018	15.36819637139808
02.05.2018	15.126050420168067
03.05.2018	15.208590036965322
04.05.2018	15.340909090909092
05.05.2018	15.04964291935203
06.05.2018	14.992191566892243
07.05.2018	14.80719794344473
08.05.2018	15.068015347052668
09.05.2018	15.078534031413612
10.05.2018	15.203237726552876
11.05.2018	15.023474178403756
12.05.2018	15.015641293013555
13.05.2018	15
14.05.2018	15.324583185526782
15.05.2018	15.073272854152128
16.05.2018	15.305580159433127
17.05.2018	15.147265077138849
18.05.2018	15.330021291696239
19.05.2018	15.420310547920757
20.05.2018	15.313718539524992
21.05.2018	15.19254439950765
22.05.2018	15.42581681842528
23.05.2018	15.278514588859416
24.05.2018	15.531188207801545
25.05.2018	15.332741792369122
26.05.2018	15.107536282566882
27.05.2018	15.335463258785943
28.05.2018	15.147265077138849
29.05.2018	15.294742432288901
30.05.2018	15.403815296844357
31.05.2018	15.300159376660174
01.06.2018	15.362731152204836
02.06.2018	15.340909090909092
03.06.2018	15.376401494927924
04.06.2018	15.232722143864597
05.06.2018	15.453407261670542
06.06.2018	15.338185691461033
07.06.2018	15.321865579003369
08.06.2018	15.213946117274167
09.06.2018	15.401069518716577
10.06.2018	15.316433256514802
11.06.2018	15.273112957397915
12.06.2018	15.12075603780189
13.06.2018	15.020862308762169
14.06.2018	14.986990459670425
15.06.2018	14.942926323071601
16.06.2018	14.716402657128258
17.06.2018	14.606931530008453
18.06.2018	14.511252939200537
19.06.2018	14.891416752843847
20.06.2018	14.837712519319938
21.06.2018	14.713896457765667
22.06.2018	14.845360824742269
23.06.2018	14.589665653495441
24.06.2018	14.69137901717395
25.06.2018	15.251544571932921
26.06.2018	15.031315240083508
27.06.2018	14.776808619805028
28.06.2018	14.994793474488025
29.06.2018	14.989590562109646
30.06.2018	14.718909710391824
01.07.2018	14.802124378961796
02.07.2018	14.57244054646652
03.07.2018	14.873472198312962
04.07.2018	14.802124378961796
05.07.2018	14.87603305785124
06.07.2018	14.784394250513348
07.07.2018	14.845360824742269
08.07.2018	15.165876777251185
09.07.2018	14.756618274978651
10.07.2018	14.940342382846273
11.07.2018	14.56752655538695
12.07.2018	14.416819622893376
13.07.2018	14.513690576180077
14.07.2018	14.385614385614385
15.07.2018	14.240975770562057
16.07.2018	14.766706545889592
17.07.2018	14.67142129393785
18.07.2018	15.007816571130798
19.07.2018	14.914552045572242
20.07.2018	14.799588900308326
21.07.2018	14.4072036018009
22.07.2018	14.460251046025105
23.07.2018	14.73899692937564
24.07.2018	14.858125537403268
25.07.2018	14.64406779661017
26.07.2018	14.764183185235817
27.07.2018	14.621763411744796
28.07.2018	14.421632448673009
29.07.2018	14.37603993344426
30.07.2018	14.489350997819889
31.07.2018	14.59706031424227
01.08.2018	14.741511687425355
02.08.2018	14.759139050222071
03.08.2018	14.60446247464503
04.08.2018	14.3928035982009
05.08.2018	14.565070802427512
06.08.2018	14.587202431200405
07.08.2018	14.706382978723404
08.08.2018	14.503944938727548
09.08.2018	14.569983136593592
10.08.2018	14.579817752278096
11.08.2018	14.533221194280909
12.08.2018	14.80719794344473
13.08.2018	14.713896457765667
14.08.2018	14.516129032258064
15.08.2018	14.484492875104777
16.08.2018	14.545454545454545
17.08.2018	14.794520547945206
18.08.2018	14.686384497705252
19.08.2018	14.569983136593592
20.08.2018	14.565070802427512
21.08.2018	14.494212380473074
22.08.2018	14.589665653495441
23.08.2018	14.761660686827268
24.08.2018	14.530776992936428
25.08.2018	14.579817752278096
26.08.2018	14.528333613586682
27.08.2018	14.540558734432851
28.08.2018	14.649033570701933
29.08.2018	14.66893039049236
30.08.2018	14.619289340101522
31.08.2018	14.513690576180077
01.09.2018	14.693877551020408
02.09.2018	14.335490293678447
03.09.2018	14.67640563954476
04.09.2018	14.47721179624665
05.09.2018	14.5063801208865
06.09.2018	14.285714285714286
07.09.2018	14.61187214611872
08.09.2018	14.555256064690028
09.09.2018	14.6465502627564
10.09.2018	14.38321957715998
11.09.2018	14.395201599466844
12.09.2018	14.29753433724971
13.09.2018	14.390406395736177
14.09.2018	14.243323442136498
15.09.2018	14.27863163113535
16.09.2018	14.13381318501554
17.09.2018	14.210526315789474
18.09.2018	14.479638009049774
19.09.2018	14.110730034296914
20.09.2018	14.366478217492517
21.09.2018	14.201183431952662
22.09.2018	14.309373964889035
23.09.2018	14.210526315789474
24.09.2018	14.222222222222221
25.09.2018	14.13381318501554
26.09.2018	14.136125654450261
27.09.2018	14.208189442525901
28.09.2018	14.168579862249919
29.09.2018	14.175553732567678
30.09.2018	14.131501472031402
01.10.2018	14.175553732567678
02.10.2018	13.980582524271844
03.10.2018	14.222222222222221
04.10.2018	14.057923852912463
05.10.2018	14.166256763403837
06.10.2018	13.886210221793636
07.10.2018	13.84393526678417
08.10.2018	13.98284512056967
09.10.2018	14.051065213855912
10.10.2018	14.007782101167315
11.10.2018	14.064789190949048
12.10.2018	14.0032414910859
13.10.2018	13.989637305699482
14.10.2018	13.97605952766095
15.10.2018	14.175553732567678
16.10.2018	14.131501472031402
17.10.2018	14.094616639477977
18.10.2018	14.067079127320092
19.10.2018	14.245671887881286
20.10.2018	14.030529392659954
21.10.2018	14.10842586544742
22.10.2018	14.245671887881286
23.10.2018	14.007782101167315
24.10.2018	14.10842586544742
25.10.2018	14.110730034296914
26.10.2018	14.113034955896765
27.10.2018	14.163934426229508
28.10.2018	14.07854000325892
29.10.2018	14.138438880706921
30.10.2018	14.29753433724971
31.10.2018	14.032808185804775
01.11.2018	14.236282748393474
02.11.2018	14.236282748393474
03.11.2018	14.119954240889035
04.11.2018	14.143067605172696
05.11.2018	14.222222222222221
06.11.2018	14.248021108179419
07.11.2018	14.0625
08.11.2018	14.243323442136498
09.11.2018	14.184862912493843
10.11.2018	14.13381318501554
11.11.2018	14.115340630615913
12.11.2018	14.000972289742343
13.11.2018	14.175553732567678
14.11.2018	14.231592818316587
15.11.2018	14.22690597727647
16.11.2018	13.97605952766095
17.11.2018	14.136125654450261
18.11.2018	14.028251339503166
19.11.2018	14.402400400066679
20.11.2018	14.333112143331121
21.11.2018	14.08083441981747
22.11.2018	14.250371103414151
23.11.2018	14.119954240889035
24.11.2018	14.119954240889035
25.11.2018	14.03964900877478
26.11.2018	14.231592818316587
27.11.2018	14.412010008340284
28.11.2018	14.33786923332227
29.11.2018	14.115340630615913
30.11.2018	14.290439960304333
01.12.2018	14.264487369985142
02.12.2018	14.196516595465
03.12.2018	14.321233217304824
04.12.2018	14.307004470938898
05.12.2018	14.359315273392056
06.12.2018	14.266842800528401
07.12.2018	14.467515070328199
08.12.2018	14.345010791964137
09.12.2018	14.17090372314253
10.12.2018	13.989637305699482
11.12.2018	14.438502673796792
12.12.2018	14.219881500987492
13.12.2018	14.17090372314253
14.12.2018	14.366478217492517
15.12.2018	14.129190515126737
16.12.2018	14.307004470938898
17.12.2018	14.666440332710915
18.12.2018	14.741511687425355
19.12.2018	14.77175585570183
20.12.2018	14.761660686827268
21.12.2018	14.73899692937564
22.12.2018	14.582278481012658
23.12.2018	14.731457800511508
24.12.2018	14.577357853888982
25.12.2018	14.479638009049774
26.12.2018	14.494212380473074
27.12.2018	14.661462752418123
28.12.2018	14.62671406805485
29.12.2018	14.496644295302014
30.12.2018	14.678899082568808
31.12.2018	14.592129707819625
01.01.2019	14.716402657128258
02.01.2019	14.56752655538695
03.01.2019	15.483870967741936
04.01.2019	15.556355779618293
05.01.2019	15.373665480427047
06.01.2019	15.470008952551478
07.01.2019	15.401069518716577
08.01.2019	15.533980582524272
09.01.2019	15.401069518716577
10.01.2019	15.517241379310345
11.01.2019	15.522817103844773
12.01.2019	15.592853275582025
13.01.2019	15.332741792369122
14.01.2019	15.349085095043524
15.01.2019	15.376401494927924
16.01.2019	15.629522431259044
17.01.2019	15.536773961517712
18.01.2019	15.376401494927924
19.01.2019	15.203237726552876
20.01.2019	15.431327022682622
21.01.2019	16.96113074204947
22.01.2019	17.034700315457414
23.01.2019	17.311160088158687
24.01.2019	16.987809673613842
25.01.2019	16.92126909518214
26.01.2019	17.0919881305638
27.01.2019	17.235188509874327
28.01.2019	17.69041769041769
29.01.2019	17.741273100616016
30.01.2019	17.45807233784603
31.01.2019	17.521800851754207
01.02.2019	17.821782178217823
02.02.2019	17.507598784194528
03.02.2019	17.78509674763277
04.02.2019	17.496962332928312
05.02.2019	17.632653061224488
06.02.2019	17.66148814390842
07.02.2019	17.568117120780805
08.02.2019	17.550274223034734
09.02.2019	17.632653061224488
10.02.2019	20.10237319683574
11.02.2019	20.59594755661502
12.02.2019	20.219985958343084
13.02.2019	20.724394339170065
14.02.2019	20.739318290926548
15.02.2019	20.77922077922078
16.02.2019	20.454545454545453
17.02.2019	20.87460739309012
18.02.2019	20.591039084842706
19.02.2019	20.149253731343283
20.02.2019	20.367751060820368
21.02.2019	20.319849482596425
22.02.2019	20.38697498820198
23.02.2019	19.848380427291524
24.02.2019	20.310296191819464
25.02.2019	20.38697498820198
26.02.2019	20.182200420462507
27.02.2019	20.182200420462507
28.02.2019	19.789280806229957
01.03.2019	14.414414414414415
02.03.2019	13.495782567947517
03.03.2019	13.544442702617966
04.03.2019	13.533834586466165
05.03.2019	13.43910405972935
06.03.2019	13.50210970464135
07.03.2019	13.42031686859273
08.03.2019	13.525360050093926
09.03.2019	13.5423197492163
10.03.2019	13.265776140027636
11.03.2019	13.523243074033495
12.03.2019	13.389121338912133
13.03.2019	13.50210970464135
14.03.2019	13.453752725007785
15.03.2019	13.449564134495642
16.03.2019	13.269851021348487
17.03.2019	13.468433359314108
18.03.2019	13.5678391959799
19.03.2019	13.46633416458853
20.03.2019	13.343629343629344
21.03.2019	13.559322033898304
22.03.2019	13.481042284287721
23.03.2019	13.434924584046026
24.03.2019	13.432835820895523
25.03.2019	13.43910405972935
26.03.2019	13.589178987102862
27.03.2019	13.378755032517807
28.03.2019	13.557194413933782
29.03.2019	13.565708902496468
30.03.2019	13.561450321770522
31.03.2019	13.464235624123422
01.04.2019	13.457943925233645
02.04.2019	13.591316658801322
03.04.2019	13.636363636363637
04.04.2019	13.487355604121136
05.04.2019	13.443286136611171
06.04.2019	13.391196528208308
07.04.2019	13.341568869672637
08.04.2019	13.414066138798324
09.04.2019	13.437013996889581
10.04.2019	13.333333333333334
11.04.2019	13.533834586466165
12.04.2019	13.457943925233645
13.04.2019	13.327163350300786
14.04.2019	13.453752725007785
15.04.2019	13.409902219462984
16.04.2019	13.48314606741573
17.04.2019	13.540197461212976
18.04.2019	13.487355604121136
19.04.2019	13.397425957512793
20.04.2019	13.563579277864992
21.04.2019	13.370473537604457
22.04.2019	13.43910405972935
23.04.2019	13.72299872935197
24.04.2019	13.516896120150188
25.04.2019	13.31073794484671
26.04.2019	13.389121338912133
27.04.2019	13.341568869672637
28.04.2019	13.523243074033495
29.04.2019	13.391196528208308
30.04.2019	13.474734872114785
01.05.2019	13.364269141531322
02.05.2019	13.411983855945358
03.05.2019	13.625611102349787
04.05.2019	13.2312404287902
05.05.2019	13.529595991230817
06.05.2019	13.58704198773392
07.05.2019	13.510555121188428
08.05.2019	13.636363636363637
09.05.2019	13.576367064739157
10.05.2019	13.418232644820625
11.05.2019	13.50844277673546
12.05.2019	13.414066138798324
13.05.2019	13.584905660377359
14.05.2019	13.353941267387944
15.05.2019	13.353941267387944
16.05.2019	13.623462630085147
17.05.2019	13.418232644820625
18.05.2019	13.495782567947517
19.05.2019	13.529595991230817
20.05.2019	13.608442274373918
21.05.2019	13.62991008045433
22.05.2019	13.497890954538354
23.05.2019	13.651445726023068
24.05.2019	13.516896120150188
25.05.2019	13.23935029114312
26.05.2019	13.4411947728687
27.05.2019	13.51478179258564
28.05.2019	13.623462630085147
29.05.2019	13.219094247246023
30.05.2019	13.712109189017616
31.05.2019	13.341568869672637
01.06.2019	13.572101790763432
02.06.2019	13.529595991230817
03.06.2019	13.66656121480544
04.06.2019	13.497890954538354
05.06.2019	13.504220068771492
06.06.2019	13.391196528208308
07.06.2019	13.617021276595745
08.06.2019	13.634211772131923
09.06.2019	13.5678391959799
10.06.2019	13.401582131223826
11.06.2019	13.516896120150188
12.06.2019	13.559322033898304
13.06.2019	13.464235624123422
14.06.2019	13.478939157566302
15.06.2019	13.5678391959799
16.06.2019	13.424487259167185
17.06.2019	13.5423197492163
18.06.2019	13.565708902496468
19.06.2019	13.506331092699703
20.06.2019	13.506331092699703
21.06.2019	13.644977890082123
22.06.2019	13.380827009447112
23.06.2019	13.5
24.06.2019	13.424487259167185
25.06.2019	13.453752725007785
26.06.2019	13.455847998754088
27.06.2019	13.529595991230817
28.06.2019	13.510555121188428
29.06.2019	13.430747707135085
30.06.2019	13.445378151260504
01.07.2019	13.428660242461921
02.07.2019	13.485250507257687
03.07.2019	13.506331092699703
04.07.2019	13.476836686944315
05.07.2019	13.544442702617966
06.07.2019	13.327163350300786
07.07.2019	13.329219376735576
08.07.2019	13.460040504751518
09.07.2019	13.389121338912133
10.07.2019	13.504220068771492
11.07.2019	13.424487259167185
12.07.2019	13.62991008045433
13.07.2019	13.42031686859273
14.07.2019	13.241379310344827
15.07.2019	13.614875512133628
16.07.2019	13.675213675213675
17.07.2019	13.540197461212976
18.07.2019	13.337449830194505
19.07.2019	13.576367064739157
20.07.2019	13.284132841328413
21.07.2019	13.493674839918787
22.07.2019	13.33127603764851
23.07.2019	13.33950903195924
24.07.2019	13.424487259167185
25.07.2019	13.589178987102862
26.07.2019	13.393272360874283
27.07.2019	13.33950903195924
28.07.2019	13.378755032517807
29.07.2019	13.544442702617966
30.07.2019	13.288219009535528
31.07.2019	13.489461358313818
01.08.2019	13.621314835251459
02.08.2019	13.269851021348487
03.08.2019	13.349814585908529
04.08.2019	13.426573426573427
05.08.2019	13.405740884406518
06.08.2019	13.395348837209303
07.08.2019	13.329219376735576
08.08.2019	13.533834586466165
09.08.2019	13.457943925233645
10.08.2019	13.300492610837438
11.08.2019	13.451658103689864
12.08.2019	13.325107958050586
13.08.2019	13.443286136611171
14.08.2019	13.376683697166744
15.08.2019	13.472633712770934
16.08.2019	13.397425957512793
17.08.2019	13.333333333333334
18.08.2019	13.422401739940966
19.08.2019	13.555067461562597
20.08.2019	13.432835820895523
21.08.2019	13.397425957512793
22.08.2019	13.5
23.08.2019	13.358070500927644
24.08.2019	13.681710213776721
25.08.2019	13.14668289713938
26.08.2019	13.578500707213578
27.08.2019	13.468433359314108
28.08.2019	13.478939157566302
29.08.2019	13.306637917757586
30.08.2019	13.470533208606174
31.08.2019	13.457943925233645
01.09.2019	13.495782567947517
02.09.2019	13.432835820895523
03.09.2019	13.497890954538354
04.09.2019	13.516896120150188
05.09.2019	13.397425957512793
06.09.2019	13.535954880150399
07.09.2019	13.4411947728687
08.09.2019	13.495782567947517
09.09.2019	13.428660242461921
10.09.2019	13.525360050093926
11.09.2019	13.422401739940966
12.09.2019	13.424487259167185
13.09.2019	13.68604466972913
14.09.2019	13.416149068322982
15.09.2019	13.548690606868433
16.09.2019	13.384972889233152
17.09.2019	13.43910405972935
18.09.2019	13.33950903195924
19.09.2019	13.655761024182077
20.09.2019	13.393272360874283
21.09.2019	13.516896120150188
22.09.2019	13.519011109372554
23.09.2019	13.399503722084367
24.09.2019	13.766730401529637
25.09.2019	13.533834586466165
26.09.2019	13.493674839918787
27.09.2019	13.634211772131923
28.09.2019	13.42031686859273
29.09.2019	13.462137737612963
30.09.2019	13.533834586466165
01.10.2019	13.445378151260504
02.10.2019	13.634211772131923
03.10.2019	13.5
04.10.2019	13.416149068322982
05.10.2019	13.414066138798324
06.10.2019	13.397425957512793
07.10.2019	13.576367064739157
08.10.2019	13.602015113350125
09.10.2019	13.580635020433826
10.10.2019	13.619167717528374
11.10.2019	13.58704198773392
12.10.2019	13.651445726023068
13.10.2019	13.555067461562597
14.10.2019	13.527477689055894
15.10.2019	13.434924584046026
16.10.2019	13.644977890082123
17.10.2019	13.714285714285714
18.10.2019	13.653603034134008
19.10.2019	13.597733711048159
20.10.2019	13.569970158630438
21.10.2019	13.72954075957413
22.10.2019	13.474734872114785
23.10.2019	13.533834586466165
24.10.2019	13.793103448275861
25.10.2019	14.101517871715359
26.10.2019	13.786500718046913
27.10.2019	13.994169096209912
28.10.2019	13.841717398269786
29.10.2019	13.910803413298986
30.10.2019	13.859480269489895
31.10.2019	13.8996138996139
01.11.2019	13.760152890587673
02.11.2019	14.012325656827764
03.11.2019	13.779904306220097
04.11.2019	13.94448030987734
05.11.2019	13.875060221615545
06.11.2019	13.928744156053522
07.11.2019	14.010053510621047
08.11.2019	13.96025206010664
09.11.2019	14.07854000325892
10.11.2019	14.397600399933344
11.11.2019	14.438502673796792
12.11.2019	14.347392892726669
13.11.2019	14.368867453849992
14.11.2019	14.328358208955224
15.11.2019	14.433678583361177
16.11.2019	14.366478217492517
17.11.2019	14.345010791964137
18.11.2019	14.445744858719278
19.11.2019	14.654002713704207
20.11.2019	14.424040066777962
21.11.2019	14.233937397034596
22.11.2019	14.489350997819889
23.11.2019	14.271555996035678
24.11.2019	14.368867453849992
25.11.2019	14.641586171835282
26.11.2019	15.256930955324034
27.11.2019	15.275813295615276
28.11.2019	15.357269818698898
29.11.2019	15.38187644650169
30.11.2019	15.152578042792003
01.12.2019	15.406562054208274
02.12.2019	15.24347212420607
03.12.2019	15.335463258785943
04.12.2019	15.506101938262741
05.12.2019	15.365463275831408
06.12.2019	15.412058508740635
07.12.2019	15.262321144674086
08.12.2019	15.3545406077839
09.12.2019	15.300159376660174
10.12.2019	15.168539325842696
11.12.2019	15.483870967741936
12.12.2019	15.141955835962145
13.12.2019	15.78658870820391
14.12.2019	16.838822841551355
15.12.2019	16.8519602106495
16.12.2019	16.95447409733124
17.12.2019	17.10891089108911
18.12.2019	17.318099819603127
19.12.2019	17.228315054835495
20.12.2019	17.318099819603127
21.12.2019	17.014572666404096
22.12.2019	17.304225916282796
23.12.2019	17.286914765906364
24.12.2019	17.027985810011824
25.12.2019	17.321571772253407
26.12.2019	17.2972972972973
27.12.2019	17.197452229299362
28.12.2019	17.038059554328534
29.12.2019	17.159880834160873
30.12.2019	17.228315054835495
31.12.2019	17.32504511730499
01.01.2020	17.349397590361445
02.01.2020	15.213946117274167
03.01.2020	13.247470101195953
04.01.2020	13.150684931506849
05.01.2020	13.316892725030826
06.01.2020	13.118736714242333
07.01.2020	13.225164549211694
08.01.2020	13.302540415704389
09.01.2020	13.2312404287902
10.01.2020	13.188826133414747
11.01.2020	13.235294117647058
12.01.2020	13.261703760552571
13.01.2020	13.211009174311927
14.01.2020	13.241379310344827
15.01.2020	13.32099907493062
16.01.2020	13.225164549211694
17.01.2020	13.192853870819972
18.01.2020	13.259668508287293
19.01.2020	13.150684931506849
20.01.2020	13.255599877262965
21.01.2020	13.14668289713938
22.01.2020	13.349814585908529
23.01.2020	13.140684410646388
24.01.2020	13.263739637703408
25.01.2020	13.31073794484671
26.01.2020	13.302540415704389
27.01.2020	13.186813186813186
28.01.2020	13.269851021348487
29.01.2020	13.188826133414747
30.01.2020	13.391196528208308
31.01.2020	13.314840499306518
01.02.2020	13.316892725030826
02.02.2020	13.217072051399725
03.02.2020	13.243408951563458
04.02.2020	13.158696314346635
05.02.2020	13.382899628252789
06.02.2020	13.259668508287293
07.02.2020	13.273928406821325
08.02.2020	13.360136075460028
09.02.2020	13.31073794484671
10.02.2020	13.106796116504855
11.02.2020	13.223140495867769
12.02.2020	13.368404765588735
13.02.2020	13.33127603764851
14.02.2020	13.306637917757586
15.02.2020	13.349814585908529
16.02.2020	13.186813186813186
17.02.2020	13.401582131223826
18.02.2020	13.333333333333334
19.02.2020	13.126709206927986
20.02.2020	13.333333333333334
21.02.2020	13.343629343629344
22.02.2020	13.235294117647058
23.02.2020	13.227189222290264
24.02.2020	13.33127603764851
25.02.2020	13.382899628252789
26.02.2020	13.235294117647058
27.02.2020	13.265776140027636
28.02.2020	13.29026303645593
29.02.2020	13.25356649792913
01.03.2020	13.302540415704389
02.03.2020	13.225164549211694
03.03.2020	13.29026303645593
04.03.2020	13.219094247246023
05.03.2020	13.481042284287721
06.03.2020	13.15468940316687
07.03.2020	13.211009174311927
08.03.2020	13.186813186813186
09.03.2020	13.434924584046026
10.03.2020	13.296398891966758
11.03.2020	13.233266962781437
12.03.2020	13.399503722084367
13.03.2020	13.538075838295205
14.03.2020	13.312788906009246
15.03.2020	13.265776140027636
16.03.2020	13.316892725030826
17.03.2020	13.273928406821325
18.03.2020	13.229214515388149
19.03.2020	13.329219376735576
20.03.2020	13.424487259167185
21.03.2020	13.40782122905028
22.03.2020	13.714285714285714
23.03.2020	13.399503722084367
24.03.2020	13.610586011342155
25.03.2020	13.555067461562597
26.03.2020	13.337449830194505
27.03.2020	13.18278913640525
28.03.2020	13.316892725030826
29.03.2020	13.144682793245094
30.03.2020	13.323053199691596
31.03.2020	13.349814585908529
01.04.2020	13.184800854570426
02.04.2020	13.325107958050586
03.04.2020	13.237321893672437
04.04.2020	13.31073794484671
05.04.2020	13.278008298755188
06.04.2020	13.430747707135085
07.04.2020	13.18278913640525
08.04.2020	13.288219009535528
09.04.2020	13.335391264083963
10.04.2020	13.261703760552571
11.04.2020	13.474734872114785
12.04.2020	13.128703844400547
13.04.2020	13.271889400921658
14.04.2020	13.329219376735576
15.04.2020	13.31073794484671
16.04.2020	13.356005565002318
17.04.2020	13.405740884406518
18.04.2020	13.40782122905028
19.04.2020	13.318945583474642
20.04.2020	13.300492610837438
21.04.2020	13.422401739940966
22.04.2020	13.33127603764851
23.04.2020	13.387046792686705
24.04.2020	13.341568869672637
25.04.2020	13.462137737612963
26.04.2020	13.378755032517807
27.04.2020	13.389121338912133
28.04.2020	13.457943925233645
29.04.2020	13.23935029114312
30.04.2020	13.548690606868433
01.05.2020	13.343629343629344
02.05.2020	13.351877607788595
03.05.2020	13.455847998754088
04.05.2020	13.208989451154258
05.05.2020	13.280049185367353
06.05.2020	13.529595991230817
07.05.2020	13.384972889233152
08.05.2020	13.269851021348487
09.05.2020	13.504220068771492
10.05.2020	13.306637917757586
11.05.2020	13.426573426573427
12.05.2020	13.504220068771492
13.05.2020	13.325107958050586
14.05.2020	13.384972889233152
15.05.2020	13.451658103689864
16.05.2020	13.495782567947517
17.05.2020	13.351877607788595
18.05.2020	13.487355604121136
19.05.2020	13.529595991230817
20.05.2020	13.384972889233152
21.05.2020	13.384972889233152
22.05.2020	13.599874075240043
23.05.2020	13.265776140027636
24.05.2020	13.476836686944315
25.05.2020	13.578500707213578
26.05.2020	13.337449830194505
27.05.2020	13.40782122905028
28.05.2020	13.472633712770934
29.05.2020	13.428660242461921
30.05.2020	13.416149068322982
31.05.2020	13.343629343629344
01.06.2020	13.497890954538354
02.06.2020	13.378755032517807
03.06.2020	13.497890954538354
04.06.2020	13.443286136611171
05.06.2020	13.325107958050586
06.06.2020	13.426573426573427
07.06.2020	13.362202288895762
08.06.2020	13.476836686944315
09.06.2020	13.333333333333334
10.06.2020	13.559322033898304
11.06.2020	13.378755032517807
12.06.2020	13.280049185367353
13.06.2020	13.316892725030826
14.06.2020	13.23935029114312
15.06.2020	13.370473537604457
16.06.2020	13.426573426573427
17.06.2020	13.46633416458853
18.06.2020	13.395348837209303
19.06.2020	13.286175611256343
20.06.2020	13.368404765588735
21.06.2020	13.282090699461952
22.06.2020	13.384972889233152
23.06.2020	13.411983855945358
24.06.2020	13.327163350300786
25.06.2020	13.395348837209303
26.06.2020	13.399503722084367
27.06.2020	13.574234092694423
28.06.2020	13.196884069039255
29.06.2020	13.51478179258564
30.06.2020	13.335391264083963
01.07.2020	13.481042284287721
02.07.2020	13.411983855945358
03.07.2020	13.343629343629344
04.07.2020	13.443286136611171
05.07.2020	13.304588851247305
06.07.2020	13.380827009447112
07.07.2020	13.308687615526802
08.07.2020	13.280049185367353
09.07.2020	13.437013996889581
10.07.2020	13.487355604121136
11.07.2020	13.225164549211694
12.07.2020	13.31073794484671
13.07.2020	13.306637917757586
14.07.2020	13.487355604121136
15.07.2020	13.364269141531322
16.07.2020	13.470533208606174
17.07.2020	13.387046792686705
18.07.2020	13.23935029114312
19.07.2020	13.393272360874283
20.07.2020	13.424487259167185
21.07.2020	13.5423197492163
22.07.2020	13.374613003095975
23.07.2020	13.247470101195953
24.07.2020	13.288219009535528
25.07.2020	13.595594020456334
26.07.2020	13.316892725030826
27.07.2020	13.40782122905028
28.07.2020	13.341568869672637
29.07.2020	13.267813267813267
30.07.2020	13.529595991230817
31.07.2020	13.335391264083963
01.08.2020	13.257633880619917
02.08.2020	13.32099907493062
03.08.2020	13.341568869672637
04.08.2020	13.437013996889581
05.08.2020	13.380827009447112
06.08.2020	13.261703760552571
07.08.2020	13.327163350300786
08.08.2020	13.380827009447112
09.08.2020	13.2312404287902
10.08.2020	13.329219376735576
11.08.2020	13.358070500927644
12.08.2020	13.278008298755188
13.08.2020	13.335391264083963
14.08.2020	13.284132841328413
15.08.2020	13.343629343629344
16.08.2020	13.282090699461952
17.08.2020	13.504220068771492
18.08.2020	13.168724279835391
19.08.2020	13.278008298755188
20.08.2020	13.223140495867769
21.08.2020	13.312788906009246
22.08.2020	13.382899628252789
23.08.2020	13.136688459784096
24.08.2020	13.259668508287293
25.08.2020	13.447470817120623
26.08.2020	13.102820746132847
27.08.2020	13.298445436355241
28.08.2020	13.225164549211694
29.08.2020	13.2759680393362
30.08.2020	13.229214515388149
31.08.2020	13.106796116504855
01.09.2020	13.229214515388149
02.09.2020	13.31073794484671
03.09.2020	13.368404765588735
04.09.2020	13.077039503556835
05.09.2020	13.206970345460103
06.09.2020	13.069127212222055
07.09.2020	13.353941267387944
08.09.2020	13.245439215085083
09.09.2020	13.312788906009246
10.09.2020	13.271889400921658
11.09.2020	13.148683609800639
12.09.2020	13.29026303645593
13.09.2020	13.200916730328496
14.09.2020	13.378755032517807
15.09.2020	13.188826133414747
16.09.2020	13.387046792686705
17.09.2020	13.110773899848255
18.09.2020	13.426573426573427
19.09.2020	13.23935029114312
20.09.2020	13.104808129834673
21.09.2020	13.156692553677479
22.09.2020	13.418232644820625
23.09.2020	13.237321893672437
24.09.2020	13.265776140027636
25.09.2020	13.391196528208308
26.09.2020	13.445378151260504
27.09.2020	13.5678391959799
28.09.2020	13.49156777014366
29.09.2020	13.527477689055894
30.09.2020	13.49156777014366
01.10.2020	13.447470817120623
02.10.2020	13.58277000471624
03.10.2020	13.552941176470588
04.10.2020	13.557194413933782
05.10.2020	13.403661185231151
06.10.2020	13.349814585908529
07.10.2020	13.634211772131923
08.10.2020	13.712109189017616
09.10.2020	13.54656632173095
10.10.2020	13.273928406821325
11.10.2020	13.152686862536155
12.10.2020	13.380827009447112
13.10.2020	13.142683297839975
14.10.2020	13.215050474151116
15.10.2020	13.160700685453161
16.10.2020	13.300492610837438
17.10.2020	13.237321893672437
18.10.2020	13.395348837209303
19.10.2020	13.102820746132847
20.10.2020	13.282090699461952
21.10.2020	13.265776140027636
22.10.2020	13.215050474151116
23.10.2020	13.345690454124188
24.10.2020	13.126709206927986
25.10.2020	13.335391264083963
26.10.2020	13.362202288895762
27.10.2020	13.150684931506849
28.10.2020	13.188826133414747
29.10.2020	13.23935029114312
30.10.2020	13.31073794484671
31.10.2020	13.23935029114312
01.11.2020	13.269851021348487
02.11.2020	13.345690454124188
03.11.2020	13.255599877262965
04.11.2020	13.237321893672437
05.11.2020	13.263739637703408
06.11.2020	13.213029515216395
07.11.2020	13.292307692307693
08.11.2020	13.215050474151116
09.11.2020	13.278008298755188
10.11.2020	13.391196528208308
11.11.2020	13.235294117647058
12.11.2020	13.267813267813267
13.11.2020	13.223140495867769
14.11.2020	13.206970345460103
15.11.2020	13.198900091659029
16.11.2020	13.341568869672637
17.11.2020	13.19083969465649
18.11.2020	13.382899628252789
19.11.2020	13.073082160689967
20.11.2020	13.391196528208308
21.11.2020	13.158696314346635
22.11.2020	13.273928406821325
23.11.2020	13.393272360874283
24.11.2020	13.156692553677479
25.11.2020	13.356005565002318
26.11.2020	13.225164549211694
27.11.2020	13.464235624123422
28.11.2020	13.092892862554933
29.11.2020	13.267813267813267
30.11.2020	13.150684931506849
01.12.2020	13.25356649792913
02.12.2020	13.414066138798324
03.12.2020	13.172739746912638
04.12.2020	13.397425957512793
05.12.2020	13.302540415704389
06.12.2020	13.174748398902103
07.12.2020	13.364269141531322
08.12.2020	13.325107958050586
09.12.2020	13.084961381190368
10.12.2020	13.447470817120623
11.12.2020	13.32099907493062
12.12.2020	13.31073794484671
13.12.2020	13.318945583474642
14.12.2020	13.243408951563458
15.12.2020	13.314840499306518
16.12.2020	13.221117061973986
17.12.2020	13.211009174311927
18.12.2020	13.31073794484671
19.12.2020	13.263739637703408
20.12.2020	13.206970345460103
21.12.2020	13.284132841328413
22.12.2020	13.288219009535528
23.12.2020	13.096862210095498
24.12.2020	13.353941267387944
25.12.2020	13.426573426573427
26.12.2020	13.124715175451922
27.12.2020	13.2759680393362
28.12.2020	13.096862210095498
29.12.2020	13.478939157566302
30.12.2020	13.202933985330073
31.12.2020	13.288219009535528
01.01.2021	13.200916730328496
02.01.2021	13.088925920315104
03.01.2021	13.341568869672637
04.01.2021	13.257633880619917
05.01.2021	13.227189222290264
06.01.2021	13.323053199691596
07.01.2021	13.424487259167185
08.01.2021	13.104808129834673
09.01.2021	13.341568869672637
10.01.2021	13.18278913640525
11.01.2021	13.184800854570426
12.01.2021	13.180778032036613
13.01.2021	13.168724279835391
14.01.2021	13.487355604121136
15.01.2021	13.128703844400547
16.01.2021	13.2759680393362
17.01.2021	13.304588851247305
18.01.2021	13.300492610837438
19.01.2021	13.225164549211694
20.01.2021	13.13469139556096
21.01.2021	13.337449830194505
22.01.2021	13.33127603764851
23.01.2021	13.208989451154258
24.01.2021	13.33127603764851
25.01.2021	13.243408951563458
26.01.2021	13.263739637703408
27.01.2021	13.358070500927644
28.01.2021	13.296398891966758
29.01.2021	13.389121338912133
30.01.2021	13.52112676056338
31.01.2021	13.017929787554618
01.02.2021	13.314840499306518
02.02.2021	13.304588851247305
03.02.2021	13.325107958050586
04.02.2021	13.259668508287293
05.02.2021	13.401582131223826
06.02.2021	13.25356649792913
07.02.2021	13.18278913640525
08.02.2021	13.358070500927644
09.02.2021	13.323053199691596
10.02.2021	13.235294117647058
11.02.2021	13.257633880619917
12.02.2021	13.243408951563458
13.02.2021	13.451658103689864
14.02.2021	13.172739746912638
15.02.2021	13.300492610837438
16.02.2021	13.323053199691596
17.02.2021	13.192853870819972
18.02.2021	13.401582131223826
19.02.2021	13.136688459784096
20.02.2021	13.302540415704389
21.02.2021	13.323053199691596
22.02.2021	13.300492610837438
23.02.2021	13.288219009535528
24.02.2021	13.356005565002318
25.02.2021	13.261703760552571
26.02.2021	13.156692553677479
27.02.2021	13.314840499306518
28.02.2021	13.360136075460028
01.03.2021	13.341568869672637
02.03.2021	13.19083969465649
03.03.2021	13.48314606741573
04.03.2021	13.261703760552571
05.03.2021	13.241379310344827
06.03.2021	13.16471126009447
07.03.2021	13.33950903195924
08.03.2021	13.292307692307693
09.03.2021	13.430747707135085
10.03.2021	13.227189222290264
11.03.2021	13.468433359314108
12.03.2021	13.353941267387944
13.03.2021	13.267813267813267
14.03.2021	13.247470101195953
15.03.2021	13.422401739940966
16.03.2021	13.251533742331288
17.03.2021	13.325107958050586
18.03.2021	13.29026303645593
19.03.2021	13.280049185367353
20.03.2021	13.237321893672437
21.03.2021	13.455847998754088
22.03.2021	13.312788906009246
23.03.2021	13.282090699461952
24.03.2021	13.325107958050586
25.03.2021	13.263739637703408
26.03.2021	13.213029515216395
27.03.2021	13.323053199691596
28.03.2021	13.306637917757586
29.03.2021	13.269851021348487
30.03.2021	13.255599877262965
31.03.2021	13.391196528208308
01.04.2021	13.259668508287293
02.04.2021	13.387046792686705
03.04.2021	13.237321893672437
04.04.2021	13.168724279835391
05.04.2021	13.271889400921658
06.04.2021	13.327163350300786
07.04.2021	13.217072051399725
08.04.2021	13.384972889233152
09.04.2021	13.380827009447112
10.04.2021	13.126709206927986
11.04.2021	13.198900091659029
12.04.2021	13.259668508287293
13.04.2021	13.345690454124188
14.04.2021	13.397425957512793
15.04.2021	13.292307692307693
16.04.2021	13.430747707135085
17.04.2021	13.360136075460028
18.04.2021	13.29026303645593
19.04.2021	13.5
20.04.2021	13.130699088145896
21.04.2021	13.25356649792913
22.04.2021	13.464235624123422
23.04.2021	13.395348837209303
24.04.2021	13.292307692307693
25.04.2021	13.223140495867769
26.04.2021	13.351877607788595
27.04.2021	13.316892725030826
28.04.2021	13.368404765588735
29.04.2021	13.325107958050586
30.04.2021	13.393272360874283
01.05.2021	13.314840499306518
02.05.2021	13.462137737612963
03.05.2021	13.278008298755188
04.05.2021	13.284132841328413
05.05.2021	13.255599877262965
06.05.2021	13.362202288895762
07.05.2021	13.401582131223826
08.05.2021	13.32099907493062
09.05.2021	13.337449830194505
10.05.2021	13.257633880619917
11.05.2021	13.401582131223826
12.05.2021	13.418232644820625
13.05.2021	13.215050474151116
14.05.2021	13.33950903195924
15.05.2021	13.345690454124188
16.05.2021	13.378755032517807
17.05.2021	13.460040504751518
18.05.2021	13.368404765588735
19.05.2021	13.451658103689864
20.05.2021	13.368404765588735
21.05.2021	13.478939157566302
22.05.2021	13.370473537604457
23.05.2021	13.387046792686705
24.05.2021	13.318945583474642
25.05.2021	13.49156777014366
26.05.2021	13.434924584046026
27.05.2021	13.447470817120623
28.05.2021	13.368404765588735
29.05.2021	13.360136075460028
30.05.2021	13.464235624123422
31.05.2021	13.451658103689864
01.06.2021	13.337449830194505
02.06.2021	13.280049185367353
03.06.2021	13.43910405972935
04.06.2021	13.25356649792913
05.06.2021	13.428660242461921
06.06.2021	13.227189222290264
07.06.2021	13.434924584046026
08.06.2021	13.343629343629344
09.06.2021	13.422401739940966
10.06.2021	13.370473537604457
11.06.2021	13.387046792686705
12.06.2021	13.428660242461921
13.06.2021	13.347752201452186
14.06.2021	13.434924584046026
15.06.2021	13.282090699461952
16.06.2021	13.50210970464135
17.06.2021	13.349814585908529
18.06.2021	13.489461358313818
19.06.2021	13.445378151260504
20.06.2021	13.356005565002318
21.06.2021	13.679544015199493
22.06.2021	13.422401739940966
23.06.2021	13.43910405972935
24.06.2021	13.462137737612963
25.06.2021	13.623462630085147
26.06.2021	13.443286136611171
27.06.2021	13.399503722084367
28.06.2021	13.362202288895762
29.06.2021	13.487355604121136
30.06.2021	13.384972889233152
01.07.2021	13.606299212598426
02.07.2021	13.422401739940966
03.07.2021	13.464235624123422
04.07.2021	13.378755032517807
05.07.2021	13.460040504751518
06.07.2021	13.447470817120623
07.07.2021	13.52112676056338
08.07.2021	13.395348837209303
09.07.2021	13.487355604121136
10.07.2021	13.401582131223826
11.07.2021	13.451658103689864
12.07.2021	13.548690606868433
13.07.2021	13.699064531472967
14.07.2021	13.52112676056338
15.07.2021	13.443286136611171
16.07.2021	13.62991008045433
17.07.2021	13.591316658801322
18.07.2021	13.561450321770522
19.07.2021	13.426573426573427
20.07.2021	13.62991008045433
21.07.2021	13.470533208606174
22.07.2021	13.453752725007785
23.07.2021	13.614875512133628
24.07.2021	13.380827009447112
25.07.2021	13.497890954538354
26.07.2021	13.632060586935943
27.07.2021	13.764537199299028
28.07.2021	13.733905579399142
29.07.2021	13.593455003146634
30.07.2021	13.786500718046913
31.07.2021	13.718640838361384
01.08.2021	13.683877098511244
02.08.2021	13.50844277673546
03.08.2021	13.614875512133628
04.08.2021	13.66656121480544
05.08.2021	13.608442274373918
06.08.2021	13.393272360874283
07.08.2021	13.192853870819972
08.08.2021	13.300492610837438
09.08.2021	13.282090699461952
10.08.2021	13.278008298755188
11.08.2021	13.497890954538354
12.08.2021	13.271889400921658
13.08.2021	13.345690454124188
14.08.2021	13.292307692307693
15.08.2021	13.457943925233645
16.08.2021	13.292307692307693
17.08.2021	13.259668508287293
18.08.2021	13.50210970464135
19.08.2021	13.160700685453161
20.08.2021	13.376683697166744
21.08.2021	13.434924584046026
22.08.2021	13.249501610182488
23.08.2021	13.481042284287721
24.08.2021	13.273928406821325
25.08.2021	13.418232644820625
26.08.2021	13.284132841328413
27.08.2021	13.434924584046026
28.08.2021	13.374613003095975
29.08.2021	13.314840499306518
30.08.2021	13.349814585908529
31.08.2021	13.409902219462984
01.09.2021	13.384972889233152
02.09.2021	13.208989451154258
03.09.2021	13.31073794484671
04.09.2021	13.43910405972935
05.09.2021	13.233266962781437
06.09.2021	13.376683697166744
07.09.2021	13.464235624123422
08.09.2021	13.302540415704389
09.09.2021	13.362202288895762
10.09.2021	13.376683697166744
11.09.2021	13.50844277673546
12.09.2021	13.215050474151116
13.09.2021	13.474734872114785
14.09.2021	13.37254295000774
15.09.2021	13.387046792686705
16.09.2021	13.308687615526802
17.09.2021	13.360136075460028
18.09.2021	13.393272360874283
19.09.2021	13.2759680393362
20.09.2021	13.432835820895523
21.09.2021	13.300492610837438
22.09.2021	13.422401739940966
23.09.2021	13.476836686944315
24.09.2021	13.384972889233152
25.09.2021	13.144682793245094
26.09.2021	13.495782567947517
27.09.2021	13.387046792686705
28.09.2021	13.589178987102862
29.09.2021	13.474734872114785
30.09.2021	13.632060586935943
01.10.2021	13.323053199691596
02.10.2021	13.525360050093926
03.10.2021	13.578500707213578
04.10.2021	13.572101790763432
05.10.2021	13.476836686944315
06.10.2021	13.443286136611171
07.10.2021	13.66223908918406
08.10.2021	13.464235624123422
09.10.2021	13.608442274373918
10.10.2021	13.552941176470588
11.10.2021	13.538075838295205
12.10.2021	13.599874075240043
13.10.2021	13.670886075949367
14.10.2021	13.649289099526067
15.10.2021	13.675213675213675
16.10.2021	13.351877607788595
17.10.2021	13.531714956930305
18.10.2021	13.679544015199493
19.10.2021	13.416149068322982
20.10.2021	13.597733711048159
21.10.2021	13.318945583474642
22.10.2021	13.476836686944315
23.10.2021	13.610586011342155
24.10.2021	13.58704198773392
25.10.2021	13.462137737612963
26.10.2021	13.470533208606174
27.10.2021	13.617021276595745
28.10.2021	13.48314606741573
29.10.2021	13.5678391959799
30.10.2021	13.617021276595745
31.10.2021	13.677378502453696
01.11.2021	13.451658103689864
02.11.2021	13.696892834495879
03.11.2021	13.531714956930305
04.11.2021	13.753581661891117
05.11.2021	13.403661185231151
06.11.2021	13.62991008045433
07.11.2021	13.389121338912133
08.11.2021	13.614875512133628
09.11.2021	13.559322033898304
10.11.2021	13.538075838295205
11.11.2021	13.557194413933782
12.11.2021	13.455847998754088
13.11.2021	13.657919696490673
14.11.2021	13.617021276595745
15.11.2021	13.67304953315398
16.11.2021	13.81515829868884
17.11.2021	13.52112676056338
18.11.2021	13.559322033898304
19.11.2021	13.86392811296534
20.11.2021	13.725178713264496
21.11.2021	13.742643550182917
22.11.2021	13.569970158630438
23.11.2021	13.62991008045433
24.11.2021	13.705583756345177
25.11.2021	13.707758210376012
26.11.2021	13.895143132840142
27.11.2021	13.529595991230817
28.11.2021	13.81074168797954
29.11.2021	13.919768003866603
30.11.2021	13.804122064227512
01.12.2021	13.852813852813853
02.12.2021	13.832853025936599
03.12.2021	13.727359389895138
04.12.2021	13.987372510927635
05.12.2021	13.872832369942197
06.12.2021	13.773314203730273
07.12.2021	13.788700925630387
08.12.2021	13.879518072289157
09.12.2021	13.753581661891117
10.12.2021	13.443286136611171
11.12.2021	13.314840499306518
12.12.2021	13.245439215085083
13.12.2021	13.32099907493062
14.12.2021	13.519011109372554
15.12.2021	13.337449830194505
16.12.2021	13.506331092699703
17.12.2021	13.356005565002318
18.12.2021	13.2759680393362
19.12.2021	13.387046792686705
20.12.2021	13.200916730328496
21.12.2021	13.411983855945358
22.12.2021	13.445378151260504
23.12.2021	13.468433359314108
24.12.2021	13.358070500927644
25.12.2021	13.374613003095975
26.12.2021	13.360136075460028
27.12.2021	13.33950903195924
28.12.2021	13.411983855945358
29.12.2021	13.25356649792913
30.12.2021	13.432835820895523
31.12.2021	13.544442702617966
01.01.2022	13.280049185367353
02.01.2022	13.302540415704389
03.01.2022	13.37254295000774
04.01.2022	13.304588851247305
05.01.2022	13.374613003095975
06.01.2022	13.516896120150188
07.01.2022	13.451658103689864
08.01.2022	13.235294117647058
09.01.2022	13.278008298755188
10.01.2022	13.4411947728687
11.01.2022	13.223140495867769
12.01.2022	13.368404765588735
13.01.2022	13.411983855945358
14.01.2022	13.399503722084367
15.01.2022	13.316892725030826
16.01.2022	13.280049185367353
17.01.2022	13.349814585908529
18.01.2022	13.362202288895762
19.01.2022	13.343629343629344
20.01.2022	13.312788906009246
21.01.2022	13.51478179258564
22.01.2022	13.178767541183648
23.01.2022	13.382899628252789
24.01.2022	13.397425957512793
25.01.2022	13.374613003095975
26.01.2022	13.443286136611171
27.01.2022	13.304588851247305
28.01.2022	13.347752201452186
29.01.2022	13.37254295000774
30.01.2022	13.211009174311927
31.01.2022	13.360136075460028
01.02.2022	13.288219009535528
02.02.2022	13.384972889233152
03.02.2022	13.449564134495642
04.02.2022	13.172739746912638
05.02.2022	13.527477689055894
06.02.2022	13.206970345460103
07.02.2022	13.364269141531322
08.02.2022	13.437013996889581
09.02.2022	13.33950903195924
10.02.2022	13.42031686859273
11.02.2022	13.251533742331288
12.02.2022	13.351877607788595
13.02.2022	13.353941267387944
14.02.2022	13.393272360874283
15.02.2022	13.251533742331288
16.02.2022	13.476836686944315
17.02.2022	13.341568869672637
18.02.2022	13.462137737612963
19.02.2022	13.485250507257687
20.02.2022	13.255599877262965
21.02.2022	13.428660242461921
22.02.2022	13.368404765588735
23.02.2022	13.318945583474642
24.02.2022	13.323053199691596
25.02.2022	13.437013996889581
26.02.2022	13.374613003095975
27.02.2022	13.316892725030826
28.02.2022	13.449564134495642
01.03.2022	13.302540415704389
02.03.2022	13.49156777014366
03.03.2022	13.391196528208308
04.03.2022	13.298445436355241
05.03.2022	13.550815558343789
06.03.2022	13.455847998754088
07.03.2022	13.401582131223826
08.03.2022	13.516896120150188
09.03.2022	13.2759680393362
10.03.2022	13.333333333333334
11.03.2022	13.647133154320013
12.03.2022	13.273928406821325
13.03.2022	13.655761024182077
14.03.2022	13.378755032517807
15.03.2022	13.487355604121136
16.03.2022	13.519011109372554
17.03.2022	13.443286136611171
18.03.2022	13.462137737612963
19.03.2022	13.397425957512793
20.03.2022	13.445378151260504
21.03.2022	13.485250507257687
22.03.2022	13.403661185231151
23.03.2022	13.416149068322982
24.03.2022	13.449564134495642
25.03.2022	13.447470817120623
26.03.2022	13.48314606741573
27.03.2022	13.510555121188428
28.03.2022	13.360136075460028
29.03.2022	13.391196528208308
30.03.2022	13.512668126368471
31.03.2022	13.470533208606174
01.04.2022	13.434924584046026
02.04.2022	13.589178987102862
03.04.2022	13.445378151260504
04.04.2022	13.66223908918406
05.04.2022	13.42031686859273
06.04.2022	13.462137737612963
07.04.2022	13.453752725007785
08.04.2022	13.62991008045433
09.04.2022	13.43910405972935
10.04.2022	13.497890954538354
11.04.2022	13.401582131223826
12.04.2022	13.403661185231151
13.04.2022	13.688212927756654
14.04.2022	13.478939157566302
15.04.2022	13.455847998754088
16.04.2022	13.49156777014366
17.04.2022	13.434924584046026
18.04.2022	13.606299212598426
19.04.2022	13.476836686944315
20.04.2022	13.445378151260504
21.04.2022	13.733905579399142
22.04.2022	13.470533208606174
23.04.2022	13.561450321770522
24.04.2022	13.555067461562597
25.04.2022	13.623462630085147
26.04.2022	13.670886075949367
27.04.2022	13.538075838295205
28.04.2022	13.610586011342155
29.04.2022	13.550815558343789
30.04.2022	13.608442274373918
01.05.2022	13.540197461212976
02.05.2022	13.58704198773392
03.05.2022	13.632060586935943
04.05.2022	13.806327900287632
05.05.2022	13.725178713264496
06.05.2022	13.703409992069785
07.05.2022	13.806327900287632
08.05.2022	13.642823306489815
09.05.2022	13.946731234866828
10.05.2022	13.917525773195877
11.05.2022	13.632060586935943
12.05.2022	13.96250808015514
13.05.2022	13.569970158630438
14.05.2022	13.852813852813853
15.05.2022	13.738273175385594
16.05.2022	13.740458015267176
17.05.2022	13.747016706443913
18.05.2022	13.832853025936599
19.05.2022	14.136125654450261
20.05.2022	14.03964900877478
21.05.2022	14.025974025974026
22.05.2022	14.113034955896765
23.05.2022	13.892908827785817
24.05.2022	14.224563714191637
25.05.2022	14.014598540145986
26.05.2022	14.182534471437952
27.05.2022	13.895143132840142
28.05.2022	14.012325656827764
29.05.2022	14.032808185804775
30.05.2022	14.173228346456693
31.05.2022	14.057923852912463
01.06.2022	14.119954240889035
02.06.2022	14.025974025974026
03.06.2022	14.083129584352077
04.06.2022	14.6465502627564
05.06.2022	14.547903687489477
06.06.2022	14.911977908180877
07.06.2022	14.503944938727548
08.06.2022	14.686384497705252
09.06.2022	14.87603305785124
10.06.2022	14.651517720875022
11.06.2022	14.728946471189907
12.06.2022	14.79705429011817
13.06.2022	14.80719794344473
14.06.2022	15.033930746476422
15.06.2022	15.02608695652174
16.06.2022	14.845360824742269
17.06.2022	14.718909710391824
18.06.2022	14.855570839064649
19.06.2022	15.128699001926108
20.06.2022	14.716402657128258
21.06.2022	15.809698078682525
22.06.2022	16.134453781512605
23.06.2022	16.274251271425882
24.06.2022	16.101379053298547
25.06.2022	16.158593603890033
26.06.2022	16.271186440677965
27.06.2022	15.967473664756977
28.06.2022	16.265060240963855
29.06.2022	16.204051012753187
30.06.2022	15.35181236673774
01.07.2022	13.384972889233152
02.07.2022	13.316892725030826
03.07.2022	13.211009174311927
04.07.2022	13.426573426573427
05.07.2022	13.33950903195924
06.07.2022	13.333333333333334
07.07.2022	13.460040504751518
08.07.2022	13.184800854570426
09.07.2022	13.470533208606174
10.07.2022	13.302540415704389
11.07.2022	13.325107958050586
12.07.2022	13.269851021348487
13.07.2022	13.474734872114785
14.07.2022	13.211009174311927
15.07.2022	13.424487259167185
16.07.2022	13.399503722084367
17.07.2022	13.445378151260504
18.07.2022	13.382899628252789
19.07.2022	13.341568869672637
20.07.2022	13.409902219462984
21.07.2022	13.345690454124188
22.07.2022	13.358070500927644
23.07.2022	13.382899628252789
24.07.2022	13.497890954538354
25.07.2022	13.510555121188428
26.07.2022	13.5423197492163
27.07.2022	13.430747707135085
28.07.2022	13.42031686859273
29.07.2022	13.451658103689864
30.07.2022	13.455847998754088
31.07.2022	13.493674839918787
01.08.2022	13.414066138798324
02.08.2022	13.403661185231151
03.08.2022	13.595594020456334
04.08.2022	13.523243074033495
05.08.2022	13.267813267813267
06.08.2022	13.531714956930305
07.08.2022	13.395348837209303
08.08.2022	13.451658103689864
09.08.2022	13.617021276595745
10.08.2022	13.552941176470588
11.08.2022	13.683877098511244
12.08.2022	13.621314835251459
13.08.2022	13.5423197492163
14.08.2022	13.675213675213675
15.08.2022	13.777706904799873
16.08.2022	13.540197461212976
17.08.2022	13.742643550182917
18.08.2022	13.619167717528374
19.08.2022	13.808534441425603
20.08.2022	13.599874075240043
21.08.2022	13.578500707213578
22.08.2022	13.790901835594573
23.08.2022	13.599874075240043
24.08.2022	13.81074168797954
25.08.2022	13.91304347826087
26.08.2022	13.852813852813853
27.08.2022	13.855035279025016
28.08.2022	13.848373136720628
29.08.2022	13.655761024182077
30.08.2022	13.910803413298986
31.08.2022	13.824
01.09.2022	13.795305764010857
02.09.2022	13.72954075957413
03.09.2022	13.935483870967742
04.09.2022	13.78210240867762
05.09.2022	14.000972289742343
06.09.2022	13.804122064227512
07.09.2022	13.895143132840142
08.09.2022	13.731722822631914
09.09.2022	14.245671887881286
10.09.2022	14.295168762409
11.09.2022	14.243323442136498
12.09.2022	14.288076732263933
13.09.2022	14.248021108179419
14.09.2022	14.619289340101522
15.09.2022	12.841854934601665
16.09.2022	12.182741116751268
17.09.2022	12.11781206171108
18.09.2022	12.11781206171108
19.09.2022	12.124614089250631
20.09.2022	12.104230876996358
21.09.2022	12.248369719308194
22.09.2022	12.078848035789179
23.09.2022	12.05525324403516
24.09.2022	12.053571428571429
25.09.2022	12.053571428571429
26.09.2022	12.085606378514477
27.09.2022	12.099145777902255
28.09.2022	12.061985201731119
29.09.2022	12.077159630975679
30.09.2022	12.06030150753769
01.10.2022	12.105926860025221
02.10.2022	12.041811846689896
03.10.2022	12.07209724745005
04.10.2022	12.112715547455489
05.10.2022	12.08729714605484
06.10.2022	12.07209724745005
07.10.2022	12.090680100755668
08.10.2022	12.051890082298787
09.10.2022	12.063669366098855
10.10.2022	12.058618283321703
11.10.2022	12.06030150753769
12.10.2022	12.06030150753769
13.10.2022	12.07209724745005
14.10.2022	12.063669366098855
15.10.2022	12.05525324403516
16.10.2022	12.07209724745005
17.10.2022	12.077159630975679
18.10.2022	12.05020920502092
19.10.2022	12.077159630975679
20.10.2022	12.058618283321703
21.10.2022	12.058618283321703
22.10.2022	12.056935528886408
23.10.2022	12.061985201731119
24.10.2022	12.134831460674157
25.10.2022	12.080536912751677
26.10.2022	12.05525324403516
27.10.2022	12.063669366098855
28.10.2022	12.080536912751677
29.10.2022	12.083916083916083
30.10.2022	12.053571428571429
31.10.2022	12.061985201731119
01.11.2022	12.104230876996358
02.11.2022	12.073784237003913
03.11.2022	12.075471698113208
04.11.2022	12.053571428571429
05.11.2022	12.07209724745005
06.11.2022	12.053571428571429
07.11.2022	12.053571428571429
08.11.2022	12.058618283321703
09.11.2022	12.088988386735693
10.11.2022	12.065354000837871
11.11.2022	12.08222626206125
12.11.2022	12.053571428571429
13.11.2022	12.046848856664807
14.11.2022	12.05525324403516
15.11.2022	12.08222626206125
16.11.2022	12.083916083916083
17.11.2022	12.068724682218187
18.11.2022	12.068724682218187
19.11.2022	12.058618283321703
20.11.2022	12.061985201731119
21.11.2022	12.06030150753769
22.11.2022	12.083916083916083
23.11.2022	12.105926860025221
24.11.2022	12.056935528886408
25.11.2022	12.073784237003913
26.11.2022	12.068724682218187
27.11.2022	12.068724682218187
28.11.2022	12.041811846689896
29.11.2022	12.080536912751677
30.11.2022	12.08222626206125
01.12.2022	12.06030150753769
02.12.2022	12.05525324403516
03.12.2022	12.061985201731119
04.12.2022	12.077159630975679
05.12.2022	12.094064949608063
06.12.2022	12.048528796541627
07.12.2022	12.212014134275618
08.12.2022	12.065354000837871
09.12.2022	12.080536912751677
10.12.2022	12.058618283321703
11.12.2022	12.067039106145252
12.12.2022	12.073784237003913
13.12.2022	12.08222626206125
14.12.2022	12.061985201731119
15.12.2022	12.073784237003913
16.12.2022	12.065354000837871
17.12.2022	12.061985201731119
18.12.2022	12.063669366098855
19.12.2022	12.056935528886408
20.12.2022	12.051890082298787
21.12.2022	12.061985201731119
22.12.2022	12.03342618384401
23.12.2022	12.031750452583205
24.12.2022	12.056935528886408
25.12.2022	12.051890082298787
26.12.2022	12.06030150753769
27.12.2022	12.070410729253982
28.12.2022	12.041811846689896
29.12.2022	12.065354000837871
30.12.2022	12.056935528886408
31.12.2022	12.056935528886408
01.01.2023	12.046848856664807
02.01.2023	12.046848856664807
03.01.2023	12.05020920502092
04.01.2023	12.046848856664807
05.01.2023	12.075471698113208
06.01.2023	12.067039106145252
07.01.2023	12.06030150753769
08.01.2023	12.058618283321703
09.01.2023	12.05525324403516
10.01.2023	12.056935528886408
11.01.2023	12.073784237003913
12.01.2023	12.073784237003913
13.01.2023	12.063669366098855
14.01.2023	12.048528796541627
15.01.2023	12.090680100755668
16.01.2023	12.067039106145252
17.01.2023	12.046848856664807
18.01.2023	12.058618283321703
19.01.2023	12.067039106145252
20.01.2023	12.053571428571429
21.01.2023	12.061985201731119
22.01.2023	12.067039106145252
23.01.2023	12.056935528886408
24.01.2023	12.056935528886408
25.01.2023	12.068724682218187
26.01.2023	12.056935528886408
27.01.2023	12.078848035789179
28.01.2023	12.051890082298787
29.01.2023	12.068724682218187
30.01.2023	12.051890082298787
31.01.2023	12.061985201731119
01.02.2023	12.068724682218187
02.02.2023	12.099145777902255
03.02.2023	12.077159630975679
04.02.2023	12.073784237003913
05.02.2023	12.056935528886408
06.02.2023	12.05525324403516
07.02.2023	12.08729714605484
08.02.2023	12.102535369099314
09.02.2023	12.073784237003913
10.02.2023	12.053571428571429
11.02.2023	12.070410729253982
12.02.2023	12.070410729253982
13.02.2023	12.068724682218187
14.02.2023	12.08729714605484
15.02.2023	12.078848035789179
16.02.2023	12.070410729253982
17.02.2023	12.174158094969705
18.02.2023	12.153608102405402
19.02.2023	12.139946606716313
20.02.2023	12.11951185299481
21.02.2023	12.143359100491919
22.02.2023	12.17587373167982
23.02.2023	12.138241078954763
24.02.2023	12.194777699364856
25.02.2023	12.148481439820022
26.02.2023	12.13653603034134
27.02.2023	12.112715547455489
28.02.2023	12.153608102405402
01.03.2023	12.138241078954763
02.03.2023	12.170728271587548
03.03.2023	12.170728271587548
04.03.2023	12.155317951603827
05.03.2023	12.134831460674157
06.03.2023	12.148481439820022
07.03.2023	12.141652613827993
08.03.2023	12.160450387051373
09.03.2023	12.146773513285533
10.03.2023	12.199943518780005
11.03.2023	12.145066066910317
12.03.2023	12.151898734177216
13.03.2023	12.126315789473685
14.03.2023	12.138241078954763
15.03.2023	12.165587158546888
16.03.2023	12.13312736975144
17.03.2023	12.141652613827993
18.03.2023	12.131423757371525
19.03.2023	12.145066066910317
20.03.2023	12.114413909141895
21.03.2023	12.143359100491919
22.03.2023	12.126315789473685
23.03.2023	12.158739093723614
24.03.2023	12.129720623332865
25.03.2023	12.129720623332865
26.03.2023	12.131423757371525
27.03.2023	12.143359100491919
28.03.2023	12.150189846716355
29.03.2023	12.146773513285533
30.03.2023	12.138241078954763
31.03.2023	12.126315789473685
01.04.2023	12.145066066910317
02.04.2023	12.170728271587548
03.04.2023	12.206838089855891
04.04.2023	12.305939324882495
05.04.2023	12.258796821793416
06.04.2023	12.35167977126519
07.04.2023	12.241428166619439
08.04.2023	12.234494477485132
09.04.2023	12.262276468918536
10.04.2023	12.231030577576444
11.04.2023	12.236227163291318
12.04.2023	12.314709236031927
13.04.2023	13.2759680393362
14.04.2023	12.332286611475878
15.04.2023	12.307692307692308
16.04.2023	12.269241692700938
17.04.2023	12.229299363057326
18.04.2023	12.224108658743633
19.04.2023	12.199943518780005
20.04.2023	12.295431905507328
21.04.2023	12.172442941673712
22.04.2023	12.105926860025221
23.04.2023	12.116112747160287
24.04.2023	12.116112747160287
25.04.2023	12.129720623332865
26.04.2023	12.124614089250631
27.04.2023	12.150189846716355
28.04.2023	12.129720623332865
29.04.2023	12.143359100491919
30.04.2023	12.129720623332865
01.05.2023	12.153608102405402
02.05.2023	12.150189846716355
03.05.2023	12.169014084507042
04.05.2023	12.128017967434026
05.05.2023	12.11781206171108
06.05.2023	12.150189846716355
07.05.2023	12.146773513285533
08.05.2023	12.143359100491919
09.05.2023	12.148481439820022
10.05.2023	12.146773513285533
11.05.2023	12.253581052333002
12.05.2023	12.490964290877548
13.05.2023	12.203389830508474
14.05.2023	12.250106337728626
15.05.2023	12.196499153020891
16.05.2023	12.196499153020891
17.05.2023	12.213740458015268
18.05.2023	12.148481439820022
19.05.2023	12.196499153020891
20.05.2023	12.151898734177216
21.05.2023	12.177589852008456
22.05.2023	12.151898734177216
23.05.2023	12.177589852008456
24.05.2023	12.148481439820022
25.05.2023	12.146773513285533
26.05.2023	12.13312736975144
27.05.2023	12.122912866563771
28.05.2023	12.11781206171108
29.05.2023	12.145066066910317
30.05.2023	12.162162162162161
31.05.2023	12.165587158546888
01.06.2023	12.170728271587548
02.06.2023	12.186177715091679
03.06.2023	12.167300380228136
04.06.2023	12.186177715091679
05.06.2023	12.213740458015268
06.06.2023	12.17587373167982
07.06.2023	12.187896741430386
08.06.2023	12.208562950402714
09.06.2023	12.169014084507042
10.06.2023	12.160450387051373
11.06.2023	12.167300380228136
12.06.2023	12.158739093723614
13.06.2023	12.146773513285533
14.06.2023	12.17587373167982
15.06.2023	12.157028281975517
16.06.2023	12.134831460674157
17.06.2023	12.094064949608063
18.06.2023	12.124614089250631
19.06.2023	12.13312736975144
20.06.2023	12.131423757371525
21.06.2023	12.109320252277506
22.06.2023	12.145066066910317
23.06.2023	12.150189846716355
24.06.2023	12.151898734177216
25.06.2023	12.151898734177216
26.06.2023	12.158739093723614
27.06.2023	12.172442941673712
28.06.2023	12.092372288313506
29.06.2023	12.112715547455489
30.06.2023	12.126315789473685
01.07.2023	12.148481439820022
02.07.2023	12.114413909141895
03.07.2023	12.145066066910317
04.07.2023	12.143359100491919
05.07.2023	12.100840336134453
06.07.2023	12.13312736975144
07.07.2023	12.126315789473685
08.07.2023	12.145066066910317
09.07.2023	12.145066066910317
10.07.2023	12.157028281975517
11.07.2023	12.138241078954763
12.07.2023	12.150189846716355
13.07.2023	12.158739093723614
14.07.2023	12.145066066910317
15.07.2023	12.231030577576444
16.07.2023	12.158739093723614
17.07.2023	12.102535369099314
18.07.2023	12.11781206171108
19.07.2023	12.11781206171108
20.07.2023	12.090680100755668
21.07.2023	12.099145777902255
22.07.2023	12.08222626206125
23.07.2023	12.085606378514477
24.07.2023	12.085606378514477
25.07.2023	12.099145777902255
26.07.2023	12.073784237003913
27.07.2023	12.083916083916083
28.07.2023	12.094064949608063
29.07.2023	12.085606378514477
30.07.2023	12.08729714605484
31.07.2023	12.063669366098855
01.08.2023	12.065354000837871
02.08.2023	12.065354000837871
03.08.2023	12.092372288313506
04.08.2023	12.080536912751677
05.08.2023	12.075471698113208
06.08.2023	12.104230876996358
07.08.2023	12.097451694203304
08.08.2023	12.095758084838304
09.08.2023	12.090680100755668
10.08.2023	12.090680100755668
11.08.2023	12.08729714605484
12.08.2023	12.090680100755668
13.08.2023	12.07209724745005
14.08.2023	12.080536912751677
15.08.2023	12.083916083916083
16.08.2023	12.078848035789179
17.08.2023	12.100840336134453
18.08.2023	12.099145777902255
19.08.2023	12.095758084838304
20.08.2023	12.097451694203304
21.08.2023	12.094064949608063
22.08.2023	12.077159630975679
23.08.2023	12.070410729253982
24.08.2023	12.092372288313506
25.08.2023	12.092372288313506
26.08.2023	12.092372288313506
27.08.2023	12.097451694203304
28.08.2023	12.088988386735693
29.08.2023	12.11781206171108
30.08.2023	12.104230876996358
31.08.2023	12.090680100755668
01.09.2023	12.097451694203304
02.09.2023	12.128017967434026
03.09.2023	12.092372288313506
04.09.2023	12.063669366098855
05.09.2023	12.099145777902255
06.09.2023	12.112715547455489
07.09.2023	12.080536912751677
08.09.2023	12.102535369099314
09.09.2023	12.105926860025221
10.09.2023	12.104230876996358
11.09.2023	12.095758084838304
12.09.2023	12.111017661900757
13.09.2023	12.116112747160287
14.09.2023	12.134831460674157
15.09.2023	12.184459173600338
16.09.2023	12.203389830508474
17.09.2023	12.267499645037626
18.09.2023	12.148481439820022
19.09.2023	12.105926860025221
20.09.2023	12.083916083916083
21.09.2023	12.100840336134453
22.09.2023	12.122912866563771
23.09.2023	12.097451694203304
24.09.2023	12.100840336134453
25.09.2023	12.085606378514477
26.09.2023	12.090680100755668
27.09.2023	12.090680100755668
28.09.2023	12.109320252277506
29.09.2023	12.102535369099314
30.09.2023	12.067039106145252
01.10.2023	12.068724682218187
02.10.2023	12.051890082298787
03.10.2023	12.094064949608063
04.10.2023	12.073784237003913
05.10.2023	12.08222626206125
06.10.2023	12.083916083916083
07.10.2023	12.075471698113208
08.10.2023	12.085606378514477
09.10.2023	12.097451694203304
10.10.2023	12.083916083916083
11.10.2023	12.109320252277506
12.10.2023	12.094064949608063
13.10.2023	12.104230876996358
14.10.2023	12.080536912751677
15.10.2023	12.077159630975679
16.10.2023	12.056935528886408
17.10.2023	12.083916083916083
18.10.2023	12.095758084838304
19.10.2023	12.088988386735693
20.10.2023	12.073784237003913
21.10.2023	12.088988386735693
22.10.2023	12.094064949608063
23.10.2023	12.099145777902255
24.10.2023	12.095758084838304
25.10.2023	12.122912866563771
26.10.2023	12.085606378514477
27.10.2023	12.07209724745005
28.10.2023	12.092372288313506
29.10.2023	12.099145777902255
30.10.2023	12.102535369099314
31.10.2023	12.109320252277506
01.11.2023	12.080536912751677
02.11.2023	12.116112747160287
03.11.2023	12.102535369099314
04.11.2023	12.109320252277506
05.11.2023	12.111017661900757
06.11.2023	12.097451694203304
07.11.2023	12.083916083916083
08.11.2023	12.078848035789179
09.11.2023	12.08222626206125
10.11.2023	12.078848035789179
11.11.2023	12.095758084838304
12.11.2023	12.094064949608063
13.11.2023	12.080536912751677
14.11.2023	12.067039106145252
15.11.2023	12.08729714605484
16.11.2023	12.075471698113208
17.11.2023	12.085606378514477
18.11.2023	12.145066066910317
19.11.2023	12.102535369099314
20.11.2023	12.088988386735693
21.11.2023	12.095758084838304
22.11.2023	12.097451694203304
23.11.2023	12.092372288313506
24.11.2023	12.111017661900757
25.11.2023	12.092372288313506
26.11.2023	12.109320252277506
27.11.2023	12.10762331838565
28.11.2023	12.092372288313506
29.11.2023	12.083916083916083
30.11.2023	12.092372288313506
01.12.2023	12.078848035789179
02.12.2023	12.07209724745005
03.12.2023	12.11781206171108
04.12.2023	12.083916083916083
05.12.2023	12.100840336134453
06.12.2023	12.129720623332865
07.12.2023	12.122912866563771
08.12.2023	12.111017661900757
09.12.2023	12.109320252277506
10.12.2023	12.085606378514477
11.12.2023	12.090680100755668
12.12.2023	12.090680100755668
13.12.2023	12.105926860025221
14.12.2023	12.121212121212121
15.12.2023	12.111017661900757
16.12.2023	12.155317951603827
17.12.2023	12.131423757371525
18.12.2023	12.10762331838565
19.12.2023	12.145066066910317
20.12.2023	12.141652613827993
21.12.2023	12.094064949608063
22.12.2023	12.116112747160287
23.12.2023	12.121212121212121
24.12.2023	12.143359100491919
25.12.2023	12.158739093723614
26.12.2023	12.095758084838304
27.12.2023	12.155317951603827
28.12.2023	12.121212121212121
29.12.2023	12.143359100491919
30.12.2023	12.155317951603827
31.12.2023	12.105926860025221
01.01.2024	12.157028281975517
02.01.2024	12.131423757371525
03.01.2024	12.11951185299481
04.01.2024	12.121212121212121
05.01.2024	12.167300380228136
06.01.2024	12.241428166619439
07.01.2024	12.198221092757306
08.01.2024	12.187896741430386
09.01.2024	12.11951185299481
10.01.2024	12.100840336134453
11.01.2024	12.124614089250631
12.01.2024	12.083916083916083
13.01.2024	12.078848035789179
14.01.2024	12.070410729253982
15.01.2024	12.068724682218187
16.01.2024	12.056935528886408
17.01.2024	12.095758084838304
18.01.2024	12.078848035789179
19.01.2024	12.061985201731119
20.01.2024	12.056935528886408
21.01.2024	12.217194570135746
22.01.2024	12.196499153020891
23.01.2024	12.138241078954763
24.01.2024	12.099145777902255
25.01.2024	12.102535369099314
26.01.2024	12.099145777902255
27.01.2024	12.124614089250631
28.01.2024	12.102535369099314
29.01.2024	12.105926860025221
30.01.2024	12.08222626206125
31.01.2024	12.11951185299481
01.02.2024	12.122912866563771
02.02.2024	12.129720623332865
03.02.2024	12.13653603034134
04.02.2024	12.150189846716355
05.02.2024	12.129720623332865
06.02.2024	12.126315789473685
07.02.2024	12.114413909141895
08.02.2024	12.134831460674157
09.02.2024	12.111017661900757
10.02.2024	12.129720623332865
11.02.2024	12.134831460674157
12.02.2024	12.105926860025221
13.02.2024	12.121212121212121
14.02.2024	12.134831460674157
15.02.2024	12.114413909141895
16.02.2024	12.116112747160287
17.02.2024	12.146773513285533
18.02.2024	12.17587373167982
19.02.2024	12.145066066910317
20.02.2024	12.104230876996358
21.02.2024	12.139946606716313
22.02.2024	12.126315789473685
23.02.2024	12.099145777902255
24.02.2024	12.063669366098855
25.02.2024	12.090680100755668
26.02.2024	12.100840336134453
27.02.2024	12.083916083916083
28.02.2024	12.092372288313506
29.02.2024	12.095758084838304
01.03.2024	12.05525324403516
02.03.2024	12.085606378514477
03.03.2024	12.065354000837871
04.03.2024	12.05525324403516
05.03.2024	12.06030150753769
06.03.2024	12.061985201731119
07.03.2024	12.067039106145252
08.03.2024	12.18961625282167
09.03.2024	12.067039106145252
10.03.2024	12.080536912751677
11.03.2024	12.080536912751677
12.03.2024	12.078848035789179
13.03.2024	12.139946606716313
14.03.2024	12.187896741430386
15.03.2024	12.129720623332865
16.03.2024	12.163874419259468
17.03.2024	12.146773513285533
18.03.2024	12.146773513285533
19.03.2024	12.134831460674157
20.03.2024	12.122912866563771
21.03.2024	12.138241078954763
22.03.2024	12.10762331838565
23.03.2024	12.134831460674157
24.03.2024	12.160450387051373
25.03.2024	12.182741116751268
26.03.2024	12.174158094969705
27.03.2024	12.48374512353706
28.03.2024	12.293682413204326
29.03.2024	12.131423757371525
30.03.2024	12.151898734177216
31.03.2024	12.157028281975517
01.04.2024	12.134831460674157
02.04.2024	12.129720623332865
03.04.2024	12.08222626206125
04.04.2024	12.08729714605484
05.04.2024	12.097451694203304
06.04.2024	12.095758084838304
07.04.2024	12.121212121212121
08.04.2024	12.111017661900757
09.04.2024	12.095758084838304
10.04.2024	12.080536912751677
11.04.2024	12.099145777902255
12.04.2024	12.095758084838304
13.04.2024	12.145066066910317
14.04.2024	12.111017661900757
15.04.2024	12.104230876996358
16.04.2024	12.114413909141895
17.04.2024	12.075471698113208
18.04.2024	12.080536912751677
19.04.2024	12.10762331838565
20.04.2024	12.085606378514477
21.04.2024	12.065354000837871
22.04.2024	12.083916083916083
23.04.2024	12.075471698113208
24.04.2024	12.105926860025221
25.04.2024	12.07209724745005
26.04.2024	12.111017661900757
27.04.2024	12.088988386735693
28.04.2024	12.08729714605484
29.04.2024	12.083916083916083
30.04.2024	12.068724682218187
01.05.2024	12.056935528886408
02.05.2024	12.094064949608063
03.05.2024	12.078848035789179
04.05.2024	12.07209724745005
05.05.2024	12.08222626206125
06.05.2024	12.088988386735693
07.05.2024	12.090680100755668
08.05.2024	12.088988386735693
09.05.2024	12.080536912751677
10.05.2024	12.078848035789179
11.05.2024	12.077159630975679
12.05.2024	12.085606378514477
13.05.2024	12.075471698113208
14.05.2024	12.13653603034134
15.05.2024	12.053571428571429
16.05.2024	12.07209724745005
17.05.2024	12.092372288313506
18.05.2024	12.090680100755668
19.05.2024	12.078848035789179
20.05.2024	12.092372288313506
21.05.2024	12.075471698113208
22.05.2024	12.097451694203304
23.05.2024	12.07209724745005
24.05.2024	12.070410729253982
25.05.2024	12.078848035789179
26.05.2024	12.067039106145252
27.05.2024	12.077159630975679
28.05.2024	12.07209724745005
29.05.2024	12.090680100755668
30.05.2024	12.090680100755668
31.05.2024	12.07209724745005
01.06.2024	12.056935528886408
02.06.2024	12.065354000837871
03.06.2024	12.073784237003913
04.06.2024	12.051890082298787
05.06.2024	12.053571428571429
06.06.2024	12.07209724745005
07.06.2024	12.063669366098855
08.06.2024	12.06030150753769
09.06.2024	12.073784237003913
10.06.2024	12.070410729253982
11.06.2024	12.063669366098855
12.06.2024	12.073784237003913
13.06.2024	12.094064949608063
14.06.2024	12.063669366098855
15.06.2024	12.105926860025221
16.06.2024	12.061985201731119
17.06.2024	5760
