Time	sum(Transaction count – Blocks) – Ethereum
30.07.2015	0
31.07.2015	0
01.08.2015	0
02.08.2015	0
03.08.2015	0
04.08.2015	0
05.08.2015	0
06.08.2015	0
07.08.2015	2050
08.08.2015	2881
09.08.2015	1329
10.08.2015	2037
11.08.2015	4963
12.08.2015	2036
13.08.2015	2842
14.08.2015	3174
15.08.2015	2284
16.08.2015	2440
17.08.2015	2512
18.08.2015	2494
19.08.2015	3246
20.08.2015	2303
21.08.2015	3919
22.08.2015	3579
23.08.2015	4190
24.08.2015	4432
25.08.2015	4487
26.08.2015	4156
27.08.2015	5590
28.08.2015	4758
29.08.2015	4139
30.08.2015	4572
31.08.2015	5196
01.09.2015	5153
02.09.2015	5195
03.09.2015	4777
04.09.2015	5642
05.09.2015	5519
06.09.2015	5521
07.09.2015	5702
08.09.2015	5622
09.09.2015	5604
10.09.2015	5341
11.09.2015	6460
12.09.2015	5596
13.09.2015	6057
14.09.2015	5572
15.09.2015	5409
16.09.2015	5872
17.09.2015	5368
18.09.2015	5802
19.09.2015	5205
20.09.2015	6402
21.09.2015	6305
22.09.2015	6804
23.09.2015	7404
24.09.2015	6224
25.09.2015	5851
26.09.2015	5907
27.09.2015	5760
28.09.2015	6123
29.09.2015	5738
30.09.2015	5870
01.10.2015	6421
02.10.2015	6063
03.10.2015	6112
04.10.2015	6624
05.10.2015	6279
06.10.2015	6458
07.10.2015	7121
08.10.2015	6926
09.10.2015	6763
10.10.2015	6529
11.10.2015	6023
12.10.2015	6593
13.10.2015	6818
14.10.2015	6830
15.10.2015	6499
16.10.2015	6795
17.10.2015	6567
18.10.2015	6481
19.10.2015	6604
20.10.2015	5897
21.10.2015	6182
22.10.2015	5979
23.10.2015	6888
24.10.2015	6361
25.10.2015	5830
26.10.2015	5938
27.10.2015	6784
28.10.2015	7346
29.10.2015	7836
30.10.2015	7941
31.10.2015	7557
01.11.2015	6915
02.11.2015	6558
03.11.2015	7399
04.11.2015	7037
05.11.2015	7498
06.11.2015	7882
07.11.2015	10996
08.11.2015	12413
09.11.2015	7689
10.11.2015	8151
11.11.2015	10217
12.11.2015	9534
13.11.2015	7891
14.11.2015	7211
15.11.2015	7170
16.11.2015	7442
17.11.2015	7145
18.11.2015	7373
19.11.2015	8876
20.11.2015	6348
21.11.2015	6822
22.11.2015	7083
23.11.2015	8260
24.11.2015	7152
25.11.2015	7098
26.11.2015	7278
27.11.2015	6639
28.11.2015	6817
29.11.2015	6853
30.11.2015	8986
01.12.2015	6794
02.12.2015	6502
03.12.2015	6971
04.12.2015	6898
05.12.2015	6784
06.12.2015	9103
07.12.2015	7141
08.12.2015	6697
09.12.2015	7001
10.12.2015	7444
11.12.2015	8105
12.12.2015	8205
13.12.2015	7426
14.12.2015	15550
15.12.2015	21098
16.12.2015	10304
17.12.2015	9612
18.12.2015	9032
19.12.2015	9314
20.12.2015	9879
21.12.2015	12063
22.12.2015	21027
23.12.2015	22740
24.12.2015	13494
25.12.2015	9521
26.12.2015	10726
27.12.2015	21867
28.12.2015	12368
29.12.2015	11358
30.12.2015	21767
31.12.2015	10301
01.01.2016	8233
02.01.2016	9164
03.01.2016	9258
04.01.2016	9474
05.01.2016	16430
06.01.2016	17074
07.01.2016	22075
08.01.2016	10919
09.01.2016	11793
10.01.2016	10320
11.01.2016	10893
12.01.2016	10862
13.01.2016	17665
14.01.2016	10653
15.01.2016	9875
16.01.2016	10664
17.01.2016	9747
18.01.2016	12916
19.01.2016	13420
20.01.2016	10610
21.01.2016	10734
22.01.2016	13848
23.01.2016	11025
24.01.2016	12798
25.01.2016	17121
26.01.2016	16511
27.01.2016	18747
28.01.2016	16765
29.01.2016	16395
30.01.2016	14661
31.01.2016	14166
01.02.2016	14199
02.02.2016	14291
03.02.2016	14274
04.02.2016	14371
05.02.2016	15249
06.02.2016	31418
07.02.2016	14264
08.02.2016	14719
09.02.2016	15517
10.02.2016	17141
11.02.2016	21440
12.02.2016	18109
13.02.2016	19327
14.02.2016	16624
15.02.2016	17159
16.02.2016	17549
17.02.2016	19990
18.02.2016	16969
19.02.2016	18412
20.02.2016	16714
21.02.2016	17119
22.02.2016	18190
23.02.2016	18482
24.02.2016	19540
25.02.2016	19503
26.02.2016	21068
27.02.2016	18981
28.02.2016	19063
29.02.2016	20358
01.03.2016	21778
02.03.2016	23562
03.03.2016	24837
04.03.2016	24287
05.03.2016	27115
06.03.2016	27661
07.03.2016	23271
08.03.2016	24105
09.03.2016	24557
10.03.2016	24814
11.03.2016	23124
12.03.2016	27887
13.03.2016	28127
14.03.2016	28528
15.03.2016	29273
16.03.2016	27596
17.03.2016	33531
18.03.2016	31821
19.03.2016	34779
20.03.2016	32447
21.03.2016	32511
22.03.2016	32890
23.03.2016	31786
24.03.2016	36947
25.03.2016	36762
26.03.2016	36646
27.03.2016	29974
28.03.2016	33613
29.03.2016	33915
30.03.2016	36767
31.03.2016	32259
01.04.2016	33320
02.04.2016	29358
03.04.2016	29588
04.04.2016	34907
05.04.2016	39173
06.04.2016	32078
07.04.2016	31893
08.04.2016	34010
09.04.2016	31923
10.04.2016	32237
11.04.2016	30327
12.04.2016	34673
13.04.2016	36051
14.04.2016	34781
15.04.2016	34959
16.04.2016	30483
17.04.2016	40203
18.04.2016	33513
19.04.2016	32622
20.04.2016	32944
21.04.2016	37181
22.04.2016	31678
23.04.2016	31845
24.04.2016	34046
25.04.2016	35430
26.04.2016	32582
27.04.2016	33847
28.04.2016	34343
29.04.2016	37332
30.04.2016	45769
01.05.2016	39578
02.05.2016	41748
03.05.2016	37821
04.05.2016	37484
05.05.2016	38707
06.05.2016	41271
07.05.2016	35864
08.05.2016	40063
09.05.2016	38560
10.05.2016	40684
11.05.2016	40811
12.05.2016	45002
13.05.2016	47739
14.05.2016	45745
15.05.2016	43073
16.05.2016	37424
17.05.2016	40309
18.05.2016	46033
19.05.2016	44523
20.05.2016	45177
21.05.2016	43621
22.05.2016	38895
23.05.2016	43806
24.05.2016	42911
25.05.2016	46443
26.05.2016	51147
27.05.2016	49006
28.05.2016	70148
29.05.2016	45890
30.05.2016	42927
31.05.2016	44386
01.06.2016	42221
02.06.2016	39666
03.06.2016	39834
04.06.2016	37875
05.06.2016	37896
06.06.2016	38957
07.06.2016	46141
08.06.2016	40433
09.06.2016	39854
10.06.2016	40145
11.06.2016	36901
12.06.2016	42581
13.06.2016	46185
14.06.2016	50335
15.06.2016	43251
16.06.2016	43392
17.06.2016	66558
18.06.2016	63083
19.06.2016	51035
20.06.2016	47118
21.06.2016	47323
22.06.2016	48615
23.06.2016	41908
24.06.2016	45331
25.06.2016	36684
26.06.2016	41613
27.06.2016	39663
28.06.2016	43089
29.06.2016	49897
30.06.2016	63952
01.07.2016	40085
02.07.2016	39257
03.07.2016	39757
04.07.2016	39950
05.07.2016	39270
06.07.2016	37900
07.07.2016	40433
08.07.2016	42506
09.07.2016	40410
10.07.2016	39358
11.07.2016	38582
12.07.2016	40811
13.07.2016	35740
14.07.2016	42809
15.07.2016	41110
16.07.2016	38062
17.07.2016	33914
18.07.2016	39198
19.07.2016	44184
20.07.2016	50631
21.07.2016	44882
22.07.2016	48458
23.07.2016	45006
24.07.2016	58215
25.07.2016	54856
26.07.2016	61930
27.07.2016	53035
28.07.2016	48555
29.07.2016	47243
30.07.2016	42011
31.07.2016	48749
01.08.2016	45978
02.08.2016	49041
03.08.2016	49475
04.08.2016	46761
05.08.2016	43212
06.08.2016	41487
07.08.2016	42955
08.08.2016	42984
09.08.2016	47057
10.08.2016	46290
11.08.2016	48171
12.08.2016	44400
13.08.2016	41088
14.08.2016	40577
15.08.2016	42302
16.08.2016	48949
17.08.2016	44867
18.08.2016	47799
19.08.2016	42948
20.08.2016	41318
21.08.2016	42543
22.08.2016	44250
23.08.2016	48430
24.08.2016	46821
25.08.2016	49868
26.08.2016	47292
27.08.2016	47938
28.08.2016	42607
29.08.2016	45510
30.08.2016	46979
31.08.2016	45846
01.09.2016	47491
02.09.2016	55413
03.09.2016	44792
04.09.2016	48128
05.09.2016	42667
06.09.2016	49102
07.09.2016	48701
08.09.2016	55970
09.09.2016	53918
10.09.2016	42875
11.09.2016	43345
12.09.2016	45123
13.09.2016	42591
14.09.2016	53859
15.09.2016	52622
16.09.2016	57532
17.09.2016	46882
18.09.2016	37893
19.09.2016	40505
20.09.2016	54067
21.09.2016	44549
22.09.2016	52657
23.09.2016	35219
24.09.2016	43418
25.09.2016	38713
26.09.2016	43514
27.09.2016	46817
28.09.2016	42797
29.09.2016	40416
30.09.2016	35836
01.10.2016	53076
02.10.2016	51105
03.10.2016	47672
04.10.2016	56662
05.10.2016	41719
06.10.2016	36826
07.10.2016	43708
08.10.2016	37690
09.10.2016	43940
10.10.2016	44940
11.10.2016	41053
12.10.2016	30002
13.10.2016	32244
14.10.2016	42006
15.10.2016	33662
16.10.2016	34990
17.10.2016	38136
18.10.2016	51898
19.10.2016	38497
20.10.2016	43438
21.10.2016	57780
22.10.2016	37772
23.10.2016	35364
24.10.2016	52547
25.10.2016	47610
26.10.2016	45158
27.10.2016	44353
28.10.2016	41522
29.10.2016	40011
30.10.2016	39435
31.10.2016	45031
01.11.2016	49025
02.11.2016	43519
03.11.2016	42346
04.11.2016	32572
05.11.2016	37690
06.11.2016	34391
07.11.2016	41941
08.11.2016	41569
09.11.2016	40517
10.11.2016	40164
11.11.2016	41070
12.11.2016	40882
13.11.2016	43673
14.11.2016	43876
15.11.2016	45330
16.11.2016	41684
17.11.2016	40738
18.11.2016	43785
19.11.2016	39289
20.11.2016	42125
21.11.2016	42735
22.11.2016	53585
23.11.2016	64289
24.11.2016	36861
25.11.2016	58075
26.11.2016	40804
27.11.2016	44449
28.11.2016	48388
29.11.2016	47036
30.11.2016	39178
01.12.2016	37121
02.12.2016	41642
03.12.2016	41357
04.12.2016	39643
05.12.2016	41613
06.12.2016	48200
07.12.2016	41757
08.12.2016	39587
09.12.2016	41444
10.12.2016	40564
11.12.2016	39164
12.12.2016	38741
13.12.2016	44664
14.12.2016	47294
15.12.2016	46102
16.12.2016	43953
17.12.2016	39442
18.12.2016	36640
19.12.2016	45599
20.12.2016	44241
21.12.2016	50793
22.12.2016	55173
23.12.2016	44391
24.12.2016	37757
25.12.2016	36601
26.12.2016	34565
27.12.2016	42370
28.12.2016	43386
29.12.2016	46546
30.12.2016	44561
31.12.2016	41220
01.01.2017	38730
02.01.2017	39652
03.01.2017	45883
04.01.2017	50673
05.01.2017	49596
06.01.2017	43804
07.01.2017	43622
08.01.2017	42727
09.01.2017	46188
10.01.2017	48179
11.01.2017	45221
12.01.2017	50589
13.01.2017	50833
14.01.2017	42044
15.01.2017	41748
16.01.2017	45375
17.01.2017	46671
18.01.2017	44994
19.01.2017	43628
20.01.2017	45775
21.01.2017	43302
22.01.2017	47432
23.01.2017	46076
24.01.2017	50414
25.01.2017	46256
26.01.2017	46856
27.01.2017	46680
28.01.2017	45189
29.01.2017	42509
30.01.2017	45369
31.01.2017	43649
01.02.2017	44541
02.02.2017	43709
03.02.2017	42778
04.02.2017	45410
05.02.2017	46542
06.02.2017	47306
07.02.2017	51866
08.02.2017	51089
09.02.2017	47873
10.02.2017	52222
11.02.2017	46560
12.02.2017	45319
13.02.2017	55990
14.02.2017	58298
15.02.2017	55320
16.02.2017	49674
17.02.2017	49406
18.02.2017	49398
19.02.2017	48227
20.02.2017	50152
21.02.2017	58434
22.02.2017	50372
23.02.2017	47601
24.02.2017	54081
25.02.2017	53245
26.02.2017	51716
27.02.2017	52642
28.02.2017	60277
01.03.2017	59774
02.03.2017	70779
03.03.2017	64294
04.03.2017	58756
05.03.2017	57031
06.03.2017	57020
07.03.2017	62589
08.03.2017	55386
09.03.2017	64266
10.03.2017	65132
11.03.2017	64803
12.03.2017	66646
13.03.2017	81718
14.03.2017	77155
15.03.2017	81205
16.03.2017	109950
17.03.2017	106635
18.03.2017	89920
19.03.2017	84599
20.03.2017	80264
21.03.2017	84298
22.03.2017	78821
23.03.2017	82434
24.03.2017	87775
25.03.2017	84394
26.03.2017	79534
27.03.2017	94570
28.03.2017	84348
29.03.2017	93064
30.03.2017	96209
31.03.2017	103102
01.04.2017	80572
02.04.2017	88948
03.04.2017	100221
04.04.2017	86279
05.04.2017	87411
06.04.2017	95177
07.04.2017	92846
08.04.2017	72144
09.04.2017	74557
10.04.2017	75487
11.04.2017	75891
12.04.2017	80347
13.04.2017	84124
14.04.2017	81155
15.04.2017	74820
16.04.2017	70634
17.04.2017	72546
18.04.2017	83303
19.04.2017	85734
20.04.2017	85450
21.04.2017	81278
22.04.2017	73539
23.04.2017	77073
24.04.2017	80531
25.04.2017	93033
26.04.2017	89642
27.04.2017	104494
28.04.2017	106193
29.04.2017	91335
30.04.2017	95202
01.05.2017	112202
02.05.2017	110354
03.05.2017	97334
04.05.2017	114877
05.05.2017	108514
06.05.2017	95014
07.05.2017	106631
08.05.2017	117509
09.05.2017	112933
10.05.2017	109673
11.05.2017	117189
12.05.2017	107241
13.05.2017	101332
14.05.2017	101348
15.05.2017	122792
16.05.2017	116341
17.05.2017	140135
18.05.2017	137409
19.05.2017	161568
20.05.2017	130912
21.05.2017	149699
22.05.2017	176255
23.05.2017	187121
24.05.2017	187293
25.05.2017	183010
26.05.2017	169818
27.05.2017	149450
28.05.2017	155271
29.05.2017	158547
30.05.2017	193618
31.05.2017	214126
01.06.2017	199160
02.06.2017	194911
03.06.2017	175666
04.06.2017	180136
05.06.2017	190305
06.06.2017	200523
07.06.2017	207180
08.06.2017	187700
09.06.2017	215831
10.06.2017	213356
11.06.2017	240490
12.06.2017	292941
13.06.2017	280054
14.06.2017	250410
15.06.2017	261617
16.06.2017	248003
17.06.2017	242022
18.06.2017	245957
19.06.2017	286209
20.06.2017	308488
21.06.2017	221289
22.06.2017	284225
23.06.2017	276012
24.06.2017	250570
25.06.2017	231135
26.06.2017	316788
27.06.2017	252995
28.06.2017	274241
29.06.2017	263791
30.06.2017	252652
01.07.2017	240465
02.07.2017	248617
03.07.2017	302032
04.07.2017	281465
05.07.2017	271606
06.07.2017	258791
07.07.2017	295389
08.07.2017	248142
09.07.2017	225189
10.07.2017	302633
11.07.2017	291677
12.07.2017	283828
13.07.2017	260745
14.07.2017	249381
15.07.2017	231961
16.07.2017	249138
17.07.2017	248473
18.07.2017	271055
19.07.2017	270122
20.07.2017	250065
21.07.2017	232560
22.07.2017	205574
23.07.2017	260490
24.07.2017	263095
25.07.2017	242956
26.07.2017	223010
27.07.2017	225435
28.07.2017	246494
29.07.2017	198773
30.07.2017	206624
31.07.2017	250090
01.08.2017	218582
02.08.2017	231068
03.08.2017	236335
04.08.2017	257160
05.08.2017	261400
06.08.2017	265127
07.08.2017	281172
08.08.2017	318866
09.08.2017	280308
10.08.2017	338241
11.08.2017	356682
12.08.2017	338654
13.08.2017	333011
14.08.2017	410061
15.08.2017	413246
16.08.2017	413624
17.08.2017	428007
18.08.2017	443356
19.08.2017	377418
20.08.2017	309926
21.08.2017	392880
22.08.2017	364727
23.08.2017	374711
24.08.2017	352465
25.08.2017	352621
26.08.2017	306268
27.08.2017	324173
28.08.2017	363799
29.08.2017	394649
30.08.2017	400220
31.08.2017	384421
01.09.2017	390997
02.09.2017	331797
03.09.2017	302525
04.09.2017	442592
05.09.2017	444572
06.09.2017	496376
07.09.2017	448347
08.09.2017	463670
09.09.2017	383654
10.09.2017	325128
11.09.2017	365384
12.09.2017	404898
13.09.2017	365679
14.09.2017	380251
15.09.2017	441767
16.09.2017	373764
17.09.2017	289517
18.09.2017	362764
19.09.2017	337752
20.09.2017	324984
21.09.2017	317074
22.09.2017	271470
23.09.2017	260107
24.09.2017	280929
25.09.2017	306614
26.09.2017	306075
27.09.2017	309047
28.09.2017	329208
29.09.2017	326502
30.09.2017	295798
01.10.2017	283871
02.10.2017	306095
03.10.2017	327906
04.10.2017	307399
05.10.2017	314808
06.10.2017	319882
07.10.2017	291091
08.10.2017	296829
09.10.2017	328172
10.10.2017	349605
11.10.2017	344305
12.10.2017	363411
13.10.2017	379136
14.10.2017	332169
15.10.2017	328921
16.10.2017	408297
17.10.2017	505611
18.10.2017	470449
19.10.2017	494184
20.10.2017	546837
21.10.2017	462902
22.10.2017	435493
23.10.2017	468168
24.10.2017	492288
25.10.2017	460419
26.10.2017	466406
27.10.2017	486147
28.10.2017	484554
29.10.2017	494176
30.10.2017	532626
31.10.2017	519906
01.11.2017	527783
02.11.2017	529277
03.11.2017	485790
04.11.2017	398758
05.11.2017	417102
06.11.2017	511663
07.11.2017	470418
08.11.2017	480413
09.11.2017	467172
10.11.2017	457427
11.11.2017	394378
12.11.2017	434380
13.11.2017	443176
14.11.2017	475984
15.11.2017	540593
16.11.2017	491482
17.11.2017	508590
18.11.2017	459679
19.11.2017	464563
20.11.2017	530141
21.11.2017	524044
22.11.2017	546489
23.11.2017	537068
24.11.2017	525529
25.11.2017	561166
26.11.2017	542484
27.11.2017	608695
28.11.2017	638989
29.11.2017	663579
30.11.2017	655457
01.12.2017	622720
02.12.2017	627785
03.12.2017	693808
04.12.2017	701834
05.12.2017	693090
06.12.2017	791746
07.12.2017	659068
08.12.2017	766411
09.12.2017	707223
10.12.2017	716575
11.12.2017	828899
12.12.2017	872340
13.12.2017	909631
14.12.2017	942559
15.12.2017	904346
16.12.2017	899857
17.12.2017	876574
18.12.2017	984021
19.12.2017	1092234
20.12.2017	986104
21.12.2017	1072665
22.12.2017	1103523
23.12.2017	918881
24.12.2017	758234
25.12.2017	752361
26.12.2017	813510
27.12.2017	912752
28.12.2017	949503
29.12.2017	1090191
30.12.2017	1136659
31.12.2017	946981
01.01.2018	908945
02.01.2018	1153936
03.01.2018	1238030
04.01.2018	1349890
05.01.2018	1271577
06.01.2018	1226417
07.01.2018	1152722
08.01.2018	1215473
09.01.2018	1256240
10.01.2018	1177685
11.01.2018	1173965
12.01.2018	1118757
13.01.2018	1179321
14.01.2018	1081593
15.01.2018	1206420
16.01.2018	1277936
17.01.2018	1277083
18.01.2018	1205184
19.01.2018	1043257
20.01.2018	984489
21.01.2018	1006530
22.01.2018	972911
23.01.2018	928494
24.01.2018	913668
25.01.2018	788515
26.01.2018	953429
27.01.2018	831992
28.01.2018	889104
29.01.2018	936845
30.01.2018	906578
31.01.2018	877284
01.02.2018	1008759
02.02.2018	981133
03.02.2018	814486
04.02.2018	800876
05.02.2018	875761
06.02.2018	888219
07.02.2018	818625
08.02.2018	681344
09.02.2018	789807
10.02.2018	848390
11.02.2018	773496
12.02.2018	829020
13.02.2018	745822
14.02.2018	746384
15.02.2018	777318
16.02.2018	704758
17.02.2018	772079
18.02.2018	756092
19.02.2018	811384
20.02.2018	886897
21.02.2018	850504
22.02.2018	761893
23.02.2018	733084
24.02.2018	732861
25.02.2018	690582
26.02.2018	737453
27.02.2018	694583
28.02.2018	720368
01.03.2018	684404
02.03.2018	744666
03.03.2018	673465
04.03.2018	643241
05.03.2018	752756
06.03.2018	712591
07.03.2018	783757
08.03.2018	690139
09.03.2018	650058
10.03.2018	591377
11.03.2018	608899
12.03.2018	677908
13.03.2018	699093
14.03.2018	671198
15.03.2018	654531
16.03.2018	654584
17.03.2018	593203
18.03.2018	684094
19.03.2018	703891
20.03.2018	661791
21.03.2018	697872
22.03.2018	619453
23.03.2018	677103
24.03.2018	613203
25.03.2018	526372
26.03.2018	626615
27.03.2018	584055
28.03.2018	579858
29.03.2018	583673
30.03.2018	633616
31.03.2018	584396
01.04.2018	545141
02.04.2018	598505
03.04.2018	645977
04.04.2018	628441
05.04.2018	695871
06.04.2018	647981
07.04.2018	535865
08.04.2018	595733
09.04.2018	609799
10.04.2018	571388
11.04.2018	609102
12.04.2018	692606
13.04.2018	730344
14.04.2018	611188
15.04.2018	619985
16.04.2018	664402
17.04.2018	742823
18.04.2018	703293
19.04.2018	814318
20.04.2018	832220
21.04.2018	746104
22.04.2018	748858
23.04.2018	802870
24.04.2018	816357
25.04.2018	799014
26.04.2018	793873
27.04.2018	764479
28.04.2018	775321
29.04.2018	756651
30.04.2018	778133
01.05.2018	713839
02.05.2018	787722
03.05.2018	839586
04.05.2018	1000526
05.05.2018	789261
06.05.2018	691273
07.05.2018	789863
08.05.2018	820098
09.05.2018	831127
10.05.2018	854827
11.05.2018	826099
12.05.2018	788487
13.05.2018	762439
14.05.2018	801788
15.05.2018	779210
16.05.2018	807257
17.05.2018	835761
18.05.2018	831831
19.05.2018	846288
20.05.2018	777283
21.05.2018	802211
22.05.2018	822409
23.05.2018	833377
24.05.2018	811167
25.05.2018	800838
26.05.2018	761932
27.05.2018	776024
28.05.2018	861002
29.05.2018	812183
30.05.2018	817167
31.05.2018	832842
01.06.2018	758242
02.06.2018	768017
03.06.2018	809997
04.06.2018	807165
05.06.2018	780654
06.06.2018	754070
07.06.2018	775828
08.06.2018	720017
09.06.2018	769427
10.06.2018	771280
11.06.2018	768985
12.06.2018	770199
13.06.2018	797637
14.06.2018	765916
15.06.2018	763803
16.06.2018	639775
17.06.2018	648548
18.06.2018	695753
19.06.2018	778765
20.06.2018	803076
21.06.2018	752035
22.06.2018	770457
23.06.2018	675918
24.06.2018	671994
25.06.2018	837265
26.06.2018	732170
27.06.2018	771938
28.06.2018	744784
29.06.2018	735092
30.06.2018	632981
01.07.2018	622633
02.07.2018	489559
03.07.2018	573532
04.07.2018	447112
05.07.2018	527586
06.07.2018	459075
07.07.2018	484105
08.07.2018	631505
09.07.2018	651926
10.07.2018	691771
11.07.2018	643920
12.07.2018	566058
13.07.2018	563317
14.07.2018	508951
15.07.2018	453706
16.07.2018	703999
17.07.2018	701292
18.07.2018	746145
19.07.2018	734702
20.07.2018	671608
21.07.2018	620634
22.07.2018	675356
23.07.2018	758657
24.07.2018	784910
25.07.2018	787527
26.07.2018	725630
27.07.2018	788715
28.07.2018	703973
29.07.2018	716354
30.07.2018	757712
31.07.2018	745063
01.08.2018	757758
02.08.2018	779928
03.08.2018	753190
04.08.2018	720548
05.08.2018	704249
06.08.2018	699536
07.08.2018	636342
08.08.2018	565663
09.08.2018	538530
10.08.2018	613892
11.08.2018	657312
12.08.2018	641927
13.08.2018	694941
14.08.2018	690348
15.08.2018	648565
16.08.2018	716732
17.08.2018	607270
18.08.2018	627522
19.08.2018	599660
20.08.2018	663769
21.08.2018	605639
22.08.2018	594918
23.08.2018	599557
24.08.2018	596227
25.08.2018	577239
26.08.2018	574072
27.08.2018	645935
28.08.2018	613844
29.08.2018	546841
30.08.2018	592847
31.08.2018	577258
01.09.2018	656254
02.09.2018	620267
03.09.2018	631429
04.09.2018	589521
05.09.2018	626957
06.09.2018	588959
07.09.2018	582184
08.09.2018	543337
09.09.2018	565631
10.09.2018	561611
11.09.2018	557317
12.09.2018	570673
13.09.2018	555753
14.09.2018	514394
15.09.2018	479695
16.09.2018	458432
17.09.2018	553720
18.09.2018	500513
19.09.2018	507255
20.09.2018	498146
21.09.2018	544686
22.09.2018	470309
23.09.2018	468627
24.09.2018	480337
25.09.2018	519108
26.09.2018	493507
27.09.2018	504047
28.09.2018	500407
29.09.2018	434315
30.09.2018	479351
01.10.2018	476308
02.10.2018	490262
03.10.2018	559006
04.10.2018	559181
05.10.2018	595361
06.10.2018	596865
07.10.2018	497767
08.10.2018	542842
09.10.2018	537028
10.10.2018	516772
11.10.2018	570525
12.10.2018	562140
13.10.2018	541797
14.10.2018	511719
15.10.2018	562011
16.10.2018	575450
17.10.2018	580354
18.10.2018	565791
19.10.2018	601119
20.10.2018	534080
21.10.2018	508014
22.10.2018	577314
23.10.2018	556231
24.10.2018	532709
25.10.2018	537236
26.10.2018	551218
27.10.2018	499165
28.10.2018	509862
29.10.2018	614695
30.10.2018	608397
31.10.2018	585707
01.11.2018	589096
02.11.2018	548534
03.11.2018	505015
04.11.2018	510848
05.11.2018	582354
06.11.2018	597166
07.11.2018	564602
08.11.2018	555392
09.11.2018	547848
10.11.2018	489120
11.11.2018	527799
12.11.2018	571162
13.11.2018	553590
14.11.2018	582181
15.11.2018	563051
16.11.2018	552107
17.11.2018	505581
18.11.2018	484801
19.11.2018	622942
20.11.2018	625752
21.11.2018	579531
22.11.2018	568895
23.11.2018	559992
24.11.2018	497091
25.11.2018	529038
26.11.2018	557388
27.11.2018	565825
28.11.2018	622580
29.11.2018	555591
30.11.2018	599039
01.12.2018	525757
02.12.2018	494742
03.12.2018	548100
04.12.2018	565202
05.12.2018	595937
06.12.2018	590923
07.12.2018	572417
08.12.2018	552651
09.12.2018	507555
10.12.2018	555379
11.12.2018	536006
12.12.2018	533920
13.12.2018	565689
14.12.2018	567306
15.12.2018	551916
16.12.2018	516697
17.12.2018	570051
18.12.2018	556320
19.12.2018	597824
20.12.2018	602429
21.12.2018	608884
22.12.2018	495551
23.12.2018	543655
24.12.2018	615551
25.12.2018	535001
26.12.2018	560047
27.12.2018	548411
28.12.2018	572189
29.12.2018	543746
30.12.2018	460395
31.12.2018	522040
01.01.2019	448168
02.01.2019	589959
03.01.2019	596620
04.01.2019	549398
05.01.2019	511189
06.01.2019	487372
07.01.2019	550964
08.01.2019	553367
09.01.2019	558847
10.01.2019	582839
11.01.2019	541838
12.01.2019	452707
13.01.2019	481347
14.01.2019	577239
15.01.2019	539896
16.01.2019	507687
17.01.2019	517082
18.01.2019	538899
19.01.2019	539125
20.01.2019	537705
21.01.2019	582751
22.01.2019	605558
23.01.2019	533819
24.01.2019	520130
25.01.2019	504903
26.01.2019	464380
27.01.2019	488814
28.01.2019	568564
29.01.2019	566026
30.01.2019	555347
31.01.2019	517057
01.02.2019	498856
02.02.2019	450314
03.02.2019	424378
04.02.2019	416394
05.02.2019	414815
06.02.2019	429065
07.02.2019	428676
08.02.2019	471952
09.02.2019	417129
10.02.2019	381151
11.02.2019	429007
12.02.2019	438111
13.02.2019	491354
14.02.2019	474782
15.02.2019	468599
16.02.2019	454309
17.02.2019	447945
18.02.2019	512455
19.02.2019	533602
20.02.2019	530268
21.02.2019	544817
22.02.2019	530839
23.02.2019	476225
24.02.2019	540201
25.02.2019	573756
26.02.2019	553925
27.02.2019	539516
28.02.2019	541458
01.03.2019	547622
02.03.2019	526912
03.03.2019	492382
04.03.2019	620211
05.03.2019	598085
06.03.2019	578932
07.03.2019	572685
08.03.2019	562361
09.03.2019	555854
10.03.2019	484038
11.03.2019	536412
12.03.2019	564306
13.03.2019	573281
14.03.2019	573828
15.03.2019	553012
16.03.2019	504183
17.03.2019	494872
18.03.2019	573940
19.03.2019	635940
20.03.2019	630313
21.03.2019	618318
22.03.2019	628700
23.03.2019	561778
24.03.2019	549073
25.03.2019	648670
26.03.2019	629010
27.03.2019	625948
28.03.2019	634367
29.03.2019	640352
30.03.2019	667967
31.03.2019	646230
01.04.2019	687574
02.04.2019	758900
03.04.2019	746605
04.04.2019	673520
05.04.2019	621924
06.04.2019	559039
07.04.2019	572886
08.04.2019	668000
09.04.2019	656914
10.04.2019	676731
11.04.2019	729032
12.04.2019	694793
13.04.2019	614291
14.04.2019	551055
15.04.2019	622058
16.04.2019	656461
17.04.2019	681896
18.04.2019	697650
19.04.2019	693183
20.04.2019	686824
21.04.2019	631190
22.04.2019	719306
23.04.2019	729268
24.04.2019	668917
25.04.2019	683915
26.04.2019	661061
27.04.2019	562687
28.04.2019	593482
29.04.2019	628989
30.04.2019	707771
01.05.2019	703790
02.05.2019	626308
03.05.2019	670882
04.05.2019	623395
05.05.2019	637464
06.05.2019	706135
07.05.2019	658146
08.05.2019	686996
09.05.2019	718440
10.05.2019	736762
11.05.2019	742337
12.05.2019	715827
13.05.2019	758695
14.05.2019	830785
15.05.2019	847606
16.05.2019	908208
17.05.2019	810320
18.05.2019	735420
19.05.2019	752431
20.05.2019	860161
21.05.2019	812799
22.05.2019	873384
23.05.2019	846724
24.05.2019	904057
25.05.2019	839949
26.05.2019	763094
27.05.2019	941733
28.05.2019	910535
29.05.2019	947509
30.05.2019	891907
31.05.2019	870676
01.06.2019	956751
02.06.2019	890894
03.06.2019	889067
04.06.2019	891955
05.06.2019	799392
06.06.2019	824817
07.06.2019	758454
08.06.2019	992653
09.06.2019	715741
10.06.2019	963694
11.06.2019	930038
12.06.2019	860682
13.06.2019	749758
14.06.2019	825364
15.06.2019	938952
16.06.2019	888979
17.06.2019	944094
18.06.2019	850016
19.06.2019	886054
20.06.2019	985024
21.06.2019	777627
22.06.2019	758133
23.06.2019	773499
24.06.2019	809637
25.06.2019	932194
26.06.2019	848601
27.06.2019	814118
28.06.2019	1004170
29.06.2019	733337
30.06.2019	685958
01.07.2019	951985
02.07.2019	895054
03.07.2019	753227
04.07.2019	747514
05.07.2019	849080
06.07.2019	754040
07.07.2019	582067
08.07.2019	809796
09.07.2019	771955
10.07.2019	736096
11.07.2019	975288
12.07.2019	726392
13.07.2019	587283
14.07.2019	613490
15.07.2019	743294
16.07.2019	1003278
17.07.2019	830029
18.07.2019	667874
19.07.2019	815548
20.07.2019	584085
21.07.2019	522416
22.07.2019	640666
23.07.2019	606795
24.07.2019	907213
25.07.2019	949864
26.07.2019	640260
27.07.2019	577697
28.07.2019	572697
29.07.2019	676990
30.07.2019	715782
31.07.2019	684284
01.08.2019	877643
02.08.2019	768312
03.08.2019	783492
04.08.2019	569134
05.08.2019	718438
06.08.2019	732052
07.08.2019	742477
08.08.2019	692736
09.08.2019	721762
10.08.2019	630929
11.08.2019	582507
12.08.2019	712949
13.08.2019	698671
14.08.2019	736647
15.08.2019	689076
16.08.2019	718875
17.08.2019	641106
18.08.2019	627260
19.08.2019	724461
20.08.2019	733520
21.08.2019	731500
22.08.2019	737144
23.08.2019	733282
24.08.2019	684235
25.08.2019	677260
26.08.2019	750845
27.08.2019	748158
28.08.2019	722262
29.08.2019	724189
30.08.2019	713194
31.08.2019	679773
01.09.2019	690235
02.09.2019	757539
03.09.2019	751224
04.09.2019	714432
05.09.2019	769872
06.09.2019	768500
07.09.2019	677445
08.09.2019	675137
09.09.2019	756508
10.09.2019	691617
11.09.2019	705292
12.09.2019	723726
13.09.2019	623470
14.09.2019	628467
15.09.2019	633961
16.09.2019	733010
17.09.2019	681814
18.09.2019	708743
19.09.2019	692484
20.09.2019	717128
21.09.2019	596973
22.09.2019	576563
23.09.2019	639394
24.09.2019	709522
25.09.2019	677675
26.09.2019	657676
27.09.2019	623632
28.09.2019	607857
29.09.2019	591986
30.09.2019	683924
01.10.2019	645073
02.10.2019	627137
03.10.2019	615189
04.10.2019	590197
05.10.2019	595118
06.10.2019	571769
07.10.2019	629382
08.10.2019	710373
09.10.2019	751354
10.10.2019	706127
11.10.2019	702673
12.10.2019	634450
13.10.2019	566845
14.10.2019	650601
15.10.2019	690703
16.10.2019	694589
17.10.2019	703704
18.10.2019	733646
19.10.2019	665170
20.10.2019	612341
21.10.2019	678528
22.10.2019	726230
23.10.2019	736388
24.10.2019	724917
25.10.2019	741655
26.10.2019	716822
27.10.2019	642955
28.10.2019	721335
29.10.2019	707622
30.10.2019	717618
31.10.2019	744118
01.11.2019	705019
02.11.2019	590976
03.11.2019	571113
04.11.2019	670783
05.11.2019	739254
06.11.2019	707733
07.11.2019	857371
08.11.2019	699138
09.11.2019	604007
10.11.2019	609364
11.11.2019	710155
12.11.2019	708660
13.11.2019	713551
14.11.2019	679505
15.11.2019	683049
16.11.2019	596661
17.11.2019	600168
18.11.2019	734472
19.11.2019	735532
20.11.2019	689771
21.11.2019	762896
22.11.2019	794748
23.11.2019	631670
24.11.2019	596880
25.11.2019	762888
26.11.2019	679733
27.11.2019	674957
28.11.2019	623080
29.11.2019	670568
30.11.2019	584871
01.12.2019	615069
02.12.2019	681210
03.12.2019	610528
04.12.2019	661004
05.12.2019	617647
06.12.2019	573666
07.12.2019	488124
08.12.2019	440672
09.12.2019	635462
10.12.2019	631603
11.12.2019	625349
12.12.2019	635638
13.12.2019	621511
14.12.2019	551143
15.12.2019	526996
16.12.2019	634682
17.12.2019	646999
18.12.2019	663295
19.12.2019	620140
20.12.2019	614338
21.12.2019	545378
22.12.2019	529935
23.12.2019	631635
24.12.2019	602814
25.12.2019	565093
26.12.2019	586645
27.12.2019	580029
28.12.2019	516438
29.12.2019	480131
30.12.2019	584426
31.12.2019	554215
01.01.2020	466526
02.01.2020	505639
03.01.2020	581641
04.01.2020	559074
05.01.2020	524664
06.01.2020	626525
07.01.2020	646478
08.01.2020	653831
09.01.2020	621399
10.01.2020	605095
11.01.2020	549612
12.01.2020	523951
13.01.2020	565389
14.01.2020	671748
15.01.2020	698399
16.01.2020	693649
17.01.2020	676556
18.01.2020	628211
19.01.2020	615368
20.01.2020	599266
21.01.2020	558962
22.01.2020	513767
23.01.2020	552533
24.01.2020	497135
25.01.2020	435515
26.01.2020	428839
27.01.2020	476541
28.01.2020	526284
29.01.2020	551529
30.01.2020	566052
31.01.2020	583358
01.02.2020	545761
02.02.2020	530094
03.02.2020	621191
04.02.2020	524476
05.02.2020	610780
06.02.2020	606505
07.02.2020	626252
08.02.2020	661649
09.02.2020	628631
10.02.2020	668760
11.02.2020	709280
12.02.2020	798162
13.02.2020	764763
14.02.2020	771827
15.02.2020	699151
16.02.2020	661490
17.02.2020	695366
18.02.2020	733983
19.02.2020	699570
20.02.2020	689600
21.02.2020	670542
22.02.2020	605859
23.02.2020	606290
24.02.2020	687702
25.02.2020	670257
26.02.2020	704929
27.02.2020	714482
28.02.2020	688694
29.02.2020	620465
01.03.2020	628500
02.03.2020	681477
03.03.2020	661419
04.03.2020	663966
05.03.2020	720114
06.03.2020	676799
07.03.2020	630992
08.03.2020	662565
09.03.2020	784085
10.03.2020	760588
11.03.2020	713065
12.03.2020	760781
13.03.2020	847947
14.03.2020	681830
15.03.2020	657653
16.03.2020	784094
17.03.2020	763100
18.03.2020	768437
19.03.2020	864017
20.03.2020	822158
21.03.2020	857503
22.03.2020	746195
23.03.2020	801238
24.03.2020	791900
25.03.2020	765389
26.03.2020	772649
27.03.2020	748776
28.03.2020	667726
29.03.2020	607984
30.03.2020	728076
31.03.2020	731749
01.04.2020	683007
02.04.2020	720554
03.04.2020	722688
04.04.2020	625952
05.04.2020	614001
06.04.2020	771300
07.04.2020	783472
08.04.2020	830223
09.04.2020	727502
10.04.2020	745643
11.04.2020	680523
12.04.2020	678530
13.04.2020	744306
14.04.2020	813972
15.04.2020	792152
16.04.2020	790334
17.04.2020	785639
18.04.2020	783111
19.04.2020	741675
20.04.2020	828885
21.04.2020	812963
22.04.2020	790519
23.04.2020	826397
24.04.2020	846807
25.04.2020	792299
26.04.2020	801949
27.04.2020	841193
28.04.2020	838453
29.04.2020	897881
30.04.2020	899459
01.05.2020	827138
02.05.2020	765990
03.05.2020	789689
04.05.2020	774035
05.05.2020	785518
06.05.2020	833506
07.05.2020	877129
08.05.2020	889769
09.05.2020	894382
10.05.2020	879153
11.05.2020	887554
12.05.2020	880678
13.05.2020	856962
14.05.2020	820300
15.05.2020	888691
16.05.2020	875030
17.05.2020	808464
18.05.2020	857645
19.05.2020	848038
20.05.2020	855377
21.05.2020	867704
22.05.2020	916282
23.05.2020	868425
24.05.2020	825755
25.05.2020	875607
26.05.2020	916975
27.05.2020	896217
28.05.2020	907265
29.05.2020	949269
30.05.2020	881950
31.05.2020	850103
01.06.2020	929874
02.06.2020	980902
03.06.2020	898364
04.06.2020	930407
05.06.2020	901995
06.06.2020	946196
07.06.2020	943786
08.06.2020	966206
09.06.2020	923075
10.06.2020	939890
11.06.2020	925331
12.06.2020	889318
13.06.2020	833267
14.06.2020	785017
15.06.2020	912281
16.06.2020	904928
17.06.2020	879736
18.06.2020	913845
19.06.2020	945942
20.06.2020	941415
21.06.2020	987058
22.06.2020	1092083
23.06.2020	1119442
24.06.2020	1070862
25.06.2020	1041742
26.06.2020	1017505
27.06.2020	1017138
28.06.2020	1002369
29.06.2020	1056189
30.06.2020	1111318
01.07.2020	1044438
02.07.2020	1039119
03.07.2020	1022098
04.07.2020	946287
05.07.2020	880075
06.07.2020	1020012
07.07.2020	1064506
08.07.2020	1092210
09.07.2020	1070343
10.07.2020	1034806
11.07.2020	982930
12.07.2020	997960
13.07.2020	1151834
14.07.2020	1098661
15.07.2020	1111360
16.07.2020	1068620
17.07.2020	1078101
18.07.2020	1071509
19.07.2020	1082448
20.07.2020	1143700
21.07.2020	1120095
22.07.2020	1138040
23.07.2020	1147143
24.07.2020	1146282
25.07.2020	1175506
26.07.2020	1137893
27.07.2020	1261456
28.07.2020	1222353
29.07.2020	1163851
30.07.2020	1164479
31.07.2020	1218838
01.08.2020	1171566
02.08.2020	1125886
03.08.2020	1176793
04.08.2020	1168815
05.08.2020	1182699
06.08.2020	1215885
07.08.2020	1249695
08.08.2020	1182406
09.08.2020	1229151
10.08.2020	1289980
11.08.2020	1254244
12.08.2020	1229214
13.08.2020	1209139
14.08.2020	1201546
15.08.2020	1107833
16.08.2020	1152369
17.08.2020	1181976
18.08.2020	1229256
19.08.2020	1216891
20.08.2020	1182994
21.08.2020	1256752
22.08.2020	1102479
23.08.2020	1122524
24.08.2020	1162182
25.08.2020	1138199
26.08.2020	1170979
27.08.2020	1136576
28.08.2020	1131912
29.08.2020	1130992
30.08.2020	1142415
31.08.2020	1235856
01.09.2020	1245701
02.09.2020	1181212
03.09.2020	1149636
04.09.2020	1141207
05.09.2020	1040906
06.09.2020	1026667
07.09.2020	1051480
08.09.2020	1026700
09.09.2020	1052603
10.09.2020	1120964
11.09.2020	1074413
12.09.2020	1034584
13.09.2020	1042047
14.09.2020	1079688
15.09.2020	1089837
16.09.2020	1035013
17.09.2020	1406016
18.09.2020	1244808
19.09.2020	1090001
20.09.2020	1095309
21.09.2020	1133662
22.09.2020	1081497
23.09.2020	1084100
24.09.2020	1087537
25.09.2020	1034790
26.09.2020	984559
27.09.2020	966479
28.09.2020	1080187
29.09.2020	1088234
30.09.2020	1079040
01.10.2020	1018741
02.10.2020	1002138
03.10.2020	956528
04.10.2020	985452
05.10.2020	1027690
06.10.2020	1083502
07.10.2020	1035384
08.10.2020	1019446
09.10.2020	1049571
10.10.2020	1036351
11.10.2020	1004701
12.10.2020	1092162
13.10.2020	1127396
14.10.2020	1093927
15.10.2020	1249576
16.10.2020	1161135
17.10.2020	1051772
18.10.2020	995711
19.10.2020	1128930
20.10.2020	1105678
21.10.2020	1159354
22.10.2020	1189043
23.10.2020	1132837
24.10.2020	1012156
25.10.2020	965206
26.10.2020	1086139
27.10.2020	1082781
28.10.2020	1139608
29.10.2020	1107849
30.10.2020	1111013
31.10.2020	1089587
01.11.2020	1050753
02.11.2020	1156870
03.11.2020	1119359
04.11.2020	1137324
05.11.2020	1128431
06.11.2020	1171971
07.11.2020	1131722
08.11.2020	1016465
09.11.2020	1147695
10.11.2020	1157455
11.11.2020	1096582
12.11.2020	1099253
13.11.2020	1156377
14.11.2020	1067063
15.11.2020	1037428
16.11.2020	1105512
17.11.2020	1177765
18.11.2020	1120798
19.11.2020	1122748
20.11.2020	1162871
21.11.2020	1172183
22.11.2020	1148006
23.11.2020	1213632
24.11.2020	1240072
25.11.2020	1205924
26.11.2020	1173330
27.11.2020	1102889
28.11.2020	992335
29.11.2020	993930
30.11.2020	1183915
01.12.2020	1172361
02.12.2020	1071389
03.12.2020	1114178
04.12.2020	1134337
05.12.2020	1055722
06.12.2020	1034515
07.12.2020	1102501
08.12.2020	1149816
09.12.2020	1150822
10.12.2020	1092429
11.12.2020	1122160
12.12.2020	1092064
13.12.2020	1142703
14.12.2020	1241593
15.12.2020	1215285
16.12.2020	1261767
17.12.2020	1342281
18.12.2020	1193950
19.12.2020	1162872
20.12.2020	1074305
21.12.2020	1146949
22.12.2020	1147101
23.12.2020	1254308
24.12.2020	1142743
25.12.2020	1140417
26.12.2020	1139562
27.12.2020	1177372
28.12.2020	1256783
29.12.2020	1206703
30.12.2020	1227653
31.12.2020	1163876
01.01.2021	1136712
02.01.2021	1170839
03.01.2021	1234419
04.01.2021	1275169
05.01.2021	1258441
06.01.2021	1280434
07.01.2021	1298568
08.01.2021	1288953
09.01.2021	1231759
10.01.2021	1210603
11.01.2021	1285133
12.01.2021	1165508
13.01.2021	1126532
14.01.2021	1184604
15.01.2021	1227187
16.01.2021	1193339
17.01.2021	1133096
18.01.2021	1217953
19.01.2021	1252236
20.01.2021	1213930
21.01.2021	1178190
22.01.2021	1182794
23.01.2021	1140666
24.01.2021	1117744
25.01.2021	1207263
26.01.2021	1194595
27.01.2021	1140980
28.01.2021	1190834
29.01.2021	1293963
30.01.2021	1218241
31.01.2021	1244924
01.02.2021	1300451
02.02.2021	1302891
03.02.2021	1314906
04.02.2021	1309863
05.02.2021	1316904
06.02.2021	1227828
07.02.2021	1230638
08.02.2021	1275739
09.02.2021	1327544
10.02.2021	1320357
11.02.2021	1270521
12.02.2021	1290300
13.02.2021	1252364
14.02.2021	1206665
15.02.2021	1210500
16.02.2021	1217916
17.02.2021	1258503
18.02.2021	1298425
19.02.2021	1323618
20.02.2021	1337507
21.02.2021	1233518
22.02.2021	1312178
23.02.2021	1302882
24.02.2021	1285208
25.02.2021	1232758
26.02.2021	1241074
27.02.2021	1202432
28.02.2021	1179859
01.03.2021	1185925
02.03.2021	1240182
03.03.2021	1235048
04.03.2021	1234903
05.03.2021	1208640
06.03.2021	1160519
07.03.2021	1180104
08.03.2021	1216417
09.03.2021	1275347
10.03.2021	1256065
11.03.2021	1284767
12.03.2021	1325679
13.03.2021	1293352
14.03.2021	1277890
15.03.2021	1321388
16.03.2021	1308992
17.03.2021	1272298
18.03.2021	1299760
19.03.2021	1291231
20.03.2021	1262309
21.03.2021	1206064
22.03.2021	1307460
23.03.2021	1298959
24.03.2021	1309468
25.03.2021	1349663
26.03.2021	1265836
27.03.2021	1230764
28.03.2021	1211918
29.03.2021	1269901
30.03.2021	1300973
31.03.2021	1354603
01.04.2021	1368006
02.04.2021	1358619
03.04.2021	1293333
04.04.2021	1197875
05.04.2021	1296946
06.04.2021	1335799
07.04.2021	1312638
08.04.2021	1284449
09.04.2021	1300882
10.04.2021	1315016
11.04.2021	1256904
12.04.2021	1347983
13.04.2021	1350467
14.04.2021	1386341
15.04.2021	1197340
16.04.2021	1426977
17.04.2021	1453000
18.04.2021	1396766
19.04.2021	1476842
20.04.2021	1555560
21.04.2021	1565355
22.04.2021	1577266
23.04.2021	1537100
24.04.2021	1389103
25.04.2021	1395229
26.04.2021	1448466
27.04.2021	1448293
28.04.2021	1517604
29.04.2021	1530717
30.04.2021	1441230
01.05.2021	1427568
02.05.2021	1417458
03.05.2021	1488804
04.05.2021	1536119
05.05.2021	1518877
06.05.2021	1532197
07.05.2021	1527890
08.05.2021	1710882
09.05.2021	1716600
10.05.2021	1716489
11.05.2021	1716051
12.05.2021	1624077
13.05.2021	1588560
14.05.2021	1531689
15.05.2021	1472680
16.05.2021	1425115
17.05.2021	1446627
18.05.2021	1425053
19.05.2021	1461174
20.05.2021	1459146
21.05.2021	1367394
22.05.2021	1283663
23.05.2021	1264253
24.05.2021	1312739
25.05.2021	1289446
26.05.2021	1326432
27.05.2021	1291385
28.05.2021	1305078
29.05.2021	1293425
30.05.2021	1280282
31.05.2021	1297889
01.06.2021	1274354
02.06.2021	1314178
03.06.2021	1342564
04.06.2021	1301803
05.06.2021	1176676
06.06.2021	1134526
07.06.2021	1225549
08.06.2021	1221063
09.06.2021	1194275
10.06.2021	1188556
11.06.2021	1183286
12.06.2021	1131777
13.06.2021	1124736
14.06.2021	1188556
15.06.2021	1224101
16.06.2021	1201109
17.06.2021	1218956
18.06.2021	1170182
19.06.2021	1050189
20.06.2021	1057288
21.06.2021	1209567
22.06.2021	1297644
23.06.2021	1201974
24.06.2021	1207012
25.06.2021	1227331
26.06.2021	1150460
27.06.2021	1104703
28.06.2021	1404100
29.06.2021	1264320
30.06.2021	1212214
01.07.2021	1211710
02.07.2021	1181574
03.07.2021	1122543
04.07.2021	1105343
05.07.2021	1147895
06.07.2021	1355421
07.07.2021	1290979
08.07.2021	1262627
09.07.2021	1223691
10.07.2021	1139265
11.07.2021	1101766
12.07.2021	1191465
13.07.2021	1183412
14.07.2021	1223130
15.07.2021	1259972
16.07.2021	1199018
17.07.2021	1164624
18.07.2021	1168843
19.07.2021	1195218
20.07.2021	1192750
21.07.2021	1195171
22.07.2021	1202844
23.07.2021	1203397
24.07.2021	1225509
25.07.2021	1128848
26.07.2021	1260619
27.07.2021	1318124
28.07.2021	1300283
29.07.2021	1259128
30.07.2021	1242337
31.07.2021	1212322
01.08.2021	1190618
02.08.2021	1269470
03.08.2021	1219663
04.08.2021	1223841
05.08.2021	1159663
06.08.2021	1212021
07.08.2021	1198433
08.08.2021	1184278
09.08.2021	1218594
10.08.2021	1212289
11.08.2021	1234409
12.08.2021	1195283
13.08.2021	1197050
14.08.2021	1159942
15.08.2021	1125295
16.08.2021	1253968
17.08.2021	1252163
18.08.2021	1201544
19.08.2021	1255453
20.08.2021	1260054
21.08.2021	1186758
22.08.2021	1183893
23.08.2021	1245624
24.08.2021	1247051
25.08.2021	1184780
26.08.2021	1175063
27.08.2021	1119072
28.08.2021	1131721
29.08.2021	1147150
30.08.2021	1198993
31.08.2021	1206314
01.09.2021	1225104
02.09.2021	1261258
03.09.2021	1203508
04.09.2021	1189085
05.09.2021	1136467
06.09.2021	1206493
07.09.2021	1308071
08.09.2021	1178449
09.09.2021	1219850
10.09.2021	1244706
11.09.2021	1249438
12.09.2021	1211328
13.09.2021	1267491
14.09.2021	1231240
15.09.2021	1207590
16.09.2021	1224358
17.09.2021	1187578
18.09.2021	1143196
19.09.2021	1128226
20.09.2021	1174559
21.09.2021	1193295
22.09.2021	1174030
23.09.2021	1193053
24.09.2021	1152685
25.09.2021	1121078
26.09.2021	1088537
27.09.2021	1133903
28.09.2021	1108122
29.09.2021	1135869
30.09.2021	1116157
01.10.2021	1207263
02.10.2021	1117899
03.10.2021	1130224
04.10.2021	1121513
05.10.2021	1235674
06.10.2021	1337833
07.10.2021	1344295
08.10.2021	1287034
09.10.2021	1191856
10.10.2021	1137901
11.10.2021	1183486
12.10.2021	1203566
13.10.2021	1189854
14.10.2021	1227097
15.10.2021	1302993
16.10.2021	1185775
17.10.2021	1144184
18.10.2021	1197673
19.10.2021	1243503
20.10.2021	1259885
21.10.2021	1277275
22.10.2021	1256044
23.10.2021	1235169
24.10.2021	1261312
25.10.2021	1299495
26.10.2021	1344772
27.10.2021	1370504
28.10.2021	1510502
29.10.2021	1456333
30.10.2021	1379095
31.10.2021	1304184
01.11.2021	1341733
02.11.2021	1395656
03.11.2021	1417221
04.11.2021	1352186
05.11.2021	1339661
06.11.2021	1255921
07.11.2021	1277084
08.11.2021	1329018
09.11.2021	1334145
10.11.2021	1390746
11.11.2021	1347643
12.11.2021	1345131
13.11.2021	1300464
14.11.2021	1275744
15.11.2021	1289636
16.11.2021	1310153
17.11.2021	1353219
18.11.2021	1284250
19.11.2021	1255788
20.11.2021	1160128
21.11.2021	1260939
22.11.2021	1221508
23.11.2021	1264994
24.11.2021	1342491
25.11.2021	1301578
26.11.2021	1297524
27.11.2021	1213284
28.11.2021	1135653
29.11.2021	1247688
30.11.2021	1280926
01.12.2021	1221643
02.12.2021	1265286
03.12.2021	1211488
04.12.2021	1235697
05.12.2021	1386491
06.12.2021	1244773
07.12.2021	1224771
08.12.2021	1296307
09.12.2021	1251338
10.12.2021	1237735
11.12.2021	1199788
12.12.2021	1181898
13.12.2021	1242978
14.12.2021	1214900
15.12.2021	1258462
16.12.2021	1155456
17.12.2021	1270762
18.12.2021	1159873
19.12.2021	1137784
20.12.2021	1201239
21.12.2021	1203638
22.12.2021	1233315
23.12.2021	1245242
24.12.2021	1298329
25.12.2021	1299519
26.12.2021	1206942
27.12.2021	1252037
28.12.2021	1241032
29.12.2021	1252468
30.12.2021	1255688
31.12.2021	1214585
01.01.2022	1180989
02.01.2022	1158900
03.01.2022	1209173
04.01.2022	1221316
05.01.2022	1249628
06.01.2022	1212495
07.01.2022	1188490
08.01.2022	1185567
09.01.2022	1108871
10.01.2022	1234334
11.01.2022	1279382
12.01.2022	1284796
13.01.2022	1283720
14.01.2022	1219814
15.01.2022	1175158
16.01.2022	1163388
17.01.2022	1199243
18.01.2022	1170707
19.01.2022	1223487
20.01.2022	1190108
21.01.2022	1189898
22.01.2022	1204920
23.01.2022	1077884
24.01.2022	1147109
25.01.2022	1177640
26.01.2022	1146116
27.01.2022	1133684
28.01.2022	1137777
29.01.2022	1147157
30.01.2022	1184007
31.01.2022	1178283
01.02.2022	1173245
02.02.2022	1152842
03.02.2022	1111430
04.02.2022	1169645
05.02.2022	1235023
06.02.2022	1174853
07.02.2022	1164650
08.02.2022	1180780
09.02.2022	1205889
10.02.2022	1205676
11.02.2022	1183966
12.02.2022	1114648
13.02.2022	1115296
14.02.2022	1147522
15.02.2022	1192633
16.02.2022	1194842
17.02.2022	1141997
18.02.2022	1252754
19.02.2022	1150162
20.02.2022	1343869
21.02.2022	1134349
22.02.2022	1129213
23.02.2022	1147632
24.02.2022	1181182
25.02.2022	1137898
26.02.2022	1167802
27.02.2022	1125065
28.02.2022	1108112
01.03.2022	1161564
02.03.2022	1191369
03.03.2022	1167367
04.03.2022	1167760
05.03.2022	1077981
06.03.2022	1123245
07.03.2022	1174953
08.03.2022	1195626
09.03.2022	1178322
10.03.2022	1229591
11.03.2022	1119334
12.03.2022	1120627
13.03.2022	1041827
14.03.2022	1097913
15.03.2022	1190461
16.03.2022	1236011
17.03.2022	1174765
18.03.2022	1265944
19.03.2022	1127607
20.03.2022	1119066
21.03.2022	1162829
22.03.2022	1220571
23.03.2022	1164437
24.03.2022	1151969
25.03.2022	1146956
26.03.2022	1123935
27.03.2022	1122675
28.03.2022	1218992
29.03.2022	1199899
30.03.2022	1152200
31.03.2022	1167121
01.04.2022	1159493
02.04.2022	1094745
03.04.2022	1060779
04.04.2022	1105431
05.04.2022	1087408
06.04.2022	1127174
07.04.2022	1127793
08.04.2022	1104440
09.04.2022	1085399
10.04.2022	1104239
11.04.2022	1113264
12.04.2022	1112524
13.04.2022	1067983
14.04.2022	1117435
15.04.2022	1110994
16.04.2022	1059286
17.04.2022	1043251
18.04.2022	1103439
19.04.2022	1214751
20.04.2022	1242246
21.04.2022	1120237
22.04.2022	1144822
23.04.2022	1051478
24.04.2022	1071863
25.04.2022	1149227
26.04.2022	1125250
27.04.2022	1161828
28.04.2022	1155514
29.04.2022	1168081
30.04.2022	1212031
01.05.2022	1154787
02.05.2022	1112165
03.05.2022	1077569
04.05.2022	1102254
05.05.2022	1187804
06.05.2022	1116562
07.05.2022	1051489
08.05.2022	1087198
09.05.2022	1158340
10.05.2022	1202934
11.05.2022	1210708
12.05.2022	1327755
13.05.2022	1342405
14.05.2022	1139785
15.05.2022	1089441
16.05.2022	1124352
17.05.2022	1135718
18.05.2022	1177913
19.05.2022	1093367
20.05.2022	1112811
21.05.2022	1094539
22.05.2022	1055644
23.05.2022	1085863
24.05.2022	1100715
25.05.2022	1094639
26.05.2022	1071180
27.05.2022	1093469
28.05.2022	1069802
29.05.2022	1065407
30.05.2022	1070320
31.05.2022	1149142
01.06.2022	1091283
02.06.2022	1092867
03.06.2022	1067485
04.06.2022	1029414
05.06.2022	1007109
06.06.2022	1044319
07.06.2022	1050984
08.06.2022	1042749
09.06.2022	1022462
10.06.2022	1079448
11.06.2022	1031618
12.06.2022	1021635
13.06.2022	1109435
14.06.2022	1086757
15.06.2022	1097000
16.06.2022	1100312
17.06.2022	1110579
18.06.2022	1058336
19.06.2022	1018674
20.06.2022	1042748
21.06.2022	1012862
22.06.2022	988683
23.06.2022	967965
24.06.2022	1019472
25.06.2022	939290
26.06.2022	919721
27.06.2022	994102
28.06.2022	976577
29.06.2022	1005566
30.06.2022	1054433
01.07.2022	1178620
02.07.2022	1189382
03.07.2022	1157052
04.07.2022	1151999
05.07.2022	1182504
06.07.2022	1161432
07.07.2022	1194330
08.07.2022	1192819
09.07.2022	1170747
10.07.2022	1148902
11.07.2022	1146369
12.07.2022	1135896
13.07.2022	1174882
14.07.2022	1189567
15.07.2022	1217596
16.07.2022	1241502
17.07.2022	1245545
18.07.2022	1213565
19.07.2022	1175526
20.07.2022	1191452
21.07.2022	1204397
22.07.2022	1201699
23.07.2022	1144468
24.07.2022	1122303
25.07.2022	1275861
26.07.2022	1679068
27.07.2022	1197448
28.07.2022	1158611
29.07.2022	1192330
30.07.2022	1179749
31.07.2022	1158621
01.08.2022	1342202
02.08.2022	1206185
03.08.2022	1250888
04.08.2022	1459603
05.08.2022	1207499
06.08.2022	1148225
07.08.2022	1166932
08.08.2022	1167115
09.08.2022	1125139
10.08.2022	1160380
11.08.2022	1098707
12.08.2022	1130848
13.08.2022	1106236
14.08.2022	1102367
15.08.2022	1104696
16.08.2022	1086312
17.08.2022	1099261
18.08.2022	1117868
19.08.2022	1093531
20.08.2022	1096088
21.08.2022	1077250
22.08.2022	1060308
23.08.2022	1075718
24.08.2022	1043820
25.08.2022	1074563
26.08.2022	1057768
27.08.2022	1047949
28.08.2022	1025044
29.08.2022	1083202
30.08.2022	1051964
31.08.2022	1035135
01.09.2022	1085332
02.09.2022	1083220
03.09.2022	1035586
04.09.2022	1113119
05.09.2022	1091350
06.09.2022	1076929
07.09.2022	1068296
08.09.2022	1078689
09.09.2022	1093966
10.09.2022	998158
11.09.2022	1024482
12.09.2022	1068969
13.09.2022	1093205
14.09.2022	1109413
15.09.2022	1265640
16.09.2022	1311849
17.09.2022	1322077
18.09.2022	1156893
19.09.2022	1138461
20.09.2022	1149031
21.09.2022	1100130
22.09.2022	1118447
23.09.2022	1119895
24.09.2022	1109206
25.09.2022	1107217
26.09.2022	1141243
27.09.2022	1214294
28.09.2022	1109844
29.09.2022	1129558
30.09.2022	1226032
01.10.2022	1158038
02.10.2022	1163876
03.10.2022	1307142
04.10.2022	1185468
05.10.2022	1169356
06.10.2022	1202667
07.10.2022	1180358
08.10.2022	1180084
09.10.2022	1068531
10.10.2022	1123390
11.10.2022	1130309
12.10.2022	1074204
13.10.2022	1124129
14.10.2022	1071895
15.10.2022	1037870
16.10.2022	980678
17.10.2022	1073063
18.10.2022	1063002
19.10.2022	1088602
20.10.2022	1155589
21.10.2022	1116822
22.10.2022	959417
23.10.2022	1009771
24.10.2022	1039240
25.10.2022	1048003
26.10.2022	1104802
27.10.2022	1111785
28.10.2022	1059633
29.10.2022	1038800
30.10.2022	1033475
31.10.2022	1063524
01.11.2022	1072073
02.11.2022	1015945
03.11.2022	1093977
04.11.2022	1014135
05.11.2022	952067
06.11.2022	962845
07.11.2022	1106711
08.11.2022	1132048
09.11.2022	1219814
10.11.2022	1184632
11.11.2022	1118967
12.11.2022	1033438
13.11.2022	1133442
14.11.2022	1192824
15.11.2022	1136911
16.11.2022	1083796
17.11.2022	1103401
18.11.2022	1008485
19.11.2022	911890
20.11.2022	927233
21.11.2022	964041
22.11.2022	962924
23.11.2022	972566
24.11.2022	990202
25.11.2022	999123
26.11.2022	934988
27.11.2022	881336
28.11.2022	1087721
29.11.2022	1047387
30.11.2022	1026508
01.12.2022	984268
02.12.2022	1032952
03.12.2022	963761
04.12.2022	962172
05.12.2022	1008205
06.12.2022	1049263
07.12.2022	972121
08.12.2022	923887
09.12.2022	1932711
10.12.2022	1103199
11.12.2022	1068092
12.12.2022	1182001
13.12.2022	1151038
14.12.2022	1095120
15.12.2022	1080176
16.12.2022	1153430
17.12.2022	1040618
18.12.2022	916817
19.12.2022	995022
20.12.2022	992552
21.12.2022	1029079
22.12.2022	989930
23.12.2022	1044954
24.12.2022	911507
25.12.2022	836524
26.12.2022	937984
27.12.2022	1025444
28.12.2022	977680
29.12.2022	945627
30.12.2022	944771
31.12.2022	865806
01.01.2023	742785
02.01.2023	920402
03.01.2023	948428
04.01.2023	1046723
05.01.2023	1143078
06.01.2023	1028132
07.01.2023	957704
08.01.2023	1184114
09.01.2023	1093675
10.01.2023	1061055
11.01.2023	1083285
12.01.2023	1085563
13.01.2023	1076328
14.01.2023	1107924
15.01.2023	1000777
16.01.2023	1057284
17.01.2023	1018494
18.01.2023	1118225
19.01.2023	1007125
20.01.2023	1024504
21.01.2023	994076
22.01.2023	889814
23.01.2023	947816
24.01.2023	1032293
25.01.2023	1020849
26.01.2023	1048864
27.01.2023	1100192
28.01.2023	964429
29.01.2023	998228
30.01.2023	1074729
31.01.2023	1086364
01.02.2023	1064236
02.02.2023	1104114
03.02.2023	1072753
04.02.2023	1064597
05.02.2023	1069625
06.02.2023	1077149
07.02.2023	1142836
08.02.2023	1121215
09.02.2023	1082597
10.02.2023	1071635
11.02.2023	961493
12.02.2023	953020
13.02.2023	1054742
14.02.2023	1141796
15.02.2023	1160906
16.02.2023	1138195
17.02.2023	1066755
18.02.2023	972865
19.02.2023	1002399
20.02.2023	1059640
21.02.2023	1084290
22.02.2023	1080839
23.02.2023	1093537
24.02.2023	1095771
25.02.2023	995229
26.02.2023	982721
27.02.2023	1034112
28.02.2023	1044634
01.03.2023	1081357
02.03.2023	1088950
03.03.2023	1092189
04.03.2023	971157
05.03.2023	940858
06.03.2023	1037182
07.03.2023	1035152
08.03.2023	1011772
09.03.2023	1037747
10.03.2023	1065950
11.03.2023	1031282
12.03.2023	975115
13.03.2023	1173725
14.03.2023	1105574
15.03.2023	1076868
16.03.2023	1042974
17.03.2023	1068367
18.03.2023	1023763
19.03.2023	992358
20.03.2023	1123422
21.03.2023	1081542
22.03.2023	1073049
23.03.2023	1077597
24.03.2023	1084504
25.03.2023	1052576
26.03.2023	1011463
27.03.2023	1100122
28.03.2023	1149677
29.03.2023	1165012
30.03.2023	1187924
31.03.2023	1150969
01.04.2023	1020143
02.04.2023	981226
03.04.2023	1052294
04.04.2023	1068725
05.04.2023	1124845
06.04.2023	1036898
07.04.2023	1043552
08.04.2023	924776
09.04.2023	957033
10.04.2023	1016480
11.04.2023	1084502
12.04.2023	1021632
13.04.2023	1094764
14.04.2023	1166392
15.04.2023	1056292
16.04.2023	854249
17.04.2023	1011979
18.04.2023	1070108
19.04.2023	1085368
20.04.2023	1073576
21.04.2023	1009840
22.04.2023	862010
23.04.2023	867666
24.04.2023	940804
25.04.2023	976311
26.04.2023	978231
27.04.2023	939382
28.04.2023	987858
29.04.2023	887381
30.04.2023	974972
01.05.2023	1102060
02.05.2023	1127805
03.05.2023	1117146
04.05.2023	1110353
05.05.2023	1208777
06.05.2023	1146025
07.05.2023	1101644
08.05.2023	1145960
09.05.2023	1126707
10.05.2023	1087072
11.05.2023	1101066
12.05.2023	1070884
13.05.2023	994500
14.05.2023	992511
15.05.2023	1092066
16.05.2023	1072600
17.05.2023	1043731
18.05.2023	1054402
19.05.2023	1073998
20.05.2023	1049772
21.05.2023	1014742
22.05.2023	1075234
23.05.2023	1113343
24.05.2023	1054823
25.05.2023	1063518
26.05.2023	1059657
27.05.2023	982723
28.05.2023	968996
29.05.2023	1082389
30.05.2023	1190789
31.05.2023	1098323
01.06.2023	1071180
02.06.2023	1102996
03.06.2023	1003794
04.06.2023	962454
05.06.2023	1151611
06.06.2023	1095254
07.06.2023	1071257
08.06.2023	1008582
09.06.2023	1046976
10.06.2023	1204433
11.06.2023	1106781
12.06.2023	976377
13.06.2023	952433
14.06.2023	1023424
15.06.2023	1110065
16.06.2023	1146585
17.06.2023	984528
18.06.2023	1001818
19.06.2023	1046350
20.06.2023	1072315
21.06.2023	1091714
22.06.2023	1052333
23.06.2023	1054976
24.06.2023	1004563
25.06.2023	935051
26.06.2023	997141
27.06.2023	1067508
28.06.2023	1094625
29.06.2023	1064502
30.06.2023	1129340
01.07.2023	1016124
02.07.2023	926071
03.07.2023	1061800
04.07.2023	932466
05.07.2023	761086
06.07.2023	914824
07.07.2023	1038860
08.07.2023	1014253
09.07.2023	954771
10.07.2023	1058817
11.07.2023	1092159
12.07.2023	1041644
13.07.2023	1121657
14.07.2023	1111143
15.07.2023	951225
16.07.2023	947137
17.07.2023	1036741
18.07.2023	1176207
19.07.2023	1093950
20.07.2023	1049754
21.07.2023	1111037
22.07.2023	1004374
23.07.2023	977428
24.07.2023	1036300
25.07.2023	990374
26.07.2023	1029754
27.07.2023	999058
28.07.2023	1014601
29.07.2023	991161
30.07.2023	981688
31.07.2023	1048461
01.08.2023	1068108
02.08.2023	1042149
03.08.2023	1049539
04.08.2023	1075359
05.08.2023	1124372
06.08.2023	987506
07.08.2023	1047336
08.08.2023	1098689
09.08.2023	1076595
10.08.2023	1037733
11.08.2023	1050203
12.08.2023	972839
13.08.2023	920802
14.08.2023	1009971
15.08.2023	1056395
16.08.2023	1076132
17.08.2023	1065879
18.08.2023	1081417
19.08.2023	1041484
20.08.2023	943440
21.08.2023	1010718
22.08.2023	1040834
23.08.2023	1045220
24.08.2023	1055235
25.08.2023	1025742
26.08.2023	990794
27.08.2023	907110
28.08.2023	995843
29.08.2023	1019692
30.08.2023	1027316
31.08.2023	1010128
01.09.2023	1006635
02.09.2023	1024172
03.09.2023	1038128
04.09.2023	952440
05.09.2023	994049
06.09.2023	1058940
07.09.2023	1017089
08.09.2023	1014297
09.09.2023	929400
10.09.2023	866548
11.09.2023	1021616
12.09.2023	1092958
13.09.2023	1627860
14.09.2023	1071590
15.09.2023	1002709
16.09.2023	922374
17.09.2023	879624
18.09.2023	979571
19.09.2023	1002911
20.09.2023	1012663
21.09.2023	1131119
22.09.2023	974991
23.09.2023	863503
24.09.2023	883746
25.09.2023	990872
26.09.2023	1041222
27.09.2023	1056862
28.09.2023	1030538
29.09.2023	1024678
30.09.2023	977771
01.10.2023	922694
02.10.2023	1016845
03.10.2023	1002455
04.10.2023	983598
05.10.2023	955796
06.10.2023	993544
07.10.2023	996807
08.10.2023	924403
09.10.2023	993579
10.10.2023	1005950
11.10.2023	1005828
12.10.2023	1004069
13.10.2023	1007291
14.10.2023	898577
15.10.2023	921231
16.10.2023	1027904
17.10.2023	1002389
18.10.2023	1010682
19.10.2023	997931
20.10.2023	1087921
21.10.2023	987400
22.10.2023	980622
23.10.2023	1063574
24.10.2023	1098323
25.10.2023	1081158
26.10.2023	1091779
27.10.2023	1034649
28.10.2023	991315
29.10.2023	1071556
30.10.2023	1094713
31.10.2023	1089606
01.11.2023	1101507
02.11.2023	1045341
03.11.2023	1104674
04.11.2023	1013882
05.11.2023	1034459
06.11.2023	1101917
07.11.2023	1055975
08.11.2023	1066274
09.11.2023	1125199
10.11.2023	1146191
11.11.2023	1107685
12.11.2023	1061494
13.11.2023	1088278
14.11.2023	1050000
15.11.2023	1075386
16.11.2023	1093005
17.11.2023	1084679
18.11.2023	1134614
19.11.2023	983460
20.11.2023	1151945
21.11.2023	1129495
22.11.2023	1142003
23.11.2023	1123339
24.11.2023	1068410
25.11.2023	985612
26.11.2023	989613
27.11.2023	1077314
28.11.2023	1155016
29.11.2023	1151825
30.11.2023	1119717
01.12.2023	1119507
02.12.2023	1210135
03.12.2023	1030989
04.12.2023	1158630
05.12.2023	1197166
06.12.2023	1126986
07.12.2023	1159526
08.12.2023	1182465
09.12.2023	1120555
10.12.2023	1129096
11.12.2023	1087662
12.12.2023	1076667
13.12.2023	1081514
14.12.2023	1157276
15.12.2023	1162222
16.12.2023	1056961
17.12.2023	1081782
18.12.2023	1137970
19.12.2023	1153138
20.12.2023	1246531
21.12.2023	1242003
22.12.2023	1205712
23.12.2023	1122126
24.12.2023	1140411
25.12.2023	1102694
26.12.2023	1116621
27.12.2023	1137685
28.12.2023	1185508
29.12.2023	1110469
30.12.2023	1090893
31.12.2023	1061956
01.01.2024	1101465
02.01.2024	1128657
03.01.2024	1092220
04.01.2024	1116573
05.01.2024	1069386
06.01.2024	994947
07.01.2024	1049831
08.01.2024	1073535
09.01.2024	1079147
10.01.2024	1247106
11.01.2024	1209246
12.01.2024	1209875
13.01.2024	1212202
14.01.2024	1961144
15.01.2024	1154132
16.01.2024	1269778
17.01.2024	1181029
18.01.2024	1204406
19.01.2024	1173934
20.01.2024	1062400
21.01.2024	1119258
22.01.2024	1076456
23.01.2024	1083617
24.01.2024	1080129
25.01.2024	1173711
26.01.2024	1172353
27.01.2024	1147736
28.01.2024	1128211
29.01.2024	1115710
30.01.2024	1190513
31.01.2024	1137621
01.02.2024	1127338
02.02.2024	1108172
03.02.2024	1055053
04.02.2024	1049649
05.02.2024	1120237
06.02.2024	1080846
07.02.2024	1143018
08.02.2024	1052168
09.02.2024	1075272
10.02.2024	1011075
11.02.2024	1027275
12.02.2024	984471
13.02.2024	1102512
14.02.2024	1130569
15.02.2024	1154207
16.02.2024	1179130
17.02.2024	1078511
18.02.2024	1093072
19.02.2024	1147390
20.02.2024	1149756
21.02.2024	1100360
22.02.2024	1082822
23.02.2024	1160126
24.02.2024	1101504
25.02.2024	1102202
26.02.2024	1187460
27.02.2024	1219667
28.02.2024	1227000
29.02.2024	1236852
01.03.2024	1205845
02.03.2024	1210578
03.03.2024	1183019
04.03.2024	1267200
05.03.2024	1303724
06.03.2024	1218992
07.03.2024	1228816
08.03.2024	1212254
09.03.2024	1160185
10.03.2024	1157440
11.03.2024	1245874
12.03.2024	1232719
13.03.2024	1277221
14.03.2024	1300877
15.03.2024	1312102
16.03.2024	1275550
17.03.2024	1204019
18.03.2024	1281387
19.03.2024	1377823
20.03.2024	1371234
21.03.2024	1331729
22.03.2024	1324517
23.03.2024	1297609
24.03.2024	1230758
25.03.2024	1279657
26.03.2024	1315082
27.03.2024	1272273
28.03.2024	1287078
29.03.2024	1304561
30.03.2024	1239801
31.03.2024	1245473
01.04.2024	1245715
02.04.2024	1239577
03.04.2024	1211600
04.04.2024	1234952
05.04.2024	1242174
06.04.2024	1201522
07.04.2024	1177838
08.04.2024	1221235
09.04.2024	1226685
10.04.2024	1208068
11.04.2024	1213672
12.04.2024	1322052
13.04.2024	1162426
14.04.2024	1133064
15.04.2024	1187906
16.04.2024	1178451
17.04.2024	1245968
18.04.2024	1235484
19.04.2024	1182165
20.04.2024	1152540
21.04.2024	1133924
22.04.2024	1178253
23.04.2024	1199365
24.04.2024	1171434
25.04.2024	1186539
26.04.2024	1177416
27.04.2024	1103918
28.04.2024	1140939
29.04.2024	1224677
30.04.2024	1262466
01.05.2024	1206626
02.05.2024	1223696
03.05.2024	1194608
04.05.2024	1163073
05.05.2024	1145911
06.05.2024	1190232
07.05.2024	1231931
08.05.2024	1159221
09.05.2024	1126649
10.05.2024	1154535
11.05.2024	1113685
12.05.2024	1055429
13.05.2024	1163122
14.05.2024	1182521
15.05.2024	1197067
16.05.2024	1218914
17.05.2024	1112590
18.05.2024	1082308
19.05.2024	1022083
20.05.2024	1124081
21.05.2024	1198696
22.05.2024	1188672
23.05.2024	1156304
24.05.2024	1164101
25.05.2024	1157033
26.05.2024	1139013
27.05.2024	1159616
28.05.2024	1105315
29.05.2024	1172771
30.05.2024	1149944
31.05.2024	1175396
01.06.2024	1119675
02.06.2024	1076974
03.06.2024	1152786
04.06.2024	1164380
05.06.2024	1178477
06.06.2024	1154720
07.06.2024	1184232
08.06.2024	1156305
09.06.2024	1142399
10.06.2024	1180168
11.06.2024	1177067
12.06.2024	1224208
13.06.2024	1231037
14.06.2024	1184071
15.06.2024	1137118
16.06.2024	1123092
17.06.2024	2070
